accident_id,city,state,latitude,longitude,date,time,hour,day_of_week,is_weekend,road_type,lanes,traffic_signal,weather,visibility,temperature,traffic_density,cause,accident_severity,vehicles_involved,casualties,is_peak_hour,festival,risk_score
4,Chennai,Tamil Nadu,12.965155,80.283313,2024-01-25,16:00,16,Thursday,0,highway,3,1,clear,high,24,low,distraction,minor,2,1,0,,0.1
17,Chennai,Tamil Nadu,13.161404,80.197819,2023-09-26,21:00,21,Tuesday,0,urban,1,1,fog,low,30,medium,distraction,fatal,5,5,0,,0.65
23,Chennai,Tamil Nadu,12.98416,80.153974,2023-07-26,23:00,23,Wednesday,0,urban,2,0,clear,high,36,medium,distraction,minor,3,2,0,,0.1
26,Chennai,Tamil Nadu,12.964354,80.262971,2024-10-11,13:00,13,Friday,0,urban,6,0,clear,high,39,high,weather,major,1,1,0,,0.3
27,Chennai,Tamil Nadu,13.171632,80.200311,2023-09-05,5:00,5,Tuesday,0,highway,4,1,rain,medium,29,high,weather,minor,1,1,0,,0.45
37,Chennai,Tamil Nadu,12.941766,80.271836,2023-02-19,18:00,18,Sunday,1,highway,5,1,clear,high,32,low,weather,fatal,4,4,1,,0.45
43,Chennai,Tamil Nadu,13.174093,80.150346,2025-01-13,13:00,13,Monday,0,highway,2,1,clear,high,20,low,weather,minor,1,1,0,,0.1
58,Chennai,Tamil Nadu,12.959773,80.153419,2022-06-28,2:00,2,Tuesday,0,urban,1,0,clear,high,31,low,overspeeding,minor,1,0,0,,0.1
59,Chennai,Tamil Nadu,12.985135,80.226248,2025-03-28,23:00,23,Friday,0,rural,2,0,rain,low,25,high,overspeeding,fatal,4,4,0,,0.85
62,Chennai,Tamil Nadu,12.852053,80.121615,2023-05-13,14:00,14,Saturday,1,urban,6,1,rain,medium,27,high,distraction,major,3,1,0,,0.45
63,Chennai,Tamil Nadu,13.017299,80.224813,2024-04-02,0:00,0,Tuesday,0,rural,3,0,fog,low,26,low,overspeeding,major,4,1,0,,0.45
65,Chennai,Tamil Nadu,12.97141,80.197487,2023-12-11,7:00,7,Monday,0,rural,4,1,rain,medium,18,high,drunk driving,major,1,0,0,,0.45
78,Chennai,Tamil Nadu,12.919435,80.207627,2023-03-28,15:00,15,Tuesday,0,urban,2,1,fog,low,27,high,poor road,fatal,5,5,0,,0.85
86,Chennai,Tamil Nadu,12.93952,80.153093,2023-12-07,14:00,14,Thursday,0,rural,2,1,rain,low,25,medium,overspeeding,minor,5,1,0,,0.45
100,Chennai,Tamil Nadu,12.810721,80.19735,2023-08-05,18:00,18,Saturday,1,urban,2,1,fog,low,36,high,poor road,minor,4,2,1,,0.8
108,Chennai,Tamil Nadu,13.10543,80.11737,2023-12-20,4:00,4,Wednesday,0,rural,6,0,clear,high,29,medium,weather,minor,2,1,0,,0.1
112,Chennai,Tamil Nadu,12.812744,80.226751,2022-09-07,20:00,20,Wednesday,0,highway,2,0,fog,low,17,low,drunk driving,major,5,2,0,,0.45
113,Chennai,Tamil Nadu,13.126298,80.273119,2024-07-07,9:00,9,Sunday,1,highway,6,1,clear,high,34,medium,overspeeding,major,4,1,1,,0.25
116,Chennai,Tamil Nadu,12.829772,80.266893,2023-11-23,5:00,5,Thursday,0,rural,3,0,rain,low,24,high,overspeeding,minor,2,1,0,,0.65
124,Chennai,Tamil Nadu,12.917829,80.107956,2022-09-09,0:00,0,Friday,0,highway,6,0,rain,medium,40,high,overspeeding,major,2,0,0,,0.45
126,Chennai,Tamil Nadu,13.023148,80.267046,2023-10-24,22:00,22,Tuesday,0,rural,4,0,clear,high,36,low,distraction,major,3,3,0,,0.1
136,Chennai,Tamil Nadu,12.910539,80.183088,2023-07-08,12:00,12,Saturday,1,highway,5,1,clear,high,28,high,poor road,minor,3,2,0,,0.3
140,Chennai,Tamil Nadu,13.099257,80.226182,2024-09-21,8:00,8,Saturday,1,urban,4,0,rain,low,32,high,poor road,major,1,0,1,,0.8
146,Chennai,Tamil Nadu,13.145041,80.133716,2022-05-06,7:00,7,Friday,0,highway,5,0,fog,low,15,high,weather,major,1,0,0,,0.65
156,Chennai,Tamil Nadu,13.196352,80.138535,2023-02-04,7:00,7,Saturday,1,urban,5,0,fog,low,32,medium,drunk driving,minor,1,1,0,,0.45
157,Chennai,Tamil Nadu,13.152998,80.258685,2024-09-15,22:00,22,Sunday,1,rural,1,0,fog,low,19,high,distraction,major,4,2,0,,0.65
163,Chennai,Tamil Nadu,12.921984,80.115306,2023-03-24,18:00,18,Friday,0,rural,5,1,clear,high,21,medium,poor road,major,5,5,1,,0.25
164,Chennai,Tamil Nadu,12.841819,80.258805,2022-05-06,0:00,0,Friday,0,rural,2,1,rain,low,37,low,drunk driving,minor,4,0,0,,0.45
168,Chennai,Tamil Nadu,12.891896,80.227598,2022-01-21,18:00,18,Friday,0,urban,3,1,clear,high,29,high,poor road,minor,2,1,1,,0.45
170,Chennai,Tamil Nadu,13.057219,80.184551,2022-09-18,6:00,6,Sunday,1,highway,6,1,rain,low,38,medium,drunk driving,fatal,4,4,0,,0.65
202,Chennai,Tamil Nadu,12.894547,80.239536,2025-03-03,3:00,3,Monday,0,highway,6,0,clear,high,22,medium,poor road,minor,2,1,0,,0.1
211,Chennai,Tamil Nadu,12.942775,80.266239,2023-09-11,0:00,0,Monday,0,highway,3,0,fog,low,24,low,distraction,minor,3,2,0,,0.45
214,Chennai,Tamil Nadu,12.861288,80.167097,2022-01-18,2:00,2,Tuesday,0,highway,1,1,rain,low,29,medium,poor road,minor,5,5,0,,0.45
222,Chennai,Tamil Nadu,13.059482,80.132694,2022-12-30,19:00,19,Friday,0,highway,4,0,fog,low,29,high,weather,major,5,4,1,,0.8
226,Chennai,Tamil Nadu,12.931329,80.177908,2024-09-28,22:00,22,Saturday,1,highway,4,1,rain,medium,26,medium,weather,minor,2,0,0,,0.25
227,Chennai,Tamil Nadu,12.931505,80.204867,2023-05-01,18:00,18,Monday,0,rural,2,1,rain,low,28,medium,drunk driving,major,3,2,1,,0.6
228,Chennai,Tamil Nadu,12.826312,80.207278,2022-01-14,3:00,3,Friday,0,urban,6,0,clear,high,35,medium,drunk driving,minor,3,1,0,,0.1
233,Chennai,Tamil Nadu,13.101426,80.265354,2022-11-27,9:00,9,Sunday,1,urban,1,1,rain,low,23,medium,poor road,minor,3,2,1,,0.6
235,Chennai,Tamil Nadu,13.104646,80.294344,2024-05-23,7:00,7,Thursday,0,urban,3,0,fog,low,16,high,drunk driving,major,3,2,0,,0.65
245,Chennai,Tamil Nadu,12.979934,80.258425,2022-06-29,16:00,16,Wednesday,0,rural,3,0,fog,low,28,medium,overspeeding,major,4,2,0,,0.45
252,Chennai,Tamil Nadu,13.07404,80.152144,2022-12-30,20:00,20,Friday,0,rural,3,0,clear,high,28,medium,drunk driving,minor,2,1,0,,0.1
256,Chennai,Tamil Nadu,12.911957,80.196891,2023-05-21,18:00,18,Sunday,1,urban,5,0,rain,medium,40,low,drunk driving,minor,1,1,1,,0.4
266,Chennai,Tamil Nadu,12.968853,80.196115,2024-10-15,1:00,1,Tuesday,0,urban,3,0,fog,low,30,low,poor road,major,3,3,0,,0.45
272,Chennai,Tamil Nadu,13.032356,80.200645,2022-06-01,13:00,13,Wednesday,0,urban,4,0,clear,high,24,low,drunk driving,minor,4,2,0,,0.1
275,Chennai,Tamil Nadu,12.865666,80.225481,2023-12-06,2:00,2,Wednesday,0,rural,1,1,rain,low,30,low,weather,minor,5,3,0,,0.45
276,Chennai,Tamil Nadu,13.125687,80.288644,2022-04-07,14:00,14,Thursday,0,urban,5,0,fog,low,19,high,weather,major,1,0,0,,0.65
293,Chennai,Tamil Nadu,13.030792,80.290558,2023-08-10,9:00,9,Thursday,0,rural,1,0,fog,low,27,medium,distraction,minor,1,0,1,,0.6
304,Chennai,Tamil Nadu,13.158922,80.282375,2022-11-14,9:00,9,Monday,0,urban,3,1,clear,high,25,high,weather,major,1,1,1,,0.45
313,Chennai,Tamil Nadu,13.087316,80.226797,2022-04-26,6:00,6,Tuesday,0,urban,4,1,fog,low,39,medium,poor road,major,1,0,0,,0.45
319,Chennai,Tamil Nadu,12.934717,80.259504,2022-10-04,2:00,2,Tuesday,0,highway,5,1,clear,high,19,high,overspeeding,major,3,3,0,,0.3
324,Chennai,Tamil Nadu,12.865026,80.224187,2025-04-10,21:00,21,Thursday,0,rural,3,1,clear,high,17,low,weather,minor,1,0,0,,0.1
326,Chennai,Tamil Nadu,12.979773,80.125904,2024-11-01,15:00,15,Friday,0,urban,5,1,fog,low,32,low,weather,minor,1,1,0,Diwali,0.55
348,Chennai,Tamil Nadu,12.880956,80.246202,2025-03-21,19:00,19,Friday,0,urban,4,0,fog,low,26,medium,weather,fatal,1,1,1,,0.8
354,Chennai,Tamil Nadu,12.952895,80.171875,2025-01-17,19:00,19,Friday,0,rural,1,1,rain,medium,22,medium,distraction,minor,5,3,1,,0.4
361,Chennai,Tamil Nadu,12.987532,80.20733,2023-09-26,7:00,7,Tuesday,0,highway,3,1,rain,medium,28,high,poor road,major,1,1,0,,0.45
362,Chennai,Tamil Nadu,13.147207,80.153679,2023-03-13,6:00,6,Monday,0,highway,1,1,rain,medium,23,high,weather,minor,4,0,0,,0.45
365,Chennai,Tamil Nadu,13.114273,80.249777,2022-08-28,20:00,20,Sunday,1,urban,5,0,clear,high,40,low,overspeeding,major,3,1,0,,0.1
376,Chennai,Tamil Nadu,13.15716,80.108805,2025-03-19,14:00,14,Wednesday,0,urban,6,1,rain,low,25,high,drunk driving,minor,3,0,0,,0.65
382,Chennai,Tamil Nadu,13.144941,80.121944,2023-09-28,4:00,4,Thursday,0,highway,4,0,fog,low,16,low,drunk driving,minor,5,2,0,,0.45
387,Chennai,Tamil Nadu,12.910369,80.297392,2024-09-21,6:00,6,Saturday,1,urban,4,1,clear,high,23,high,overspeeding,major,1,1,0,,0.3
394,Chennai,Tamil Nadu,13.193579,80.177155,2024-03-01,6:00,6,Friday,0,urban,2,0,clear,high,36,high,weather,major,4,3,0,,0.3
421,Chennai,Tamil Nadu,12.808568,80.17975,2023-11-10,16:00,16,Friday,0,urban,5,1,clear,high,22,medium,distraction,minor,3,3,0,,0.1
422,Chennai,Tamil Nadu,13.171356,80.145615,2022-09-09,5:00,5,Friday,0,rural,5,1,clear,high,40,low,distraction,minor,5,3,0,,0.1
424,Chennai,Tamil Nadu,13.087089,80.113956,2023-04-18,9:00,9,Tuesday,0,urban,3,1,rain,medium,38,high,distraction,minor,4,3,1,,0.6
431,Chennai,Tamil Nadu,12.994972,80.274334,2022-11-03,1:00,1,Thursday,0,highway,1,0,clear,high,23,medium,weather,major,1,0,0,,0.1
433,Chennai,Tamil Nadu,12.822978,80.147682,2022-11-03,1:00,1,Thursday,0,rural,1,0,rain,low,15,medium,distraction,minor,5,4,0,,0.45
445,Chennai,Tamil Nadu,12.929043,80.164165,2023-05-28,0:00,0,Sunday,1,rural,6,1,fog,low,25,low,distraction,minor,5,3,0,,0.45
454,Chennai,Tamil Nadu,12.873824,80.12014,2024-02-12,2:00,2,Monday,0,urban,6,0,clear,high,38,low,distraction,minor,3,2,0,,0.1
455,Chennai,Tamil Nadu,13.125771,80.140205,2022-02-09,23:00,23,Wednesday,0,urban,4,1,rain,medium,15,low,weather,minor,3,3,0,,0.25
463,Chennai,Tamil Nadu,13.109903,80.151201,2022-03-29,19:00,19,Tuesday,0,rural,6,0,rain,medium,21,high,overspeeding,minor,1,1,1,,0.6
468,Chennai,Tamil Nadu,12.988869,80.247665,2023-11-21,20:00,20,Tuesday,0,urban,4,0,fog,low,24,medium,distraction,fatal,5,5,0,,0.65
482,Chennai,Tamil Nadu,12.839362,80.263658,2025-02-05,7:00,7,Wednesday,0,rural,1,0,rain,medium,34,medium,distraction,fatal,2,2,0,,0.45
484,Chennai,Tamil Nadu,13.077407,80.263691,2023-03-05,11:00,11,Sunday,1,urban,3,1,rain,low,28,medium,weather,minor,4,1,0,,0.45
495,Chennai,Tamil Nadu,13.004738,80.164282,2023-11-28,14:00,14,Tuesday,0,rural,2,1,rain,medium,21,medium,weather,minor,5,3,0,,0.25
506,Chennai,Tamil Nadu,12.973499,80.109124,2023-09-28,9:00,9,Thursday,0,highway,1,1,fog,low,37,high,poor road,major,2,1,1,,0.8
517,Chennai,Tamil Nadu,12.855499,80.235898,2025-02-22,4:00,4,Saturday,1,urban,4,0,clear,high,29,low,poor road,fatal,4,4,0,,0.3
523,Chennai,Tamil Nadu,12.885732,80.28941,2023-12-08,22:00,22,Friday,0,urban,6,1,clear,high,26,high,drunk driving,minor,4,2,0,,0.3
532,Chennai,Tamil Nadu,12.817504,80.136037,2022-09-10,17:00,17,Saturday,1,rural,6,1,rain,medium,39,medium,weather,minor,4,4,1,,0.4
538,Chennai,Tamil Nadu,13.038197,80.150161,2022-11-28,5:00,5,Monday,0,urban,4,1,fog,low,40,low,poor road,minor,1,1,0,,0.45
545,Chennai,Tamil Nadu,13.194003,80.175637,2023-08-05,2:00,2,Saturday,1,rural,5,0,rain,low,34,low,distraction,minor,1,1,0,,0.45
559,Chennai,Tamil Nadu,12.82867,80.226388,2025-03-16,14:00,14,Sunday,1,urban,3,1,clear,high,23,low,drunk driving,fatal,5,5,0,,0.3
563,Chennai,Tamil Nadu,13.065036,80.225858,2022-11-23,14:00,14,Wednesday,0,rural,1,1,clear,high,39,high,distraction,minor,3,3,0,,0.3
577,Chennai,Tamil Nadu,13.195316,80.29898,2022-02-02,13:00,13,Wednesday,0,rural,4,0,fog,low,39,high,overspeeding,minor,3,1,0,,0.65
593,Chennai,Tamil Nadu,12.935117,80.189321,2022-03-13,1:00,1,Sunday,1,highway,6,0,fog,low,24,low,poor road,minor,4,0,0,,0.45
613,Chennai,Tamil Nadu,12.860229,80.110222,2024-04-17,9:00,9,Wednesday,0,rural,2,0,fog,low,18,medium,weather,major,3,1,1,,0.6
620,Chennai,Tamil Nadu,12.885873,80.174002,2022-11-03,16:00,16,Thursday,0,urban,6,1,rain,medium,36,low,distraction,minor,2,1,0,,0.25
629,Chennai,Tamil Nadu,12.995703,80.246007,2024-07-14,1:00,1,Sunday,1,urban,6,0,rain,low,33,low,drunk driving,minor,4,4,0,,0.45
634,Chennai,Tamil Nadu,13.121114,80.196258,2023-06-07,8:00,8,Wednesday,0,highway,4,1,clear,high,33,medium,poor road,minor,3,0,1,,0.25
636,Chennai,Tamil Nadu,12.968258,80.278025,2022-03-16,2:00,2,Wednesday,0,highway,4,0,clear,high,30,low,drunk driving,major,3,3,0,,0.1
637,Chennai,Tamil Nadu,13.152644,80.13559,2022-05-12,21:00,21,Thursday,0,urban,1,1,clear,high,32,medium,overspeeding,fatal,1,1,0,,0.3
655,Chennai,Tamil Nadu,12.86041,80.120678,2023-06-24,17:00,17,Saturday,1,rural,3,0,rain,medium,38,medium,overspeeding,major,3,3,1,,0.4
656,Chennai,Tamil Nadu,13.034434,80.287617,2023-07-07,15:00,15,Friday,0,rural,1,0,fog,low,15,high,distraction,minor,5,4,0,,0.65
672,Chennai,Tamil Nadu,13.102428,80.140145,2025-03-21,15:00,15,Friday,0,rural,5,0,clear,high,37,high,weather,minor,3,3,0,,0.3
681,Chennai,Tamil Nadu,13.1071,80.190945,2022-09-10,13:00,13,Saturday,1,rural,2,0,clear,high,29,medium,weather,minor,3,0,0,,0.1
682,Chennai,Tamil Nadu,12.932566,80.18442,2023-08-15,17:00,17,Tuesday,0,highway,1,0,clear,high,16,high,poor road,major,5,3,1,,0.45
687,Chennai,Tamil Nadu,12.80732,80.151435,2023-03-08,2:00,2,Wednesday,0,highway,5,0,rain,low,23,medium,poor road,minor,5,1,0,Holi,0.55
741,Chennai,Tamil Nadu,12.87787,80.223929,2025-03-26,15:00,15,Wednesday,0,rural,1,1,fog,low,22,high,drunk driving,minor,1,0,0,,0.65
757,Chennai,Tamil Nadu,12.990145,80.238815,2024-11-07,3:00,3,Thursday,0,rural,4,1,clear,high,33,low,distraction,minor,3,2,0,,0.1
769,Chennai,Tamil Nadu,12.948178,80.233552,2022-06-03,21:00,21,Friday,0,urban,4,1,rain,low,18,high,distraction,fatal,1,1,0,,0.85
779,Chennai,Tamil Nadu,13.155989,80.182345,2024-06-15,20:00,20,Saturday,1,rural,3,0,clear,high,16,low,overspeeding,fatal,4,4,0,,0.3
782,Chennai,Tamil Nadu,12.964008,80.20961,2024-08-25,21:00,21,Sunday,1,highway,3,1,clear,high,17,high,poor road,minor,3,2,0,,0.3
843,Chennai,Tamil Nadu,13.062713,80.22507,2022-06-22,21:00,21,Wednesday,0,rural,4,0,clear,high,32,high,overspeeding,minor,5,2,0,,0.3
846,Chennai,Tamil Nadu,13.010852,80.286373,2024-11-30,23:00,23,Saturday,1,highway,1,1,fog,low,31,low,distraction,minor,3,1,0,,0.45
867,Chennai,Tamil Nadu,13.121184,80.199072,2023-08-20,15:00,15,Sunday,1,rural,3,1,fog,low,39,low,weather,minor,2,2,0,,0.45
870,Chennai,Tamil Nadu,13.177203,80.230773,2022-09-11,6:00,6,Sunday,1,urban,5,1,rain,medium,19,medium,distraction,major,5,5,0,,0.25
874,Chennai,Tamil Nadu,13.178245,80.237615,2024-12-18,22:00,22,Wednesday,0,highway,2,0,rain,low,18,low,overspeeding,major,3,0,0,,0.45
876,Chennai,Tamil Nadu,13.121059,80.174293,2023-08-26,10:00,10,Saturday,1,rural,6,1,rain,medium,24,high,poor road,major,1,1,1,,0.6
878,Chennai,Tamil Nadu,12.968113,80.224685,2023-01-07,12:00,12,Saturday,1,highway,3,0,fog,low,27,low,distraction,major,5,4,0,,0.45
885,Chennai,Tamil Nadu,12.869088,80.124342,2023-07-27,8:00,8,Thursday,0,urban,1,1,rain,medium,39,high,distraction,major,2,2,1,,0.6
898,Chennai,Tamil Nadu,13.122343,80.263315,2023-09-03,19:00,19,Sunday,1,urban,3,0,rain,low,32,high,weather,minor,5,5,1,,0.8
899,Chennai,Tamil Nadu,13.103667,80.23097,2022-02-11,10:00,10,Friday,0,urban,1,0,fog,low,40,medium,overspeeding,minor,4,1,1,,0.6
901,Chennai,Tamil Nadu,13.033398,80.120058,2024-05-21,23:00,23,Tuesday,0,urban,2,1,rain,low,33,medium,overspeeding,minor,5,1,0,,0.45
914,Chennai,Tamil Nadu,13.016902,80.196833,2023-04-11,7:00,7,Tuesday,0,highway,5,0,fog,low,21,low,drunk driving,fatal,5,5,0,,0.65
921,Chennai,Tamil Nadu,13.145444,80.154342,2024-10-10,17:00,17,Thursday,0,highway,2,0,clear,high,27,medium,poor road,major,4,1,1,,0.25
922,Chennai,Tamil Nadu,12.910988,80.218927,2024-08-02,21:00,21,Friday,0,rural,3,1,fog,low,27,high,distraction,minor,1,1,0,,0.65
926,Chennai,Tamil Nadu,12.844104,80.274743,2022-04-28,0:00,0,Thursday,0,urban,4,1,rain,medium,17,medium,overspeeding,major,1,0,0,,0.25
931,Chennai,Tamil Nadu,13.007451,80.178109,2023-12-11,13:00,13,Monday,0,rural,4,0,fog,low,36,medium,drunk driving,major,3,0,0,,0.45
939,Chennai,Tamil Nadu,12.93409,80.168384,2022-04-01,19:00,19,Friday,0,urban,2,0,rain,low,16,high,overspeeding,fatal,3,3,1,,1.0
940,Chennai,Tamil Nadu,12.869936,80.153265,2024-06-24,4:00,4,Monday,0,highway,6,1,clear,high,40,low,weather,major,3,2,0,,0.1
942,Chennai,Tamil Nadu,12.853686,80.188687,2023-11-06,0:00,0,Monday,0,urban,3,0,rain,medium,20,high,weather,minor,5,5,0,,0.45
957,Chennai,Tamil Nadu,12.898188,80.15184,2023-05-25,18:00,18,Thursday,0,rural,6,1,rain,medium,26,high,overspeeding,minor,1,1,1,,0.6
961,Chennai,Tamil Nadu,13.080223,80.245501,2024-01-25,16:00,16,Thursday,0,urban,3,0,clear,high,27,high,drunk driving,minor,1,1,0,,0.3
966,Chennai,Tamil Nadu,12.888951,80.260139,2023-11-13,14:00,14,Monday,0,highway,3,0,fog,low,39,high,poor road,fatal,1,1,0,,0.85
967,Chennai,Tamil Nadu,13.068834,80.22901,2024-04-26,6:00,6,Friday,0,urban,6,0,fog,low,18,high,poor road,minor,1,1,0,,0.65
973,Chennai,Tamil Nadu,12.885642,80.167902,2022-11-14,4:00,4,Monday,0,highway,3,0,clear,high,26,low,drunk driving,minor,3,3,0,,0.1
977,Chennai,Tamil Nadu,13.046156,80.156044,2024-05-09,2:00,2,Thursday,0,highway,3,0,fog,low,17,low,weather,minor,5,3,0,,0.45
989,Chennai,Tamil Nadu,13.101136,80.130029,2023-09-20,20:00,20,Wednesday,0,highway,3,0,rain,low,34,low,weather,minor,2,1,0,,0.45
992,Chennai,Tamil Nadu,13.1682,80.141954,2023-03-12,1:00,1,Sunday,1,rural,3,1,rain,medium,36,medium,distraction,minor,5,1,0,,0.25
998,Chennai,Tamil Nadu,12.885827,80.187077,2024-04-24,7:00,7,Wednesday,0,highway,1,0,fog,low,30,low,distraction,fatal,5,5,0,,0.65
999,Chennai,Tamil Nadu,12.931046,80.165453,2023-06-07,2:00,2,Wednesday,0,highway,6,1,clear,high,27,low,overspeeding,fatal,2,2,0,,0.3
1001,Chennai,Tamil Nadu,13.105252,80.289928,2023-06-28,21:00,21,Wednesday,0,highway,4,0,clear,high,23,medium,weather,fatal,3,3,0,,0.3
1003,Chennai,Tamil Nadu,13.132402,80.2171,2022-10-17,17:00,17,Monday,0,rural,1,0,rain,medium,28,high,poor road,minor,2,1,1,,0.6
1014,Chennai,Tamil Nadu,12.863699,80.222965,2024-05-25,9:00,9,Saturday,1,rural,4,0,clear,high,36,high,poor road,minor,2,0,1,,0.45
1018,Chennai,Tamil Nadu,12.815252,80.242129,2022-01-29,15:00,15,Saturday,1,urban,6,1,rain,medium,26,medium,overspeeding,fatal,3,3,0,,0.45
1019,Chennai,Tamil Nadu,12.924742,80.254927,2025-01-12,13:00,13,Sunday,1,rural,2,1,fog,low,21,high,weather,minor,4,2,0,,0.65
1021,Chennai,Tamil Nadu,12.872674,80.164163,2023-12-06,15:00,15,Wednesday,0,urban,5,1,fog,low,28,medium,poor road,minor,2,0,0,,0.45
1024,Chennai,Tamil Nadu,12.824106,80.168157,2023-04-25,20:00,20,Tuesday,0,urban,6,1,clear,high,21,low,overspeeding,minor,1,1,0,,0.1
1026,Chennai,Tamil Nadu,12.862118,80.250096,2023-07-26,23:00,23,Wednesday,0,highway,5,1,clear,high,27,high,weather,major,5,1,0,,0.3
1040,Chennai,Tamil Nadu,13.050105,80.250811,2022-08-22,23:00,23,Monday,0,highway,5,1,fog,low,28,low,poor road,fatal,1,1,0,,0.65
1041,Chennai,Tamil Nadu,13.0234,80.18927,2022-07-27,10:00,10,Wednesday,0,urban,5,0,fog,low,19,high,overspeeding,minor,5,0,1,,0.8
1047,Chennai,Tamil Nadu,13.104355,80.283238,2024-05-14,0:00,0,Tuesday,0,highway,1,0,fog,low,17,medium,distraction,minor,5,3,0,,0.45
1056,Chennai,Tamil Nadu,12.947432,80.221219,2022-02-14,21:00,21,Monday,0,urban,4,0,clear,high,25,high,weather,major,1,0,0,,0.3
1057,Chennai,Tamil Nadu,12.9592,80.247434,2024-11-19,2:00,2,Tuesday,0,rural,4,0,rain,low,22,low,weather,minor,4,4,0,,0.45
1065,Chennai,Tamil Nadu,13.126374,80.232932,2022-06-15,19:00,19,Wednesday,0,urban,2,1,clear,high,25,high,distraction,minor,5,3,1,,0.45
1066,Chennai,Tamil Nadu,13.134495,80.230798,2024-04-24,22:00,22,Wednesday,0,urban,3,1,clear,high,15,high,poor road,minor,2,2,0,,0.3
1067,Chennai,Tamil Nadu,12.925445,80.229567,2023-05-10,12:00,12,Wednesday,0,urban,5,0,clear,high,24,high,drunk driving,major,2,1,0,,0.3
1076,Chennai,Tamil Nadu,12.859974,80.13642,2022-04-07,19:00,19,Thursday,0,urban,1,0,rain,medium,29,medium,weather,fatal,5,5,1,,0.6
1084,Chennai,Tamil Nadu,12.912737,80.173525,2024-12-09,8:00,8,Monday,0,urban,1,0,clear,high,32,high,drunk driving,fatal,2,2,1,,0.65
1085,Chennai,Tamil Nadu,13.07201,80.27389,2023-01-11,13:00,13,Wednesday,0,rural,2,0,fog,low,24,high,overspeeding,minor,5,4,0,,0.65
1095,Chennai,Tamil Nadu,12.812323,80.16859,2024-12-23,12:00,12,Monday,0,urban,3,0,fog,low,38,low,poor road,major,4,3,0,,0.45
1108,Chennai,Tamil Nadu,13.085771,80.161597,2024-08-26,2:00,2,Monday,0,urban,1,1,fog,low,28,low,poor road,major,4,2,0,,0.45
1113,Chennai,Tamil Nadu,13.153851,80.222886,2022-06-08,19:00,19,Wednesday,0,highway,5,1,fog,low,37,high,overspeeding,minor,4,4,1,,0.8
1114,Chennai,Tamil Nadu,13.121948,80.115833,2022-02-22,2:00,2,Tuesday,0,highway,4,0,fog,low,40,low,weather,minor,5,2,0,,0.45
1119,Chennai,Tamil Nadu,12.919597,80.153443,2022-06-14,3:00,3,Tuesday,0,urban,2,0,fog,low,30,high,weather,fatal,4,4,0,,0.85
1120,Chennai,Tamil Nadu,13.032794,80.212157,2024-05-20,0:00,0,Monday,0,rural,2,0,clear,high,17,low,weather,major,2,0,0,,0.1
1150,Chennai,Tamil Nadu,13.113592,80.299163,2022-11-25,10:00,10,Friday,0,highway,2,1,rain,medium,23,medium,weather,minor,1,0,1,,0.4
1154,Chennai,Tamil Nadu,12.866343,80.196234,2023-03-17,5:00,5,Friday,0,urban,5,0,rain,medium,30,medium,distraction,minor,2,0,0,,0.25
1166,Chennai,Tamil Nadu,13.139816,80.164193,2025-02-04,1:00,1,Tuesday,0,urban,3,1,rain,low,29,medium,overspeeding,minor,5,5,0,,0.45
1187,Chennai,Tamil Nadu,12.82502,80.180172,2022-06-22,3:00,3,Wednesday,0,urban,1,0,rain,medium,19,high,distraction,minor,5,2,0,,0.45
1189,Chennai,Tamil Nadu,12.871585,80.233698,2022-12-31,19:00,19,Saturday,1,urban,2,0,clear,high,35,high,overspeeding,minor,2,0,1,,0.45
1201,Chennai,Tamil Nadu,12.974196,80.262335,2023-04-18,23:00,23,Tuesday,0,highway,4,0,rain,low,39,high,distraction,fatal,5,5,0,,0.85
1202,Chennai,Tamil Nadu,13.029198,80.168271,2024-04-13,13:00,13,Saturday,1,highway,4,0,clear,high,32,high,overspeeding,minor,3,3,0,,0.3
1211,Chennai,Tamil Nadu,13.04075,80.235901,2024-03-17,9:00,9,Sunday,1,rural,1,1,rain,medium,17,high,poor road,major,2,0,1,,0.6
1216,Chennai,Tamil Nadu,13.127776,80.222476,2024-12-05,1:00,1,Thursday,0,rural,6,1,fog,low,39,medium,poor road,minor,4,0,0,,0.45
1220,Chennai,Tamil Nadu,12.891178,80.14983,2025-01-24,14:00,14,Friday,0,urban,2,1,clear,high,26,low,weather,minor,3,3,0,,0.1
1221,Chennai,Tamil Nadu,13.069127,80.267634,2023-07-09,8:00,8,Sunday,1,highway,5,1,rain,low,40,high,overspeeding,fatal,1,1,1,,1.0
1232,Chennai,Tamil Nadu,12.90234,80.177051,2025-01-21,12:00,12,Tuesday,0,rural,3,0,clear,high,20,medium,overspeeding,major,4,0,0,,0.1
1235,Chennai,Tamil Nadu,13.124944,80.175219,2022-11-21,15:00,15,Monday,0,urban,5,1,clear,high,29,low,overspeeding,major,2,1,0,,0.1
1253,Chennai,Tamil Nadu,12.873977,80.170854,2022-01-02,6:00,6,Sunday,1,urban,1,0,rain,medium,18,high,overspeeding,minor,5,5,0,,0.45
1264,Chennai,Tamil Nadu,13.058188,80.211724,2025-01-27,12:00,12,Monday,0,rural,2,1,rain,low,23,medium,weather,major,3,2,0,,0.45
1268,Chennai,Tamil Nadu,12.824737,80.131002,2022-09-01,0:00,0,Thursday,0,rural,6,0,fog,low,35,low,weather,major,2,0,0,,0.45
1269,Chennai,Tamil Nadu,13.164131,80.133463,2024-06-24,22:00,22,Monday,0,rural,6,1,clear,high,19,medium,drunk driving,minor,1,1,0,,0.1
1275,Chennai,Tamil Nadu,12.910297,80.204532,2023-08-27,6:00,6,Sunday,1,rural,2,0,fog,low,28,low,distraction,minor,2,2,0,,0.45
1284,Chennai,Tamil Nadu,13.10602,80.241722,2024-05-29,18:00,18,Wednesday,0,rural,4,1,clear,high,25,high,overspeeding,major,5,1,1,,0.45
1321,Chennai,Tamil Nadu,13.079539,80.290415,2024-08-10,12:00,12,Saturday,1,highway,6,1,clear,high,18,low,overspeeding,major,2,0,0,,0.1
1332,Chennai,Tamil Nadu,12.990756,80.164036,2023-01-14,23:00,23,Saturday,1,highway,2,0,rain,medium,30,low,weather,major,3,3,0,,0.25
1358,Chennai,Tamil Nadu,13.104089,80.225617,2025-04-11,6:00,6,Friday,0,rural,2,0,rain,low,29,medium,weather,major,4,2,0,,0.45
1360,Chennai,Tamil Nadu,13.16312,80.183735,2024-06-22,4:00,4,Saturday,1,rural,6,0,fog,low,15,low,poor road,minor,1,0,0,,0.45
1377,Chennai,Tamil Nadu,12.999216,80.280452,2022-04-29,5:00,5,Friday,0,rural,3,0,fog,low,19,low,drunk driving,major,5,2,0,,0.45
1378,Chennai,Tamil Nadu,12.802955,80.18015,2024-10-19,14:00,14,Saturday,1,rural,6,0,rain,medium,30,low,drunk driving,minor,5,2,0,,0.25
1392,Chennai,Tamil Nadu,12.953383,80.150248,2023-06-25,6:00,6,Sunday,1,highway,6,0,clear,high,20,low,weather,major,4,1,0,,0.1
1405,Chennai,Tamil Nadu,12.886001,80.171634,2024-05-14,6:00,6,Tuesday,0,rural,2,0,rain,low,33,low,overspeeding,fatal,3,3,0,,0.65
1425,Chennai,Tamil Nadu,13.030911,80.129662,2024-12-22,23:00,23,Sunday,1,rural,1,1,rain,medium,26,medium,distraction,major,5,3,0,,0.25
1431,Chennai,Tamil Nadu,13.036749,80.243384,2022-06-10,23:00,23,Friday,0,urban,2,1,rain,low,40,low,weather,major,4,1,0,,0.45
1432,Chennai,Tamil Nadu,12.900778,80.288994,2022-08-04,12:00,12,Thursday,0,urban,5,1,clear,high,27,medium,weather,major,4,4,0,,0.1
1446,Chennai,Tamil Nadu,12.889813,80.170269,2022-04-15,0:00,0,Friday,0,highway,6,1,fog,low,29,medium,poor road,minor,3,0,0,,0.45
1449,Chennai,Tamil Nadu,13.039999,80.226995,2023-10-02,21:00,21,Monday,0,highway,1,1,rain,medium,25,high,poor road,major,2,0,0,,0.45
1461,Chennai,Tamil Nadu,13.071647,80.107273,2024-11-11,23:00,23,Monday,0,urban,5,1,fog,low,38,high,distraction,minor,1,0,0,,0.65
1481,Chennai,Tamil Nadu,13.149879,80.255234,2022-04-04,17:00,17,Monday,0,highway,1,1,clear,high,16,medium,distraction,minor,3,3,1,,0.25
1526,Chennai,Tamil Nadu,13.172703,80.138354,2025-01-21,7:00,7,Tuesday,0,urban,5,1,clear,high,20,low,poor road,minor,5,5,0,,0.1
1535,Chennai,Tamil Nadu,12.833999,80.299465,2024-05-18,17:00,17,Saturday,1,rural,3,0,rain,medium,39,high,distraction,minor,4,3,1,,0.6
1541,Chennai,Tamil Nadu,12.904701,80.128434,2024-07-24,14:00,14,Wednesday,0,highway,6,0,fog,low,22,low,poor road,minor,3,3,0,,0.45
1544,Chennai,Tamil Nadu,13.062244,80.117455,2023-08-12,19:00,19,Saturday,1,highway,6,1,rain,low,31,high,overspeeding,major,1,1,1,,0.8
1546,Chennai,Tamil Nadu,12.865325,80.174861,2024-07-14,17:00,17,Sunday,1,rural,1,0,fog,low,30,low,poor road,minor,4,3,1,,0.6
1564,Chennai,Tamil Nadu,13.023442,80.159728,2025-04-08,7:00,7,Tuesday,0,highway,5,1,fog,low,26,high,overspeeding,minor,5,4,0,,0.65
1576,Chennai,Tamil Nadu,12.852895,80.146839,2024-06-20,17:00,17,Thursday,0,rural,6,1,fog,low,36,high,overspeeding,major,4,0,1,,0.8
1580,Chennai,Tamil Nadu,12.952884,80.217683,2022-01-02,9:00,9,Sunday,1,urban,6,0,rain,low,30,high,weather,minor,3,3,1,,0.8
1591,Chennai,Tamil Nadu,13.117455,80.194828,2023-12-25,9:00,9,Monday,0,urban,4,1,clear,high,39,low,drunk driving,minor,1,1,1,,0.25
1592,Chennai,Tamil Nadu,13.073761,80.153664,2022-12-04,3:00,3,Sunday,1,highway,3,1,rain,medium,16,high,drunk driving,minor,1,1,0,,0.45
1598,Chennai,Tamil Nadu,12.941818,80.265391,2022-04-16,14:00,14,Saturday,1,highway,3,0,clear,high,36,low,distraction,major,3,3,0,,0.1
1599,Chennai,Tamil Nadu,12.872623,80.29819,2024-05-07,22:00,22,Tuesday,0,rural,1,1,clear,high,37,high,drunk driving,minor,1,0,0,,0.3
1613,Chennai,Tamil Nadu,12.857413,80.150105,2022-10-04,8:00,8,Tuesday,0,urban,5,0,clear,high,34,low,drunk driving,fatal,5,5,1,,0.45
1619,Chennai,Tamil Nadu,12.912869,80.174888,2024-11-12,3:00,3,Tuesday,0,urban,3,0,fog,low,24,low,weather,minor,2,0,0,,0.45
1623,Chennai,Tamil Nadu,12.91542,80.168664,2023-04-03,0:00,0,Monday,0,highway,3,1,fog,low,39,low,weather,minor,3,2,0,,0.45
1633,Chennai,Tamil Nadu,12.985334,80.241761,2022-01-28,9:00,9,Friday,0,urban,3,1,rain,medium,37,high,distraction,major,4,3,1,,0.6
1647,Chennai,Tamil Nadu,13.163624,80.290835,2023-07-17,5:00,5,Monday,0,urban,2,0,rain,low,23,low,weather,major,5,5,0,,0.45
1656,Chennai,Tamil Nadu,13.017174,80.118194,2024-10-02,11:00,11,Wednesday,0,urban,5,1,rain,medium,39,high,weather,fatal,5,5,0,,0.65
1658,Chennai,Tamil Nadu,12.804156,80.174845,2025-02-28,12:00,12,Friday,0,urban,3,0,fog,low,39,medium,overspeeding,minor,3,2,0,,0.45
1662,Chennai,Tamil Nadu,12.832497,80.256613,2023-04-27,4:00,4,Thursday,0,rural,4,0,rain,medium,25,low,poor road,fatal,4,4,0,,0.45
1663,Chennai,Tamil Nadu,12.820997,80.143515,2024-08-23,15:00,15,Friday,0,rural,5,0,clear,high,39,low,poor road,major,1,1,0,,0.1
1669,Chennai,Tamil Nadu,12.975961,80.243145,2024-08-21,0:00,0,Wednesday,0,highway,1,1,clear,high,20,high,poor road,minor,1,1,0,,0.3
1680,Chennai,Tamil Nadu,12.973798,80.263565,2023-11-28,19:00,19,Tuesday,0,urban,1,0,clear,high,21,high,overspeeding,minor,3,1,1,,0.45
1681,Chennai,Tamil Nadu,12.886631,80.227444,2025-02-05,11:00,11,Wednesday,0,urban,2,1,clear,high,23,medium,overspeeding,major,5,3,0,,0.1
1698,Chennai,Tamil Nadu,13.124754,80.18175,2023-03-10,23:00,23,Friday,0,urban,5,0,rain,medium,21,high,weather,minor,1,0,0,,0.45
1705,Chennai,Tamil Nadu,13.184077,80.237855,2022-07-29,1:00,1,Friday,0,urban,5,1,rain,medium,29,low,poor road,minor,5,4,0,,0.25
1725,Chennai,Tamil Nadu,12.964832,80.215799,2022-06-23,22:00,22,Thursday,0,highway,6,1,clear,high,34,high,drunk driving,fatal,4,4,0,,0.5
1734,Chennai,Tamil Nadu,13.064529,80.124595,2022-06-14,19:00,19,Tuesday,0,highway,1,0,fog,low,30,low,weather,minor,4,4,1,,0.6
1736,Chennai,Tamil Nadu,13.056486,80.108545,2022-08-07,6:00,6,Sunday,1,highway,3,0,clear,high,38,medium,drunk driving,major,5,3,0,,0.1
1786,Chennai,Tamil Nadu,13.087733,80.105714,2023-01-15,11:00,11,Sunday,1,rural,5,1,rain,medium,16,low,overspeeding,minor,1,0,0,,0.25
1787,Chennai,Tamil Nadu,12.800331,80.172707,2022-09-13,6:00,6,Tuesday,0,highway,1,1,clear,high,39,medium,weather,major,5,5,0,,0.1
1788,Chennai,Tamil Nadu,12.993764,80.252691,2022-01-08,16:00,16,Saturday,1,urban,1,0,fog,low,16,medium,distraction,fatal,4,4,0,,0.65
1798,Chennai,Tamil Nadu,13.091225,80.155214,2023-04-13,0:00,0,Thursday,0,rural,2,0,clear,high,31,low,overspeeding,minor,5,0,0,,0.1
1833,Chennai,Tamil Nadu,13.130428,80.264176,2023-09-25,12:00,12,Monday,0,rural,5,0,clear,high,28,high,weather,fatal,5,5,0,,0.5
1840,Chennai,Tamil Nadu,13.11856,80.221476,2023-02-17,11:00,11,Friday,0,rural,6,0,fog,low,24,medium,drunk driving,minor,5,4,0,,0.45
1841,Chennai,Tamil Nadu,12.874258,80.213865,2024-11-08,12:00,12,Friday,0,urban,3,0,rain,low,19,medium,weather,minor,4,0,0,,0.45
1847,Chennai,Tamil Nadu,12.984423,80.146295,2022-12-12,22:00,22,Monday,0,rural,2,0,fog,low,25,low,weather,minor,2,2,0,,0.45
1851,Chennai,Tamil Nadu,13.087965,80.181664,2022-05-16,11:00,11,Monday,0,highway,1,1,clear,high,28,low,weather,major,5,4,0,,0.1
1853,Chennai,Tamil Nadu,13.094486,80.278522,2023-02-03,18:00,18,Friday,0,rural,3,1,clear,high,32,high,weather,minor,4,3,1,,0.45
1865,Chennai,Tamil Nadu,13.159472,80.18306,2023-09-16,10:00,10,Saturday,1,urban,3,1,clear,high,27,high,distraction,fatal,2,2,1,,0.65
1869,Chennai,Tamil Nadu,13.184877,80.180381,2022-01-11,23:00,23,Tuesday,0,rural,4,1,fog,low,32,high,distraction,major,4,0,0,,0.65
1888,Chennai,Tamil Nadu,12.831183,80.13847,2023-08-03,9:00,9,Thursday,0,rural,5,0,clear,high,20,high,distraction,minor,5,1,1,,0.45
1894,Chennai,Tamil Nadu,12.915393,80.1335,2023-12-15,4:00,4,Friday,0,rural,1,1,fog,low,32,low,poor road,fatal,4,4,0,,0.65
1895,Chennai,Tamil Nadu,13.178928,80.253025,2022-12-11,16:00,16,Sunday,1,highway,2,1,fog,low,32,medium,weather,major,5,4,0,,0.45
1909,Chennai,Tamil Nadu,13.15515,80.176578,2022-12-02,9:00,9,Friday,0,urban,5,1,rain,medium,33,medium,overspeeding,minor,5,2,1,,0.4
1925,Chennai,Tamil Nadu,13.091178,80.120332,2024-06-15,21:00,21,Saturday,1,urban,3,1,rain,low,26,medium,overspeeding,fatal,4,4,0,,0.65
1928,Chennai,Tamil Nadu,13.133817,80.247453,2022-03-07,8:00,8,Monday,0,rural,6,1,fog,low,37,low,drunk driving,minor,4,0,1,,0.6
1932,Chennai,Tamil Nadu,12.943777,80.140845,2024-10-01,17:00,17,Tuesday,0,rural,1,0,rain,low,22,low,poor road,minor,5,3,1,,0.6
1937,Chennai,Tamil Nadu,13.150376,80.129118,2022-01-19,1:00,1,Wednesday,0,rural,5,0,clear,high,40,low,overspeeding,minor,3,0,0,,0.1
1947,Chennai,Tamil Nadu,12.887356,80.28566,2022-07-11,1:00,1,Monday,0,urban,2,0,fog,low,21,medium,weather,minor,4,0,0,,0.45
1948,Chennai,Tamil Nadu,13.045885,80.132065,2023-10-17,15:00,15,Tuesday,0,rural,4,1,clear,high,35,medium,overspeeding,minor,2,2,0,,0.1
1959,Chennai,Tamil Nadu,12.850497,80.230316,2024-10-26,5:00,5,Saturday,1,rural,5,0,fog,low,20,low,overspeeding,major,5,5,0,,0.45
1962,Chennai,Tamil Nadu,12.904146,80.203999,2024-06-29,14:00,14,Saturday,1,highway,5,0,fog,low,34,medium,poor road,major,2,2,0,,0.45
1969,Chennai,Tamil Nadu,12.873027,80.243677,2024-10-03,13:00,13,Thursday,0,urban,6,1,rain,medium,18,low,drunk driving,major,1,1,0,,0.25
1980,Chennai,Tamil Nadu,13.165022,80.110241,2024-07-19,4:00,4,Friday,0,rural,5,1,clear,high,37,low,weather,minor,2,2,0,,0.1
1987,Chennai,Tamil Nadu,13.073111,80.143818,2024-11-19,5:00,5,Tuesday,0,highway,4,0,clear,high,39,medium,distraction,major,1,0,0,,0.1
1988,Chennai,Tamil Nadu,12.954687,80.122731,2022-08-19,0:00,0,Friday,0,urban,3,1,rain,medium,40,low,poor road,fatal,1,1,0,,0.45
1990,Chennai,Tamil Nadu,12.892055,80.122731,2025-02-11,2:00,2,Tuesday,0,highway,1,0,clear,high,37,low,drunk driving,minor,5,2,0,,0.1
2002,Chennai,Tamil Nadu,12.860095,80.242405,2022-07-07,23:00,23,Thursday,0,urban,2,1,clear,high,18,medium,weather,minor,3,0,0,,0.1
2010,Chennai,Tamil Nadu,13.08094,80.147151,2023-06-26,21:00,21,Monday,0,urban,6,0,clear,high,32,medium,distraction,major,3,1,0,,0.1
2013,Chennai,Tamil Nadu,12.81285,80.123366,2024-05-19,1:00,1,Sunday,1,rural,3,0,clear,high,25,low,distraction,minor,3,1,0,,0.1
2018,Chennai,Tamil Nadu,13.177533,80.15272,2025-03-06,6:00,6,Thursday,0,rural,1,1,fog,low,39,medium,poor road,minor,5,4,0,,0.45
2062,Chennai,Tamil Nadu,13.118581,80.15622,2024-05-07,14:00,14,Tuesday,0,urban,2,1,fog,low,38,low,drunk driving,fatal,2,2,0,,0.65
2081,Chennai,Tamil Nadu,13.160877,80.217073,2025-03-19,6:00,6,Wednesday,0,rural,4,1,fog,low,16,high,drunk driving,minor,2,2,0,,0.65
2082,Chennai,Tamil Nadu,13.101163,80.246818,2023-12-21,12:00,12,Thursday,0,urban,2,0,rain,medium,28,high,poor road,major,3,3,0,,0.45
2091,Chennai,Tamil Nadu,12.961216,80.143204,2024-10-02,21:00,21,Wednesday,0,urban,1,0,clear,high,26,low,drunk driving,minor,1,1,0,,0.1
2092,Chennai,Tamil Nadu,12.863459,80.189853,2024-05-02,9:00,9,Thursday,0,rural,3,1,clear,high,33,high,distraction,minor,1,1,1,,0.45
2098,Chennai,Tamil Nadu,13.116273,80.146533,2024-04-20,20:00,20,Saturday,1,rural,3,0,fog,low,28,medium,weather,minor,2,1,0,,0.45
2111,Chennai,Tamil Nadu,13.14766,80.239653,2022-05-14,15:00,15,Saturday,1,urban,6,0,fog,low,18,medium,drunk driving,minor,1,0,0,,0.45
2124,Chennai,Tamil Nadu,12.903102,80.241634,2022-05-29,11:00,11,Sunday,1,urban,6,0,clear,high,15,high,weather,major,3,0,0,,0.3
2126,Chennai,Tamil Nadu,12.95703,80.195474,2023-06-25,11:00,11,Sunday,1,highway,3,1,fog,low,40,medium,distraction,minor,2,2,0,,0.45
2127,Chennai,Tamil Nadu,12.866195,80.106558,2023-02-27,4:00,4,Monday,0,urban,5,0,fog,low,31,low,distraction,minor,2,1,0,,0.45
2133,Chennai,Tamil Nadu,12.885723,80.240431,2023-01-02,17:00,17,Monday,0,highway,5,1,fog,low,20,high,overspeeding,minor,4,2,1,,0.8
2138,Chennai,Tamil Nadu,12.875038,80.258345,2024-04-22,20:00,20,Monday,0,highway,2,0,clear,high,35,high,weather,minor,2,2,0,,0.3
2150,Chennai,Tamil Nadu,13.104747,80.198658,2023-01-03,15:00,15,Tuesday,0,urban,5,1,rain,medium,37,low,distraction,minor,2,0,0,,0.25
2153,Chennai,Tamil Nadu,12.939528,80.272917,2022-10-01,11:00,11,Saturday,1,rural,6,1,fog,low,25,medium,distraction,major,3,2,0,,0.45
2155,Chennai,Tamil Nadu,13.180099,80.101531,2022-11-06,19:00,19,Sunday,1,rural,6,0,fog,low,37,low,distraction,major,5,5,1,,0.6
2157,Chennai,Tamil Nadu,12.946222,80.113415,2022-08-15,15:00,15,Monday,0,urban,3,1,rain,medium,31,high,drunk driving,minor,4,3,0,,0.45
2159,Chennai,Tamil Nadu,12.896898,80.231358,2023-08-31,20:00,20,Thursday,0,urban,2,0,clear,high,37,medium,weather,minor,4,4,0,,0.1
2167,Chennai,Tamil Nadu,13.175449,80.13624,2023-08-23,9:00,9,Wednesday,0,highway,6,1,fog,low,24,high,overspeeding,major,3,0,1,,0.8
2192,Chennai,Tamil Nadu,12.964527,80.187314,2023-11-20,15:00,15,Monday,0,urban,6,1,rain,medium,37,medium,distraction,minor,2,0,0,,0.25
2196,Chennai,Tamil Nadu,12.933043,80.154737,2025-02-25,12:00,12,Tuesday,0,highway,5,0,rain,low,26,low,overspeeding,minor,4,2,0,,0.45
2201,Chennai,Tamil Nadu,13.18411,80.143003,2022-04-13,18:00,18,Wednesday,0,highway,3,1,fog,low,38,high,overspeeding,fatal,4,4,1,,1.0
2213,Chennai,Tamil Nadu,12.929805,80.123724,2023-03-17,17:00,17,Friday,0,urban,3,0,fog,low,20,high,poor road,fatal,2,2,1,,1.0
2220,Chennai,Tamil Nadu,13.027855,80.179502,2024-10-14,17:00,17,Monday,0,highway,2,1,fog,low,31,high,poor road,minor,3,1,1,,0.8
2236,Chennai,Tamil Nadu,12.860881,80.110511,2025-01-26,7:00,7,Sunday,1,rural,1,0,fog,low,16,high,overspeeding,minor,5,0,0,,0.65
2239,Chennai,Tamil Nadu,13.056918,80.294864,2024-01-21,23:00,23,Sunday,1,highway,2,1,clear,high,15,low,weather,minor,5,4,0,,0.1
2242,Chennai,Tamil Nadu,13.096338,80.170412,2022-05-21,8:00,8,Saturday,1,rural,3,1,clear,high,29,medium,distraction,minor,5,5,1,,0.25
2251,Chennai,Tamil Nadu,12.818068,80.117959,2022-03-23,16:00,16,Wednesday,0,highway,6,1,clear,high,38,high,poor road,major,5,0,0,,0.3
2252,Chennai,Tamil Nadu,12.990661,80.299722,2025-01-27,10:00,10,Monday,0,highway,5,0,rain,medium,29,high,distraction,minor,4,2,1,,0.6
2255,Chennai,Tamil Nadu,13.042058,80.148231,2022-03-24,8:00,8,Thursday,0,rural,2,1,fog,low,31,high,distraction,minor,1,0,1,,0.8
2272,Chennai,Tamil Nadu,12.842078,80.137613,2023-12-15,13:00,13,Friday,0,urban,6,0,rain,low,29,medium,distraction,minor,3,0,0,,0.45
2274,Chennai,Tamil Nadu,12.851092,80.2815,2024-12-16,12:00,12,Monday,0,urban,6,0,clear,high,21,high,weather,minor,4,3,0,,0.3
2281,Chennai,Tamil Nadu,13.132439,80.247215,2024-07-31,8:00,8,Wednesday,0,urban,5,1,clear,high,22,high,drunk driving,fatal,1,1,1,,0.65
2286,Chennai,Tamil Nadu,12.945712,80.191529,2023-07-06,7:00,7,Thursday,0,urban,3,1,rain,medium,34,low,distraction,minor,5,1,0,,0.25
2287,Chennai,Tamil Nadu,12.964005,80.157435,2025-03-02,8:00,8,Sunday,1,highway,6,1,fog,low,18,medium,distraction,minor,2,0,1,,0.6
2309,Chennai,Tamil Nadu,12.953365,80.262988,2023-01-19,6:00,6,Thursday,0,highway,4,1,clear,high,28,medium,overspeeding,minor,4,3,0,,0.1
2310,Chennai,Tamil Nadu,13.162541,80.20427,2025-03-06,2:00,2,Thursday,0,urban,2,1,clear,high,33,low,poor road,minor,2,2,0,,0.1
2334,Chennai,Tamil Nadu,12.916654,80.156393,2023-09-14,7:00,7,Thursday,0,highway,3,0,clear,high,24,low,distraction,minor,4,1,0,,0.1
2345,Chennai,Tamil Nadu,13.006992,80.154755,2024-08-20,9:00,9,Tuesday,0,urban,6,0,fog,low,19,medium,weather,fatal,5,5,1,,0.8
2354,Chennai,Tamil Nadu,12.964979,80.237874,2022-11-27,14:00,14,Sunday,1,urban,2,0,fog,low,30,low,weather,minor,3,2,0,,0.45
2370,Chennai,Tamil Nadu,13.10537,80.152945,2023-05-13,13:00,13,Saturday,1,urban,2,0,rain,medium,19,high,overspeeding,minor,2,2,0,,0.45
2380,Chennai,Tamil Nadu,12.810811,80.231258,2022-05-17,16:00,16,Tuesday,0,rural,6,1,clear,high,24,low,distraction,minor,1,1,0,,0.1
2382,Chennai,Tamil Nadu,12.927222,80.250661,2024-07-09,6:00,6,Tuesday,0,rural,2,1,clear,high,27,high,distraction,fatal,3,3,0,,0.5
2409,Chennai,Tamil Nadu,12.825818,80.277113,2023-03-16,13:00,13,Thursday,0,highway,4,0,fog,low,17,medium,poor road,minor,3,3,0,,0.45
2416,Chennai,Tamil Nadu,12.990446,80.267189,2022-10-28,17:00,17,Friday,0,rural,2,0,fog,low,24,high,drunk driving,minor,4,4,1,,0.8
2418,Chennai,Tamil Nadu,12.979261,80.132062,2024-05-20,15:00,15,Monday,0,urban,1,1,rain,low,22,low,weather,fatal,4,4,0,,0.65
2422,Chennai,Tamil Nadu,13.012712,80.282714,2022-12-09,15:00,15,Friday,0,urban,1,1,fog,low,35,high,overspeeding,minor,1,0,0,,0.65
2424,Chennai,Tamil Nadu,13.036686,80.206434,2024-04-08,2:00,2,Monday,0,rural,3,0,clear,high,15,medium,weather,minor,1,0,0,,0.1
2427,Chennai,Tamil Nadu,13.0393,80.215464,2024-10-17,3:00,3,Thursday,0,highway,1,1,rain,low,35,low,overspeeding,major,2,1,0,,0.45
2432,Chennai,Tamil Nadu,13.197038,80.200628,2022-10-24,17:00,17,Monday,0,highway,5,1,fog,low,17,medium,distraction,minor,4,4,1,,0.6
2464,Chennai,Tamil Nadu,13.171506,80.222711,2022-11-27,10:00,10,Sunday,1,highway,4,1,rain,medium,19,medium,drunk driving,minor,5,0,1,,0.4
2470,Chennai,Tamil Nadu,13.03784,80.21269,2023-12-11,16:00,16,Monday,0,urban,4,1,clear,high,31,medium,drunk driving,minor,4,0,0,,0.1
2473,Chennai,Tamil Nadu,13.064045,80.216357,2024-02-23,10:00,10,Friday,0,highway,6,0,clear,high,29,high,overspeeding,minor,2,0,1,,0.45
2480,Chennai,Tamil Nadu,12.994773,80.254173,2022-03-31,2:00,2,Thursday,0,rural,5,1,fog,low,21,low,weather,minor,2,2,0,,0.45
2481,Chennai,Tamil Nadu,13.029148,80.27469,2023-11-27,19:00,19,Monday,0,rural,2,1,rain,low,33,medium,drunk driving,minor,2,2,1,,0.6
2483,Chennai,Tamil Nadu,12.950217,80.150704,2023-01-08,13:00,13,Sunday,1,rural,4,1,fog,low,26,high,drunk driving,minor,3,0,0,,0.65
2484,Chennai,Tamil Nadu,13.077614,80.283161,2022-04-11,15:00,15,Monday,0,urban,1,0,fog,low,38,low,poor road,major,1,0,0,,0.45
2485,Chennai,Tamil Nadu,13.053856,80.199701,2024-10-19,14:00,14,Saturday,1,highway,4,1,fog,low,31,low,distraction,major,1,0,0,,0.45
2493,Chennai,Tamil Nadu,12.87508,80.253895,2022-11-06,19:00,19,Sunday,1,highway,1,1,fog,low,20,high,drunk driving,fatal,4,4,1,,1.0
2495,Chennai,Tamil Nadu,13.083656,80.137518,2025-01-07,18:00,18,Tuesday,0,highway,4,0,fog,low,28,high,distraction,minor,5,1,1,,0.8
2501,Chennai,Tamil Nadu,13.145502,80.19604,2024-04-09,20:00,20,Tuesday,0,urban,3,0,clear,high,21,medium,drunk driving,minor,5,3,0,,0.1
2504,Chennai,Tamil Nadu,13.051112,80.18564,2024-09-07,9:00,9,Saturday,1,urban,5,1,rain,low,15,high,weather,major,5,3,1,,0.8
2507,Chennai,Tamil Nadu,12.86675,80.216233,2023-11-23,7:00,7,Thursday,0,urban,2,0,fog,low,37,high,drunk driving,minor,4,4,0,,0.65
2537,Chennai,Tamil Nadu,12.927905,80.139509,2025-03-08,12:00,12,Saturday,1,highway,4,0,fog,low,16,high,distraction,minor,4,2,0,,0.65
2549,Chennai,Tamil Nadu,12.975234,80.216203,2022-07-01,22:00,22,Friday,0,urban,5,0,fog,low,25,low,distraction,minor,1,0,0,,0.45
2562,Chennai,Tamil Nadu,13.11454,80.20678,2024-10-02,14:00,14,Wednesday,0,highway,6,0,clear,high,29,low,overspeeding,minor,2,0,0,,0.1
2570,Chennai,Tamil Nadu,13.036123,80.191211,2024-08-26,15:00,15,Monday,0,highway,5,1,fog,low,32,medium,weather,minor,3,2,0,,0.45
2585,Chennai,Tamil Nadu,12.823279,80.210898,2023-01-22,9:00,9,Sunday,1,urban,6,1,rain,low,28,high,drunk driving,major,2,0,1,,0.8
2586,Chennai,Tamil Nadu,13.034166,80.209832,2025-01-09,5:00,5,Thursday,0,highway,2,1,rain,medium,33,high,poor road,minor,1,0,0,,0.45
2588,Chennai,Tamil Nadu,12.902436,80.143492,2024-08-12,3:00,3,Monday,0,rural,3,0,fog,low,26,high,weather,minor,5,0,0,,0.65
2591,Chennai,Tamil Nadu,12.897466,80.156803,2025-03-23,18:00,18,Sunday,1,urban,6,1,fog,low,39,high,overspeeding,major,3,1,1,,0.8
2599,Chennai,Tamil Nadu,13.103558,80.2082,2022-12-06,5:00,5,Tuesday,0,rural,2,0,rain,low,35,medium,poor road,major,1,1,0,,0.45
2614,Chennai,Tamil Nadu,12.879819,80.276385,2022-03-19,18:00,18,Saturday,1,urban,3,1,fog,low,20,medium,poor road,fatal,1,1,1,,0.8
2615,Chennai,Tamil Nadu,12.988736,80.18217,2024-09-26,20:00,20,Thursday,0,highway,6,1,fog,low,31,medium,drunk driving,minor,4,0,0,,0.45
2624,Chennai,Tamil Nadu,13.012291,80.101907,2025-03-21,7:00,7,Friday,0,rural,5,0,clear,high,27,medium,overspeeding,fatal,4,4,0,,0.3
2626,Chennai,Tamil Nadu,12.818075,80.125708,2023-08-17,3:00,3,Thursday,0,rural,5,1,clear,high,24,low,drunk driving,minor,5,0,0,,0.1
2629,Chennai,Tamil Nadu,13.114407,80.147693,2024-10-29,23:00,23,Tuesday,0,urban,5,1,clear,high,35,low,distraction,major,5,2,0,,0.1
2631,Chennai,Tamil Nadu,13.147179,80.187993,2023-09-19,6:00,6,Tuesday,0,rural,4,0,fog,low,23,low,poor road,minor,4,1,0,,0.45
2647,Chennai,Tamil Nadu,13.00759,80.151338,2023-04-04,10:00,10,Tuesday,0,rural,5,0,clear,high,33,low,distraction,minor,4,2,1,,0.25
2650,Chennai,Tamil Nadu,12.916766,80.20389,2024-02-02,4:00,4,Friday,0,rural,2,1,clear,high,34,low,weather,minor,4,2,0,,0.1
2661,Chennai,Tamil Nadu,12.864763,80.217582,2025-04-03,11:00,11,Thursday,0,rural,6,1,clear,high,20,low,poor road,major,5,1,0,,0.1
2673,Chennai,Tamil Nadu,13.088509,80.260873,2024-03-28,22:00,22,Thursday,0,urban,6,0,fog,low,15,low,overspeeding,minor,4,0,0,,0.45
2675,Chennai,Tamil Nadu,12.8144,80.203421,2023-01-08,21:00,21,Sunday,1,urban,6,1,fog,low,26,low,distraction,minor,1,1,0,,0.45
2676,Chennai,Tamil Nadu,13.093187,80.107711,2023-03-20,15:00,15,Monday,0,urban,6,0,clear,high,40,medium,overspeeding,minor,2,0,0,,0.1
2678,Chennai,Tamil Nadu,13.14024,80.197076,2022-12-25,0:00,0,Sunday,1,urban,6,0,fog,low,15,medium,overspeeding,minor,5,3,0,,0.45
2695,Chennai,Tamil Nadu,12.972525,80.125713,2023-09-20,22:00,22,Wednesday,0,highway,4,1,fog,low,28,high,overspeeding,minor,1,0,0,,0.65
2702,Chennai,Tamil Nadu,12.800608,80.240743,2023-10-26,13:00,13,Thursday,0,highway,1,1,rain,medium,19,high,poor road,minor,4,4,0,,0.45
2726,Chennai,Tamil Nadu,12.995911,80.145887,2023-08-22,19:00,19,Tuesday,0,rural,1,0,fog,low,29,medium,weather,major,1,0,1,,0.6
2728,Chennai,Tamil Nadu,12.939007,80.282664,2024-01-29,19:00,19,Monday,0,rural,5,0,rain,low,15,low,drunk driving,fatal,5,5,1,,0.8
2729,Chennai,Tamil Nadu,13.144441,80.202173,2022-09-11,0:00,0,Sunday,1,rural,5,0,clear,high,26,low,weather,major,2,2,0,,0.1
2735,Chennai,Tamil Nadu,12.867929,80.29808,2024-08-08,12:00,12,Thursday,0,rural,1,1,fog,low,15,low,poor road,fatal,4,4,0,,0.65
2738,Chennai,Tamil Nadu,12.897614,80.123997,2023-07-12,13:00,13,Wednesday,0,highway,1,0,rain,medium,28,high,overspeeding,minor,3,1,0,,0.45
2741,Chennai,Tamil Nadu,12.807663,80.111806,2024-02-20,4:00,4,Tuesday,0,highway,6,0,rain,low,35,low,overspeeding,major,2,2,0,,0.45
2742,Chennai,Tamil Nadu,13.127034,80.159577,2025-03-25,22:00,22,Tuesday,0,rural,1,0,clear,high,38,low,drunk driving,minor,2,1,0,,0.1
2746,Chennai,Tamil Nadu,13.006747,80.155321,2024-07-22,1:00,1,Monday,0,highway,1,1,rain,medium,25,medium,drunk driving,minor,5,5,0,,0.25
2750,Chennai,Tamil Nadu,13.196094,80.179584,2022-08-23,3:00,3,Tuesday,0,highway,4,1,fog,low,18,high,distraction,minor,3,3,0,,0.65
2762,Chennai,Tamil Nadu,13.134146,80.154744,2022-01-09,15:00,15,Sunday,1,urban,6,1,clear,high,22,medium,weather,minor,4,0,0,,0.1
2763,Chennai,Tamil Nadu,12.900535,80.101799,2023-02-15,12:00,12,Wednesday,0,rural,6,0,rain,low,31,low,poor road,minor,5,0,0,,0.45
2781,Chennai,Tamil Nadu,13.193719,80.162826,2023-12-04,18:00,18,Monday,0,rural,1,0,fog,low,17,medium,weather,major,4,4,1,,0.6
2789,Chennai,Tamil Nadu,12.986803,80.198399,2023-10-02,6:00,6,Monday,0,rural,5,1,clear,high,27,low,poor road,minor,2,2,0,,0.1
2792,Chennai,Tamil Nadu,12.830404,80.226647,2025-02-14,20:00,20,Friday,0,highway,4,0,rain,low,30,high,poor road,minor,3,1,0,,0.65
2807,Chennai,Tamil Nadu,12.803045,80.296823,2022-10-08,8:00,8,Saturday,1,rural,2,0,rain,low,38,high,overspeeding,minor,1,1,1,,0.8
2818,Chennai,Tamil Nadu,13.151487,80.24682,2024-09-26,8:00,8,Thursday,0,rural,4,0,rain,medium,34,low,distraction,major,5,1,1,,0.4
2837,Chennai,Tamil Nadu,12.986734,80.15425,2022-09-15,3:00,3,Thursday,0,rural,4,0,rain,medium,23,low,distraction,minor,3,1,0,,0.25
2844,Chennai,Tamil Nadu,13.042466,80.21764,2024-04-23,16:00,16,Tuesday,0,rural,2,1,rain,low,22,high,poor road,minor,3,1,0,,0.65
2847,Chennai,Tamil Nadu,12.860343,80.198009,2024-12-25,2:00,2,Wednesday,0,urban,4,0,fog,low,30,medium,drunk driving,minor,5,4,0,,0.45
2848,Chennai,Tamil Nadu,12.893851,80.169587,2024-08-24,10:00,10,Saturday,1,urban,2,1,fog,low,38,high,poor road,major,1,1,1,,0.8
2850,Chennai,Tamil Nadu,13.077077,80.299948,2023-04-14,17:00,17,Friday,0,urban,6,0,rain,low,26,high,weather,minor,1,1,1,,0.8
2854,Chennai,Tamil Nadu,12.87965,80.12887,2022-08-18,9:00,9,Thursday,0,rural,3,1,fog,low,19,high,drunk driving,major,1,0,1,,0.8
2865,Chennai,Tamil Nadu,13.190019,80.265431,2022-08-23,7:00,7,Tuesday,0,highway,2,0,clear,high,19,medium,distraction,major,3,3,0,,0.1
2897,Chennai,Tamil Nadu,12.976348,80.167709,2025-02-21,8:00,8,Friday,0,rural,4,1,clear,high,33,high,poor road,major,5,5,1,,0.45
2900,Chennai,Tamil Nadu,13.194131,80.133434,2024-09-24,19:00,19,Tuesday,0,highway,5,1,rain,medium,39,high,drunk driving,major,4,4,1,,0.6
2912,Chennai,Tamil Nadu,13.124293,80.130494,2024-12-10,13:00,13,Tuesday,0,highway,1,1,rain,medium,24,low,drunk driving,fatal,2,2,0,,0.45
2915,Chennai,Tamil Nadu,13.125873,80.128272,2023-12-19,12:00,12,Tuesday,0,urban,6,1,fog,low,23,high,drunk driving,major,3,2,0,,0.65
2919,Chennai,Tamil Nadu,12.965081,80.207483,2025-03-31,20:00,20,Monday,0,urban,6,1,rain,medium,37,high,distraction,major,1,0,0,,0.45
2927,Chennai,Tamil Nadu,12.993085,80.128408,2022-07-15,20:00,20,Friday,0,highway,4,1,rain,low,16,medium,overspeeding,minor,1,0,0,,0.45
2936,Chennai,Tamil Nadu,13.112555,80.102129,2024-10-09,2:00,2,Wednesday,0,highway,2,0,rain,low,31,high,drunk driving,minor,1,1,0,,0.65
2946,Chennai,Tamil Nadu,13.102968,80.20593,2022-12-25,5:00,5,Sunday,1,urban,6,0,clear,high,31,low,weather,major,2,0,0,,0.1
2953,Chennai,Tamil Nadu,12.939717,80.288367,2023-04-22,8:00,8,Saturday,1,highway,5,0,clear,high,19,high,weather,major,2,0,1,Eid,0.55
2978,Chennai,Tamil Nadu,12.963814,80.271207,2023-11-20,5:00,5,Monday,0,highway,6,1,fog,low,34,high,weather,major,2,2,0,,0.65
3001,Chennai,Tamil Nadu,12.918551,80.21127,2024-04-23,7:00,7,Tuesday,0,urban,4,1,clear,high,15,high,overspeeding,minor,4,2,0,,0.3
3003,Chennai,Tamil Nadu,12.817605,80.223391,2025-01-13,6:00,6,Monday,0,highway,2,1,rain,low,37,low,overspeeding,minor,3,3,0,,0.45
3005,Chennai,Tamil Nadu,12.822553,80.196891,2023-08-31,21:00,21,Thursday,0,urban,1,1,rain,low,36,medium,distraction,minor,4,0,0,,0.45
3010,Chennai,Tamil Nadu,12.858205,80.289077,2024-09-15,9:00,9,Sunday,1,rural,3,0,clear,high,26,high,distraction,minor,1,1,1,,0.45
3016,Chennai,Tamil Nadu,12.815252,80.187181,2022-02-14,7:00,7,Monday,0,urban,6,0,rain,low,25,medium,distraction,minor,1,1,0,,0.45
3021,Chennai,Tamil Nadu,13.068218,80.194411,2023-04-20,8:00,8,Thursday,0,rural,2,1,fog,low,40,high,distraction,fatal,1,1,1,,1.0
3030,Chennai,Tamil Nadu,13.191465,80.159939,2023-05-18,9:00,9,Thursday,0,rural,1,0,rain,low,27,medium,distraction,major,3,2,1,,0.6
3042,Chennai,Tamil Nadu,12.968204,80.285127,2024-06-16,4:00,4,Sunday,1,highway,4,1,fog,low,15,low,distraction,major,2,1,0,,0.45
3043,Chennai,Tamil Nadu,13.178284,80.117253,2022-01-02,1:00,1,Sunday,1,rural,5,0,clear,high,28,low,drunk driving,major,3,1,0,,0.1
3047,Chennai,Tamil Nadu,12.984162,80.151032,2025-02-23,18:00,18,Sunday,1,urban,3,1,rain,medium,37,high,weather,minor,2,1,1,,0.6
3048,Chennai,Tamil Nadu,12.8325,80.167822,2023-03-22,19:00,19,Wednesday,0,highway,1,1,clear,high,33,medium,weather,major,3,1,1,,0.25
3056,Chennai,Tamil Nadu,13.002674,80.254176,2025-04-12,3:00,3,Saturday,1,urban,6,0,clear,high,26,medium,poor road,minor,4,1,0,,0.1
3062,Chennai,Tamil Nadu,12.907528,80.217115,2023-10-30,22:00,22,Monday,0,rural,4,0,rain,medium,18,medium,drunk driving,minor,1,1,0,,0.25
3076,Chennai,Tamil Nadu,13.138966,80.216937,2023-03-11,19:00,19,Saturday,1,urban,3,1,clear,high,28,high,poor road,major,2,1,1,,0.45
3082,Chennai,Tamil Nadu,13.086102,80.158265,2024-12-07,4:00,4,Saturday,1,urban,5,0,clear,high,19,medium,distraction,minor,5,0,0,,0.1
3084,Chennai,Tamil Nadu,12.911609,80.220121,2024-04-14,18:00,18,Sunday,1,urban,4,0,rain,low,17,high,weather,minor,5,5,1,,0.8
3089,Chennai,Tamil Nadu,13.093309,80.232512,2023-07-17,15:00,15,Monday,0,rural,1,0,clear,high,18,high,overspeeding,major,1,0,0,,0.3
3094,Chennai,Tamil Nadu,12.879705,80.107007,2023-09-26,20:00,20,Tuesday,0,rural,2,1,clear,high,40,medium,overspeeding,minor,5,0,0,,0.1
3105,Chennai,Tamil Nadu,13.121331,80.184471,2024-11-15,15:00,15,Friday,0,highway,5,1,clear,high,18,medium,poor road,major,1,0,0,,0.1
3117,Chennai,Tamil Nadu,12.820146,80.101181,2022-01-28,22:00,22,Friday,0,rural,5,1,rain,low,22,high,poor road,major,3,2,0,,0.65
3143,Chennai,Tamil Nadu,12.966102,80.260969,2022-02-11,14:00,14,Friday,0,urban,4,0,fog,low,21,low,distraction,minor,1,0,0,,0.45
3144,Chennai,Tamil Nadu,12.836683,80.241686,2025-03-22,4:00,4,Saturday,1,rural,2,1,clear,high,16,low,distraction,minor,4,2,0,,0.1
3152,Chennai,Tamil Nadu,13.199589,80.278355,2023-11-15,7:00,7,Wednesday,0,urban,6,1,clear,high,15,high,drunk driving,minor,3,0,0,,0.3
3156,Chennai,Tamil Nadu,13.144089,80.144206,2022-05-08,16:00,16,Sunday,1,urban,3,1,fog,low,15,low,distraction,major,3,0,0,,0.45
3161,Chennai,Tamil Nadu,13.1362,80.273543,2025-03-12,18:00,18,Wednesday,0,urban,3,0,clear,high,40,medium,weather,minor,5,4,1,,0.25
3164,Chennai,Tamil Nadu,13.020325,80.144872,2024-01-25,21:00,21,Thursday,0,urban,6,1,fog,low,24,high,weather,major,2,0,0,,0.65
3190,Chennai,Tamil Nadu,13.024871,80.173756,2022-02-17,20:00,20,Thursday,0,highway,2,0,rain,medium,27,high,distraction,minor,3,0,0,,0.45
3195,Chennai,Tamil Nadu,13.068291,80.107857,2022-11-20,1:00,1,Sunday,1,highway,4,0,clear,high,30,low,drunk driving,major,5,4,0,,0.1
3196,Chennai,Tamil Nadu,13.017829,80.107395,2024-01-22,6:00,6,Monday,0,rural,6,0,clear,high,17,high,weather,minor,2,1,0,,0.3
3203,Chennai,Tamil Nadu,12.837192,80.225342,2024-02-14,19:00,19,Wednesday,0,rural,5,0,clear,high,36,medium,overspeeding,major,1,0,1,,0.25
3216,Chennai,Tamil Nadu,13.190709,80.160767,2023-11-29,17:00,17,Wednesday,0,rural,2,1,rain,low,28,low,drunk driving,major,3,0,1,,0.6
3225,Chennai,Tamil Nadu,13.045938,80.225999,2022-03-07,14:00,14,Monday,0,rural,6,1,rain,medium,40,high,weather,minor,1,0,0,,0.45
3238,Chennai,Tamil Nadu,12.804397,80.225323,2025-04-09,9:00,9,Wednesday,0,urban,4,0,fog,low,22,high,overspeeding,minor,3,3,1,,0.8
3247,Chennai,Tamil Nadu,13.104919,80.298426,2025-01-10,13:00,13,Friday,0,rural,4,1,fog,low,36,low,poor road,minor,4,3,0,,0.45
3255,Chennai,Tamil Nadu,12.884651,80.134621,2023-04-22,19:00,19,Saturday,1,urban,6,0,clear,high,32,high,weather,fatal,3,3,1,Eid,0.75
3256,Chennai,Tamil Nadu,13.175468,80.104464,2024-12-21,15:00,15,Saturday,1,highway,5,0,rain,low,16,high,poor road,minor,2,2,0,,0.65
3278,Chennai,Tamil Nadu,13.03665,80.279026,2022-02-16,18:00,18,Wednesday,0,rural,2,0,fog,low,19,medium,drunk driving,minor,2,0,1,,0.6
3286,Chennai,Tamil Nadu,12.807076,80.216667,2024-06-13,19:00,19,Thursday,0,urban,2,1,clear,high,16,high,poor road,minor,3,1,1,,0.45
3288,Chennai,Tamil Nadu,12.890253,80.125048,2023-05-25,1:00,1,Thursday,0,rural,2,1,clear,high,23,low,distraction,minor,1,1,0,,0.1
3291,Chennai,Tamil Nadu,12.861668,80.143683,2023-04-14,11:00,11,Friday,0,highway,4,1,fog,low,37,medium,weather,minor,3,3,0,,0.45
3298,Chennai,Tamil Nadu,12.80225,80.246583,2023-05-31,23:00,23,Wednesday,0,highway,3,1,rain,low,21,medium,weather,minor,4,4,0,,0.45
3321,Chennai,Tamil Nadu,12.869171,80.161093,2024-04-14,11:00,11,Sunday,1,highway,3,0,fog,low,21,high,overspeeding,fatal,1,1,0,,0.85
3322,Chennai,Tamil Nadu,12.890831,80.21738,2022-02-26,14:00,14,Saturday,1,rural,1,1,clear,high,26,low,weather,fatal,1,1,0,,0.3
3343,Chennai,Tamil Nadu,12.981966,80.101033,2023-06-01,17:00,17,Thursday,0,rural,4,0,fog,low,18,high,poor road,major,1,0,1,,0.8
3346,Chennai,Tamil Nadu,12.950767,80.119943,2024-02-20,2:00,2,Tuesday,0,urban,1,1,fog,low,29,low,distraction,minor,3,1,0,,0.45
3350,Chennai,Tamil Nadu,13.151956,80.299011,2022-11-01,19:00,19,Tuesday,0,rural,1,0,fog,low,30,high,overspeeding,fatal,3,3,1,,1.0
3354,Chennai,Tamil Nadu,13.105254,80.251276,2022-05-17,12:00,12,Tuesday,0,rural,4,1,clear,high,39,low,distraction,fatal,4,4,0,,0.3
3378,Chennai,Tamil Nadu,12.915832,80.258889,2022-05-10,14:00,14,Tuesday,0,rural,1,0,fog,low,15,high,distraction,fatal,4,4,0,,0.85
3379,Chennai,Tamil Nadu,13.182476,80.171201,2023-06-08,3:00,3,Thursday,0,highway,2,0,rain,low,38,high,distraction,minor,3,0,0,,0.65
3380,Chennai,Tamil Nadu,13.022991,80.230795,2024-02-02,18:00,18,Friday,0,rural,4,1,fog,low,17,high,weather,major,5,3,1,,0.8
3382,Chennai,Tamil Nadu,13.081975,80.182263,2023-03-23,14:00,14,Thursday,0,rural,3,0,fog,low,17,high,drunk driving,minor,5,1,0,,0.65
3387,Chennai,Tamil Nadu,13.084857,80.297754,2022-01-02,11:00,11,Sunday,1,highway,3,0,fog,low,23,low,weather,minor,3,3,0,,0.45
3390,Chennai,Tamil Nadu,13.044829,80.193424,2023-02-16,5:00,5,Thursday,0,rural,5,1,clear,high,15,high,weather,major,1,1,0,,0.3
3393,Chennai,Tamil Nadu,12.819473,80.294897,2023-09-08,1:00,1,Friday,0,highway,1,1,fog,low,25,low,poor road,minor,5,0,0,,0.45
3397,Chennai,Tamil Nadu,12.960269,80.220175,2024-06-22,17:00,17,Saturday,1,rural,5,1,clear,high,27,medium,overspeeding,minor,5,5,1,,0.25
3422,Chennai,Tamil Nadu,13.186146,80.281577,2024-01-03,20:00,20,Wednesday,0,urban,2,0,fog,low,21,medium,weather,major,1,1,0,,0.45
3438,Chennai,Tamil Nadu,13.173527,80.257474,2024-03-19,13:00,13,Tuesday,0,urban,1,0,fog,low,34,low,distraction,minor,3,2,0,,0.45
3443,Chennai,Tamil Nadu,12.889206,80.281218,2022-04-25,17:00,17,Monday,0,highway,4,0,rain,low,23,medium,overspeeding,major,5,1,1,,0.6
3445,Chennai,Tamil Nadu,13.034204,80.240845,2022-10-02,23:00,23,Sunday,1,rural,4,1,rain,medium,29,medium,weather,minor,2,2,0,,0.25
3447,Chennai,Tamil Nadu,12.918877,80.26903,2023-04-20,23:00,23,Thursday,0,rural,4,0,rain,low,31,low,overspeeding,major,1,0,0,,0.45
3450,Chennai,Tamil Nadu,12.99838,80.191239,2023-06-06,23:00,23,Tuesday,0,rural,4,1,rain,medium,31,low,weather,minor,1,1,0,,0.25
3459,Chennai,Tamil Nadu,13.193073,80.241825,2023-06-27,0:00,0,Tuesday,0,urban,3,1,fog,low,21,low,overspeeding,minor,4,4,0,,0.45
3463,Chennai,Tamil Nadu,13.079678,80.115897,2022-03-28,1:00,1,Monday,0,highway,1,0,clear,high,33,low,drunk driving,minor,5,4,0,,0.1
3468,Chennai,Tamil Nadu,13.098467,80.234911,2022-06-09,9:00,9,Thursday,0,highway,3,0,rain,medium,39,high,weather,minor,3,2,1,,0.6
3469,Chennai,Tamil Nadu,13.112155,80.185645,2024-01-13,12:00,12,Saturday,1,urban,2,1,fog,low,22,high,poor road,major,3,2,0,,0.65
3477,Chennai,Tamil Nadu,12.880808,80.22483,2022-07-24,19:00,19,Sunday,1,highway,1,1,clear,high,37,medium,overspeeding,minor,4,1,1,,0.25
3478,Chennai,Tamil Nadu,13.010989,80.231369,2024-02-21,1:00,1,Wednesday,0,highway,6,1,fog,low,16,low,overspeeding,minor,3,2,0,,0.45
3484,Chennai,Tamil Nadu,13.190289,80.185905,2023-03-29,6:00,6,Wednesday,0,highway,2,1,fog,low,26,high,weather,major,1,1,0,,0.65
3491,Chennai,Tamil Nadu,12.984885,80.198132,2024-05-19,20:00,20,Sunday,1,rural,4,0,clear,high,19,medium,drunk driving,major,2,1,0,,0.1
3492,Chennai,Tamil Nadu,13.134112,80.137367,2025-02-09,4:00,4,Sunday,1,rural,4,1,fog,low,36,medium,overspeeding,major,5,2,0,,0.45
3500,Chennai,Tamil Nadu,13.153794,80.125494,2024-11-05,16:00,16,Tuesday,0,highway,2,1,clear,high,27,low,weather,major,1,1,0,,0.1
3505,Chennai,Tamil Nadu,12.944741,80.122554,2022-01-16,2:00,2,Sunday,1,rural,2,1,rain,medium,27,high,poor road,minor,5,4,0,,0.45
3510,Chennai,Tamil Nadu,12.90307,80.246303,2022-10-21,6:00,6,Friday,0,urban,3,1,clear,high,21,low,drunk driving,minor,4,1,0,,0.1
3530,Chennai,Tamil Nadu,13.100713,80.196343,2025-03-04,19:00,19,Tuesday,0,rural,6,0,rain,medium,24,medium,poor road,minor,2,2,1,,0.4
3534,Chennai,Tamil Nadu,13.030426,80.285824,2025-01-07,16:00,16,Tuesday,0,urban,5,1,clear,high,28,high,weather,fatal,2,2,0,,0.5
3550,Chennai,Tamil Nadu,13.169506,80.107817,2024-04-04,19:00,19,Thursday,0,highway,6,0,rain,low,17,medium,drunk driving,minor,1,1,1,,0.6
3557,Chennai,Tamil Nadu,13.183126,80.184002,2024-06-18,23:00,23,Tuesday,0,urban,2,1,clear,high,33,low,distraction,major,3,3,0,,0.1
3576,Chennai,Tamil Nadu,12.906304,80.174676,2024-02-12,1:00,1,Monday,0,highway,5,1,rain,low,31,medium,distraction,minor,3,2,0,,0.45
3581,Chennai,Tamil Nadu,13.047408,80.296186,2023-08-28,6:00,6,Monday,0,highway,6,1,clear,high,15,high,overspeeding,major,4,2,0,,0.3
3584,Chennai,Tamil Nadu,12.965336,80.214144,2025-03-08,17:00,17,Saturday,1,rural,3,1,rain,medium,22,high,drunk driving,major,5,4,1,,0.6
3587,Chennai,Tamil Nadu,13.072898,80.160243,2025-01-21,7:00,7,Tuesday,0,urban,4,1,clear,high,32,high,weather,major,1,0,0,,0.3
3621,Chennai,Tamil Nadu,13.049407,80.225222,2023-05-22,18:00,18,Monday,0,urban,5,1,fog,low,31,high,overspeeding,major,3,1,1,,0.8
3625,Chennai,Tamil Nadu,13.192789,80.192123,2025-02-16,1:00,1,Sunday,1,urban,1,1,fog,low,23,low,drunk driving,minor,4,3,0,,0.45
3645,Chennai,Tamil Nadu,12.80647,80.270128,2023-06-06,18:00,18,Tuesday,0,highway,3,0,clear,high,26,high,drunk driving,minor,3,2,1,,0.45
3648,Chennai,Tamil Nadu,13.037348,80.283686,2022-03-30,5:00,5,Wednesday,0,rural,3,1,rain,low,35,high,weather,major,5,0,0,,0.65
3650,Chennai,Tamil Nadu,12.948212,80.224529,2022-03-12,7:00,7,Saturday,1,rural,4,0,clear,high,38,low,poor road,minor,5,0,0,,0.1
3670,Chennai,Tamil Nadu,13.083851,80.246222,2025-02-12,14:00,14,Wednesday,0,highway,4,0,clear,high,15,medium,poor road,minor,1,1,0,,0.1
3677,Chennai,Tamil Nadu,13.043664,80.258363,2024-03-31,6:00,6,Sunday,1,highway,6,1,clear,high,16,high,poor road,minor,2,0,0,,0.3
3680,Chennai,Tamil Nadu,12.807969,80.215278,2024-10-09,17:00,17,Wednesday,0,urban,5,1,clear,high,29,high,drunk driving,major,2,2,1,,0.45
3683,Chennai,Tamil Nadu,13.152049,80.137085,2023-06-06,4:00,4,Tuesday,0,highway,3,1,rain,low,39,low,drunk driving,major,2,2,0,,0.45
3687,Chennai,Tamil Nadu,13.144752,80.259873,2023-04-10,4:00,4,Monday,0,highway,5,1,fog,low,34,high,overspeeding,major,5,5,0,,0.65
3697,Chennai,Tamil Nadu,12.874726,80.246613,2022-12-21,19:00,19,Wednesday,0,rural,4,1,clear,high,40,low,overspeeding,fatal,3,3,1,,0.45
3701,Chennai,Tamil Nadu,13.073786,80.236485,2022-07-22,20:00,20,Friday,0,rural,4,0,clear,high,35,medium,weather,major,3,0,0,,0.1
3702,Chennai,Tamil Nadu,12.910225,80.265923,2022-04-04,18:00,18,Monday,0,rural,2,1,rain,medium,26,low,distraction,minor,3,3,1,,0.4
3705,Chennai,Tamil Nadu,13.128577,80.12399,2023-05-27,21:00,21,Saturday,1,highway,2,1,clear,high,24,medium,distraction,major,4,2,0,,0.1
3707,Chennai,Tamil Nadu,12.895268,80.149013,2022-09-28,22:00,22,Wednesday,0,urban,1,0,clear,high,34,low,drunk driving,minor,1,1,0,,0.1
3713,Chennai,Tamil Nadu,13.181609,80.111415,2022-03-03,10:00,10,Thursday,0,highway,5,0,clear,high,20,high,drunk driving,minor,1,0,1,,0.45
3714,Chennai,Tamil Nadu,12.877694,80.214263,2025-03-29,14:00,14,Saturday,1,rural,4,0,rain,low,30,high,drunk driving,minor,5,2,0,,0.65
3739,Chennai,Tamil Nadu,12.987271,80.131334,2023-05-04,18:00,18,Thursday,0,highway,4,1,clear,high,23,low,poor road,minor,5,0,1,,0.25
3744,Chennai,Tamil Nadu,12.926247,80.103256,2022-12-16,5:00,5,Friday,0,urban,3,0,clear,high,32,high,overspeeding,fatal,1,1,0,,0.5
3757,Chennai,Tamil Nadu,13.151126,80.191242,2022-10-17,2:00,2,Monday,0,rural,1,0,fog,low,24,medium,drunk driving,major,2,0,0,,0.45
3775,Chennai,Tamil Nadu,12.850446,80.128621,2024-11-23,17:00,17,Saturday,1,rural,3,0,rain,medium,27,high,overspeeding,fatal,1,1,1,,0.8
3781,Chennai,Tamil Nadu,12.871614,80.109634,2022-03-06,5:00,5,Sunday,1,urban,6,1,rain,low,35,medium,poor road,major,3,2,0,,0.45
3796,Chennai,Tamil Nadu,13.071226,80.235352,2025-02-01,7:00,7,Saturday,1,highway,4,1,fog,low,26,low,distraction,minor,1,1,0,,0.45
3798,Chennai,Tamil Nadu,13.183234,80.198492,2025-03-02,17:00,17,Sunday,1,urban,1,1,rain,medium,38,high,weather,fatal,5,5,1,,0.8
3805,Chennai,Tamil Nadu,12.830031,80.145924,2024-05-03,21:00,21,Friday,0,urban,2,0,fog,low,17,low,distraction,minor,1,0,0,,0.45
3813,Chennai,Tamil Nadu,13.11849,80.24107,2025-04-06,22:00,22,Sunday,1,highway,5,0,fog,low,29,medium,weather,minor,5,3,0,,0.45
3820,Chennai,Tamil Nadu,13.036251,80.261128,2025-02-21,4:00,4,Friday,0,rural,5,1,clear,high,30,medium,distraction,minor,5,1,0,,0.1
3854,Chennai,Tamil Nadu,13.191555,80.225763,2024-08-17,10:00,10,Saturday,1,rural,6,1,clear,high,17,medium,distraction,major,1,0,1,,0.25
3866,Chennai,Tamil Nadu,13.181795,80.130798,2022-01-22,6:00,6,Saturday,1,urban,5,1,fog,low,30,high,poor road,fatal,1,1,0,,0.85
3871,Chennai,Tamil Nadu,13.163468,80.170432,2024-02-13,16:00,16,Tuesday,0,rural,1,0,clear,high,30,medium,poor road,minor,3,2,0,,0.1
3874,Chennai,Tamil Nadu,13.065724,80.167541,2023-05-24,2:00,2,Wednesday,0,urban,5,0,clear,high,18,low,poor road,major,5,5,0,,0.1
3885,Chennai,Tamil Nadu,13.037015,80.284166,2025-04-13,0:00,0,Sunday,1,urban,3,1,rain,low,32,low,poor road,minor,5,5,0,,0.45
3887,Chennai,Tamil Nadu,12.80153,80.157125,2024-08-25,13:00,13,Sunday,1,highway,4,0,rain,medium,23,medium,distraction,major,4,2,0,,0.25
3888,Chennai,Tamil Nadu,13.065873,80.135585,2022-05-07,3:00,3,Saturday,1,rural,4,0,rain,medium,30,low,drunk driving,major,4,3,0,,0.25
3900,Chennai,Tamil Nadu,12.810145,80.159297,2023-11-07,2:00,2,Tuesday,0,rural,6,1,rain,medium,23,low,drunk driving,minor,5,5,0,,0.25
3913,Chennai,Tamil Nadu,12.838717,80.113583,2023-09-24,17:00,17,Sunday,1,rural,5,1,clear,high,26,medium,poor road,major,5,4,1,,0.25
3915,Chennai,Tamil Nadu,12.938979,80.253336,2023-02-27,8:00,8,Monday,0,highway,5,0,fog,low,30,medium,drunk driving,major,2,0,1,,0.6
3916,Chennai,Tamil Nadu,13.064989,80.161706,2022-02-01,9:00,9,Tuesday,0,rural,4,0,fog,low,17,medium,weather,minor,4,0,1,,0.6
3932,Chennai,Tamil Nadu,12.998466,80.126253,2023-06-22,1:00,1,Thursday,0,rural,2,0,rain,low,40,low,overspeeding,minor,1,1,0,,0.45
3937,Chennai,Tamil Nadu,12.803057,80.256023,2024-12-10,21:00,21,Tuesday,0,rural,2,0,rain,low,30,low,overspeeding,minor,2,2,0,,0.45
3942,Chennai,Tamil Nadu,13.196199,80.28358,2023-08-08,4:00,4,Tuesday,0,highway,1,0,rain,low,31,high,poor road,minor,1,1,0,,0.65
3950,Chennai,Tamil Nadu,12.912884,80.222293,2022-12-20,18:00,18,Tuesday,0,highway,2,0,fog,low,22,low,overspeeding,minor,1,0,1,,0.6
3952,Chennai,Tamil Nadu,12.935147,80.119896,2022-05-13,17:00,17,Friday,0,rural,1,1,clear,high,21,high,weather,minor,1,1,1,,0.45
3962,Chennai,Tamil Nadu,12.804431,80.153807,2023-08-01,22:00,22,Tuesday,0,rural,2,0,rain,medium,28,low,poor road,minor,5,3,0,,0.25
3966,Chennai,Tamil Nadu,12.828279,80.181377,2024-02-20,19:00,19,Tuesday,0,highway,3,0,rain,low,19,high,weather,major,1,0,1,,0.8
3970,Chennai,Tamil Nadu,12.925717,80.157838,2024-11-18,13:00,13,Monday,0,highway,4,0,fog,low,40,high,overspeeding,minor,5,5,0,,0.65
3977,Chennai,Tamil Nadu,12.803447,80.190025,2024-10-29,21:00,21,Tuesday,0,highway,3,1,fog,low,20,low,overspeeding,fatal,4,4,0,,0.65
3983,Chennai,Tamil Nadu,13.134177,80.290553,2025-04-05,1:00,1,Saturday,1,rural,2,0,clear,high,31,low,weather,minor,2,2,0,,0.1
3998,Chennai,Tamil Nadu,13.192653,80.170617,2022-02-23,8:00,8,Wednesday,0,urban,4,0,fog,low,24,high,distraction,minor,3,2,1,,0.8
4008,Chennai,Tamil Nadu,12.834533,80.255918,2022-11-27,8:00,8,Sunday,1,highway,2,0,rain,medium,40,high,overspeeding,minor,5,5,1,,0.6
4009,Chennai,Tamil Nadu,12.975993,80.275661,2023-09-24,10:00,10,Sunday,1,rural,4,0,clear,high,28,high,distraction,minor,2,1,1,,0.45
4013,Chennai,Tamil Nadu,13.169898,80.234005,2023-02-04,16:00,16,Saturday,1,highway,4,1,fog,low,25,high,poor road,minor,4,0,0,,0.65
4022,Chennai,Tamil Nadu,12.893295,80.254756,2023-11-06,19:00,19,Monday,0,urban,3,0,rain,low,27,high,poor road,minor,4,2,1,,0.8
4032,Chennai,Tamil Nadu,12.968137,80.229948,2023-08-06,18:00,18,Sunday,1,rural,4,1,rain,low,25,high,drunk driving,major,5,0,1,,0.8
4039,Chennai,Tamil Nadu,12.958839,80.212485,2024-11-29,18:00,18,Friday,0,highway,6,0,fog,low,15,high,overspeeding,minor,5,4,1,,0.8
4042,Chennai,Tamil Nadu,12.802141,80.114106,2024-05-10,5:00,5,Friday,0,rural,4,0,fog,low,36,low,weather,minor,2,0,0,,0.45
4048,Chennai,Tamil Nadu,13.143699,80.197399,2022-07-26,0:00,0,Tuesday,0,urban,5,0,fog,low,31,high,weather,major,4,1,0,,0.65
4049,Chennai,Tamil Nadu,12.875156,80.19871,2024-10-06,7:00,7,Sunday,1,rural,3,1,clear,high,30,high,poor road,fatal,4,4,0,,0.5
4050,Chennai,Tamil Nadu,13.101488,80.166135,2024-09-28,14:00,14,Saturday,1,highway,6,0,fog,low,34,low,poor road,major,3,2,0,,0.45
4055,Chennai,Tamil Nadu,12.927907,80.205975,2022-10-30,10:00,10,Sunday,1,urban,4,1,fog,low,27,medium,weather,fatal,5,5,1,,0.8
4064,Chennai,Tamil Nadu,12.895541,80.22899,2024-04-08,21:00,21,Monday,0,rural,3,1,fog,low,20,medium,poor road,minor,1,1,0,,0.45
4080,Chennai,Tamil Nadu,13.065896,80.114266,2024-02-16,0:00,0,Friday,0,urban,1,1,rain,low,32,low,poor road,minor,2,2,0,,0.45
4086,Chennai,Tamil Nadu,13.120078,80.28184,2023-06-27,19:00,19,Tuesday,0,urban,4,0,rain,medium,19,high,drunk driving,major,4,1,1,,0.6
4088,Chennai,Tamil Nadu,13.079708,80.251384,2024-10-18,3:00,3,Friday,0,urban,4,1,rain,low,27,low,overspeeding,major,3,2,0,,0.45
4102,Chennai,Tamil Nadu,13.164089,80.248588,2024-08-06,2:00,2,Tuesday,0,urban,4,0,rain,medium,31,medium,weather,major,1,1,0,,0.25
4117,Chennai,Tamil Nadu,12.900662,80.19423,2022-12-16,23:00,23,Friday,0,rural,3,0,clear,high,30,low,distraction,minor,1,0,0,,0.1
4119,Chennai,Tamil Nadu,12.94234,80.279217,2022-08-28,11:00,11,Sunday,1,urban,6,1,fog,low,15,medium,weather,fatal,5,5,0,,0.65
4123,Chennai,Tamil Nadu,13.183409,80.257544,2023-10-10,16:00,16,Tuesday,0,rural,4,1,fog,low,16,high,distraction,minor,5,3,0,,0.65
4132,Chennai,Tamil Nadu,12.991413,80.264667,2023-07-26,14:00,14,Wednesday,0,rural,1,0,rain,medium,19,high,drunk driving,major,3,3,0,,0.45
4143,Chennai,Tamil Nadu,12.988825,80.252467,2023-01-22,0:00,0,Sunday,1,rural,4,0,fog,low,27,low,overspeeding,fatal,2,2,0,,0.65
4147,Chennai,Tamil Nadu,13.103774,80.258784,2023-12-16,7:00,7,Saturday,1,rural,2,0,rain,medium,25,medium,weather,fatal,1,1,0,,0.45
4170,Chennai,Tamil Nadu,12.955984,80.227487,2022-10-25,8:00,8,Tuesday,0,urban,6,1,fog,low,33,high,drunk driving,major,2,0,1,,0.8
4182,Chennai,Tamil Nadu,12.95878,80.171951,2023-03-19,16:00,16,Sunday,1,urban,5,1,fog,low,18,low,distraction,minor,2,1,0,,0.45
4188,Chennai,Tamil Nadu,13.029833,80.23607,2024-09-02,18:00,18,Monday,0,highway,5,0,fog,low,27,medium,weather,minor,2,2,1,,0.6
4208,Chennai,Tamil Nadu,12.898734,80.23123,2024-08-28,0:00,0,Wednesday,0,highway,4,0,rain,medium,17,low,drunk driving,minor,2,1,0,,0.25
4213,Chennai,Tamil Nadu,13.122641,80.113793,2024-11-05,18:00,18,Tuesday,0,urban,2,1,rain,low,19,high,poor road,minor,2,0,1,,0.8
4216,Chennai,Tamil Nadu,13.12168,80.276868,2024-03-28,20:00,20,Thursday,0,urban,1,1,rain,low,27,low,distraction,minor,4,3,0,,0.45
4222,Chennai,Tamil Nadu,13.04665,80.155475,2022-05-20,10:00,10,Friday,0,urban,2,0,rain,low,35,high,poor road,minor,1,0,1,,0.8
4225,Chennai,Tamil Nadu,13.024731,80.239553,2022-10-12,18:00,18,Wednesday,0,rural,5,0,rain,low,39,high,overspeeding,major,3,0,1,,0.8
4230,Chennai,Tamil Nadu,13.101572,80.122991,2023-05-22,22:00,22,Monday,0,rural,5,1,clear,high,35,high,distraction,major,3,1,0,,0.3
4231,Chennai,Tamil Nadu,13.164642,80.213809,2023-01-08,13:00,13,Sunday,1,rural,1,1,fog,low,38,low,weather,major,2,2,0,,0.45
4243,Chennai,Tamil Nadu,12.950049,80.200269,2022-02-08,2:00,2,Tuesday,0,highway,3,0,rain,medium,21,low,distraction,minor,3,2,0,,0.25
4249,Chennai,Tamil Nadu,12.849367,80.100754,2022-12-11,22:00,22,Sunday,1,highway,2,1,clear,high,18,high,distraction,major,1,1,0,,0.3
4251,Chennai,Tamil Nadu,12.809011,80.22488,2024-07-14,9:00,9,Sunday,1,highway,3,0,clear,high,28,high,drunk driving,minor,3,3,1,,0.45
4254,Chennai,Tamil Nadu,13.087043,80.165999,2022-12-06,18:00,18,Tuesday,0,rural,2,1,clear,high,25,high,drunk driving,major,2,2,1,,0.45
4255,Chennai,Tamil Nadu,12.889874,80.295514,2022-03-10,13:00,13,Thursday,0,rural,3,0,rain,medium,37,high,weather,minor,4,2,0,,0.45
4261,Chennai,Tamil Nadu,12.825323,80.299837,2023-09-06,4:00,4,Wednesday,0,rural,4,1,clear,high,40,low,distraction,minor,1,1,0,,0.1
4262,Chennai,Tamil Nadu,13.070594,80.182354,2024-10-31,12:00,12,Thursday,0,urban,5,1,rain,low,28,medium,distraction,minor,4,1,0,,0.45
4266,Chennai,Tamil Nadu,12.876736,80.287699,2024-03-08,14:00,14,Friday,0,highway,5,0,clear,high,40,low,distraction,minor,3,3,0,,0.1
4268,Chennai,Tamil Nadu,12.935693,80.100202,2024-02-23,2:00,2,Friday,0,rural,3,1,clear,high,20,low,distraction,minor,4,0,0,,0.1
4285,Chennai,Tamil Nadu,13.050073,80.187817,2024-07-11,20:00,20,Thursday,0,highway,5,1,fog,low,18,medium,drunk driving,major,3,3,0,,0.45
4289,Chennai,Tamil Nadu,12.888945,80.110333,2022-01-23,16:00,16,Sunday,1,highway,4,0,clear,high,17,medium,drunk driving,minor,5,2,0,,0.1
4291,Chennai,Tamil Nadu,13.187286,80.281251,2025-01-29,10:00,10,Wednesday,0,highway,1,0,clear,high,15,high,drunk driving,minor,3,2,1,,0.45
4304,Chennai,Tamil Nadu,13.008078,80.132941,2024-02-06,0:00,0,Tuesday,0,urban,2,1,clear,high,24,medium,poor road,minor,1,1,0,,0.1
4306,Chennai,Tamil Nadu,12.83108,80.124511,2024-05-18,1:00,1,Saturday,1,rural,1,1,rain,medium,18,high,weather,minor,2,1,0,,0.45
4309,Chennai,Tamil Nadu,12.909472,80.164682,2022-05-26,9:00,9,Thursday,0,rural,5,0,clear,high,24,medium,weather,minor,1,0,1,,0.25
4322,Chennai,Tamil Nadu,13.113479,80.148316,2024-11-15,0:00,0,Friday,0,rural,5,1,fog,low,38,high,overspeeding,minor,5,3,0,,0.65
4335,Chennai,Tamil Nadu,12.933082,80.119543,2024-09-11,10:00,10,Wednesday,0,urban,6,1,rain,low,20,medium,weather,minor,1,1,1,,0.6
4336,Chennai,Tamil Nadu,12.875693,80.233383,2024-04-24,10:00,10,Wednesday,0,urban,4,0,rain,low,37,medium,distraction,minor,1,1,1,,0.6
4340,Chennai,Tamil Nadu,12.929508,80.212971,2022-02-28,10:00,10,Monday,0,urban,2,0,clear,high,40,low,overspeeding,major,1,0,1,,0.25
4342,Chennai,Tamil Nadu,13.028318,80.189276,2025-04-04,4:00,4,Friday,0,rural,6,0,fog,low,39,low,weather,minor,3,3,0,,0.45
4348,Chennai,Tamil Nadu,13.032444,80.138141,2023-02-17,6:00,6,Friday,0,urban,3,1,rain,low,40,low,weather,minor,5,4,0,,0.45
4373,Chennai,Tamil Nadu,12.900805,80.188648,2023-06-22,19:00,19,Thursday,0,urban,6,1,rain,medium,20,high,drunk driving,minor,4,4,1,,0.6
4376,Chennai,Tamil Nadu,13.186773,80.223555,2023-06-20,12:00,12,Tuesday,0,rural,6,0,clear,high,21,low,distraction,major,4,4,0,,0.1
4378,Chennai,Tamil Nadu,13.047683,80.153537,2025-01-18,19:00,19,Saturday,1,urban,1,0,clear,high,34,medium,drunk driving,fatal,3,3,1,,0.45
4392,Chennai,Tamil Nadu,12.854244,80.184236,2022-04-08,9:00,9,Friday,0,rural,2,0,clear,high,33,medium,weather,minor,1,1,1,,0.25
4395,Chennai,Tamil Nadu,12.890623,80.236131,2024-06-24,23:00,23,Monday,0,highway,4,0,fog,low,21,low,distraction,minor,1,0,0,,0.45
4397,Chennai,Tamil Nadu,13.188134,80.23047,2022-06-08,20:00,20,Wednesday,0,urban,5,0,clear,high,39,medium,poor road,fatal,3,3,0,,0.3
4404,Chennai,Tamil Nadu,13.134201,80.198234,2022-09-24,7:00,7,Saturday,1,urban,2,0,clear,high,19,medium,overspeeding,minor,5,3,0,,0.1
4405,Chennai,Tamil Nadu,12.920957,80.266577,2024-05-17,10:00,10,Friday,0,urban,3,1,rain,low,21,high,distraction,minor,5,5,1,,0.8
4411,Chennai,Tamil Nadu,12.961124,80.112981,2024-05-21,3:00,3,Tuesday,0,rural,4,0,clear,high,34,low,weather,major,1,0,0,,0.1
4412,Chennai,Tamil Nadu,12.950008,80.286565,2025-02-10,19:00,19,Monday,0,rural,3,0,clear,high,38,high,weather,minor,4,0,1,,0.45
4421,Chennai,Tamil Nadu,12.840675,80.172056,2023-09-10,21:00,21,Sunday,1,highway,1,0,rain,low,32,high,weather,minor,4,2,0,,0.65
4441,Chennai,Tamil Nadu,13.053037,80.256862,2024-10-15,13:00,13,Tuesday,0,rural,2,0,rain,low,24,high,poor road,minor,1,0,0,,0.65
4444,Chennai,Tamil Nadu,12.936386,80.131068,2023-11-15,2:00,2,Wednesday,0,highway,4,0,rain,low,18,low,poor road,minor,2,1,0,,0.45
4449,Chennai,Tamil Nadu,13.064536,80.18276,2023-10-25,3:00,3,Wednesday,0,urban,6,1,clear,high,37,low,poor road,minor,1,1,0,,0.1
4468,Chennai,Tamil Nadu,13.119884,80.137942,2024-10-07,4:00,4,Monday,0,rural,6,1,rain,low,21,medium,poor road,fatal,1,1,0,,0.65
4474,Chennai,Tamil Nadu,12.954767,80.197839,2024-11-01,16:00,16,Friday,0,highway,6,0,rain,low,38,medium,weather,minor,3,3,0,Diwali,0.55
4489,Chennai,Tamil Nadu,12.87119,80.117872,2024-12-21,8:00,8,Saturday,1,urban,1,0,fog,low,37,high,drunk driving,major,3,1,1,,0.8
4500,Chennai,Tamil Nadu,12.852345,80.294485,2024-08-04,17:00,17,Sunday,1,rural,2,0,fog,low,32,high,poor road,major,3,3,1,,0.8
4504,Chennai,Tamil Nadu,13.036521,80.261865,2022-01-26,12:00,12,Wednesday,0,rural,1,1,fog,low,36,high,drunk driving,major,2,1,0,,0.65
4508,Chennai,Tamil Nadu,12.93666,80.280177,2023-02-02,17:00,17,Thursday,0,highway,1,1,clear,high,26,high,overspeeding,major,1,0,1,,0.45
4511,Chennai,Tamil Nadu,12.845239,80.195003,2023-08-30,17:00,17,Wednesday,0,highway,1,0,rain,low,32,medium,poor road,major,1,1,1,,0.6
4512,Chennai,Tamil Nadu,13.052071,80.29892,2024-02-29,11:00,11,Thursday,0,urban,5,1,rain,low,26,low,weather,major,5,1,0,,0.45
4516,Chennai,Tamil Nadu,12.999181,80.277455,2023-10-28,1:00,1,Saturday,1,highway,6,0,clear,high,37,medium,drunk driving,minor,4,0,0,,0.1
4523,Chennai,Tamil Nadu,12.831271,80.276485,2024-11-28,12:00,12,Thursday,0,rural,2,0,rain,medium,31,high,overspeeding,minor,5,0,0,,0.45
4529,Chennai,Tamil Nadu,12.827596,80.265653,2024-08-17,4:00,4,Saturday,1,urban,1,1,fog,low,28,low,drunk driving,minor,4,1,0,,0.45
4531,Chennai,Tamil Nadu,13.083412,80.237882,2023-06-20,19:00,19,Tuesday,0,highway,4,1,clear,high,31,high,drunk driving,minor,4,0,1,,0.45
4533,Chennai,Tamil Nadu,12.869537,80.131079,2024-07-11,2:00,2,Thursday,0,rural,6,0,fog,low,27,low,poor road,major,3,1,0,,0.45
4544,Chennai,Tamil Nadu,13.011989,80.214536,2024-05-25,2:00,2,Saturday,1,urban,1,0,rain,low,27,low,weather,minor,4,0,0,,0.45
4545,Chennai,Tamil Nadu,12.875933,80.268281,2024-08-16,18:00,18,Friday,0,highway,5,0,fog,low,36,medium,weather,major,3,3,1,,0.6
4547,Chennai,Tamil Nadu,12.815571,80.158474,2023-01-07,6:00,6,Saturday,1,urban,1,0,clear,high,27,high,drunk driving,minor,4,1,0,,0.3
4548,Chennai,Tamil Nadu,12.98851,80.274881,2024-02-09,23:00,23,Friday,0,rural,4,0,rain,medium,22,low,distraction,minor,3,3,0,,0.25
4550,Chennai,Tamil Nadu,13.014068,80.295614,2022-06-12,22:00,22,Sunday,1,rural,4,0,rain,low,39,medium,overspeeding,major,3,0,0,,0.45
4552,Chennai,Tamil Nadu,13.037934,80.109048,2022-09-03,23:00,23,Saturday,1,highway,4,0,clear,high,16,high,weather,fatal,4,4,0,,0.5
4558,Chennai,Tamil Nadu,12.860617,80.192037,2024-09-15,3:00,3,Sunday,1,highway,3,1,clear,high,22,low,drunk driving,minor,5,2,0,,0.1
4596,Chennai,Tamil Nadu,13.098584,80.181253,2024-02-12,10:00,10,Monday,0,rural,3,0,clear,high,33,medium,weather,minor,2,2,1,,0.25
4613,Chennai,Tamil Nadu,12.969884,80.255952,2022-12-16,10:00,10,Friday,0,urban,4,1,clear,high,23,high,overspeeding,minor,1,0,1,,0.45
4620,Chennai,Tamil Nadu,13.165908,80.156331,2022-07-11,5:00,5,Monday,0,highway,3,0,clear,high,20,medium,poor road,fatal,5,5,0,,0.3
4625,Chennai,Tamil Nadu,13.138163,80.108908,2023-11-30,6:00,6,Thursday,0,highway,3,1,clear,high,23,high,drunk driving,major,2,0,0,,0.3
4630,Chennai,Tamil Nadu,13.18327,80.247719,2024-11-07,8:00,8,Thursday,0,rural,3,0,clear,high,22,medium,weather,major,1,0,1,,0.25
4643,Chennai,Tamil Nadu,13.18626,80.217465,2023-09-09,9:00,9,Saturday,1,highway,6,1,fog,low,30,high,poor road,minor,1,1,1,,0.8
4645,Chennai,Tamil Nadu,13.073762,80.124766,2022-05-17,12:00,12,Tuesday,0,urban,6,1,clear,high,34,medium,poor road,minor,2,2,0,,0.1
4649,Chennai,Tamil Nadu,13.162317,80.124656,2024-12-23,11:00,11,Monday,0,highway,1,0,clear,high,17,low,overspeeding,minor,4,3,0,,0.1
4652,Chennai,Tamil Nadu,13.110731,80.187372,2024-08-03,18:00,18,Saturday,1,highway,3,0,clear,high,28,high,drunk driving,fatal,4,4,1,,0.65
4672,Chennai,Tamil Nadu,13.095613,80.101007,2025-01-09,8:00,8,Thursday,0,rural,6,1,fog,low,22,high,poor road,minor,5,5,1,,0.8
4674,Chennai,Tamil Nadu,13.020792,80.288117,2024-04-25,19:00,19,Thursday,0,highway,3,0,clear,high,28,high,drunk driving,minor,5,1,1,,0.45
4677,Chennai,Tamil Nadu,13.121636,80.23204,2023-08-08,5:00,5,Tuesday,0,rural,6,0,fog,low,25,high,weather,minor,2,0,0,,0.65
4690,Chennai,Tamil Nadu,12.95539,80.180246,2022-03-26,10:00,10,Saturday,1,rural,2,1,rain,medium,31,high,weather,minor,4,3,1,,0.6
4696,Chennai,Tamil Nadu,12.905585,80.295515,2023-08-19,3:00,3,Saturday,1,highway,2,0,rain,medium,34,medium,drunk driving,major,1,0,0,,0.25
4703,Chennai,Tamil Nadu,13.09037,80.256853,2023-06-26,13:00,13,Monday,0,highway,1,0,clear,high,23,medium,poor road,major,1,1,0,,0.1
4715,Chennai,Tamil Nadu,13.166828,80.188292,2022-07-08,6:00,6,Friday,0,highway,1,0,clear,high,40,low,overspeeding,fatal,5,5,0,,0.3
4718,Chennai,Tamil Nadu,12.805494,80.198562,2024-04-13,7:00,7,Saturday,1,highway,2,1,clear,high,29,low,poor road,minor,3,3,0,,0.1
4719,Chennai,Tamil Nadu,12.921084,80.260865,2023-04-12,17:00,17,Wednesday,0,rural,5,1,fog,low,17,high,distraction,major,5,4,1,,0.8
4748,Chennai,Tamil Nadu,12.980328,80.276252,2022-12-18,14:00,14,Sunday,1,urban,2,0,fog,low,37,low,drunk driving,major,3,1,0,,0.45
4756,Chennai,Tamil Nadu,12.905304,80.180541,2023-04-30,19:00,19,Sunday,1,urban,6,0,rain,low,33,high,weather,minor,3,0,1,,0.8
4764,Chennai,Tamil Nadu,12.82229,80.258237,2024-08-16,14:00,14,Friday,0,urban,4,0,clear,high,34,high,overspeeding,fatal,5,5,0,,0.5
4766,Chennai,Tamil Nadu,12.947358,80.267337,2022-04-03,21:00,21,Sunday,1,rural,3,1,fog,low,26,high,weather,minor,1,1,0,,0.65
4786,Chennai,Tamil Nadu,13.129486,80.272429,2022-08-04,3:00,3,Thursday,0,rural,6,0,rain,low,20,low,poor road,major,3,1,0,,0.45
4791,Chennai,Tamil Nadu,12.984553,80.200492,2022-12-14,6:00,6,Wednesday,0,highway,1,1,clear,high,35,low,distraction,minor,5,5,0,,0.1
4798,Chennai,Tamil Nadu,12.869719,80.283277,2022-12-04,3:00,3,Sunday,1,rural,2,0,clear,high,26,low,drunk driving,minor,1,0,0,,0.1
4805,Chennai,Tamil Nadu,13.072579,80.158956,2022-06-20,13:00,13,Monday,0,urban,2,0,fog,low,34,low,weather,minor,2,1,0,,0.45
4815,Chennai,Tamil Nadu,13.007842,80.263724,2023-06-12,5:00,5,Monday,0,highway,2,1,rain,low,25,medium,drunk driving,minor,4,1,0,,0.45
4817,Chennai,Tamil Nadu,12.826656,80.147582,2025-01-13,0:00,0,Monday,0,urban,1,1,fog,low,40,low,distraction,minor,5,0,0,,0.45
4822,Chennai,Tamil Nadu,13.162978,80.212145,2024-09-26,16:00,16,Thursday,0,rural,3,0,rain,low,17,low,overspeeding,fatal,4,4,0,,0.65
4824,Chennai,Tamil Nadu,12.979358,80.239249,2023-03-17,2:00,2,Friday,0,urban,3,0,clear,high,28,low,weather,minor,2,2,0,,0.1
4830,Chennai,Tamil Nadu,13.080144,80.20682,2022-12-21,21:00,21,Wednesday,0,urban,5,0,fog,low,32,medium,poor road,minor,4,2,0,,0.45
4836,Chennai,Tamil Nadu,12.97823,80.296513,2022-11-23,0:00,0,Wednesday,0,rural,1,0,fog,low,16,low,weather,major,2,0,0,,0.45
4866,Chennai,Tamil Nadu,12.94675,80.135346,2023-04-29,15:00,15,Saturday,1,urban,5,1,fog,low,28,low,overspeeding,major,2,2,0,,0.45
4875,Chennai,Tamil Nadu,12.932244,80.142896,2022-07-20,1:00,1,Wednesday,0,rural,2,0,clear,high,39,low,drunk driving,minor,3,3,0,,0.1
4888,Chennai,Tamil Nadu,12.908412,80.2383,2024-11-26,19:00,19,Tuesday,0,highway,1,1,rain,low,28,high,weather,minor,2,2,1,,0.8
4891,Chennai,Tamil Nadu,12.941891,80.217504,2023-12-24,4:00,4,Sunday,1,highway,2,0,fog,low,38,medium,weather,minor,1,0,0,,0.45
4899,Chennai,Tamil Nadu,12.843776,80.234998,2022-11-09,16:00,16,Wednesday,0,highway,6,0,clear,high,37,low,weather,minor,5,0,0,,0.1
4909,Chennai,Tamil Nadu,13.189908,80.29931,2022-10-16,20:00,20,Sunday,1,urban,1,0,rain,low,40,medium,weather,minor,2,1,0,,0.45
4931,Chennai,Tamil Nadu,13.110143,80.149776,2025-03-07,8:00,8,Friday,0,highway,3,0,clear,high,36,high,overspeeding,fatal,2,2,1,,0.65
4935,Chennai,Tamil Nadu,12.999477,80.16754,2022-05-20,16:00,16,Friday,0,urban,4,0,clear,high,26,medium,distraction,major,4,0,0,,0.1
4939,Chennai,Tamil Nadu,13.048128,80.262451,2022-12-02,22:00,22,Friday,0,urban,3,1,fog,low,15,low,poor road,minor,1,0,0,,0.45
4942,Chennai,Tamil Nadu,13.03367,80.13825,2024-04-19,17:00,17,Friday,0,urban,5,1,fog,low,30,medium,weather,major,2,2,1,,0.6
4951,Chennai,Tamil Nadu,13.150067,80.119374,2022-03-12,16:00,16,Saturday,1,highway,1,1,clear,high,35,high,drunk driving,fatal,4,4,0,,0.5
4959,Chennai,Tamil Nadu,13.074748,80.294306,2022-06-17,0:00,0,Friday,0,urban,3,1,clear,high,17,low,overspeeding,minor,3,1,0,,0.1
4963,Chennai,Tamil Nadu,13.056623,80.116676,2022-12-12,4:00,4,Monday,0,rural,4,0,clear,high,30,low,overspeeding,minor,1,1,0,,0.1
4976,Chennai,Tamil Nadu,12.882682,80.172913,2024-06-04,16:00,16,Tuesday,0,highway,4,0,fog,low,21,high,distraction,minor,5,1,0,,0.65
4993,Chennai,Tamil Nadu,13.044217,80.205497,2022-06-15,5:00,5,Wednesday,0,highway,4,1,fog,low,21,high,drunk driving,major,2,2,0,,0.65
4996,Chennai,Tamil Nadu,12.906835,80.18758,2023-11-17,2:00,2,Friday,0,rural,3,0,fog,low,18,medium,drunk driving,minor,2,1,0,,0.45
5011,Chennai,Tamil Nadu,13.161054,80.206634,2025-01-16,14:00,14,Thursday,0,highway,5,0,fog,low,21,low,distraction,minor,5,4,0,,0.45
5013,Chennai,Tamil Nadu,12.971415,80.159095,2024-01-27,14:00,14,Saturday,1,urban,6,1,clear,high,36,high,overspeeding,minor,2,0,0,,0.3
5020,Chennai,Tamil Nadu,12.803783,80.148517,2023-07-28,6:00,6,Friday,0,highway,1,0,clear,high,38,high,distraction,major,1,1,0,,0.3
5022,Chennai,Tamil Nadu,13.190375,80.227212,2025-03-25,20:00,20,Tuesday,0,rural,5,0,clear,high,29,low,overspeeding,fatal,2,2,0,,0.3
5025,Chennai,Tamil Nadu,13.009488,80.194379,2022-04-02,0:00,0,Saturday,1,urban,4,0,rain,low,16,medium,poor road,minor,5,3,0,,0.45
5026,Chennai,Tamil Nadu,13.178866,80.218139,2023-08-24,19:00,19,Thursday,0,rural,5,1,rain,low,22,high,overspeeding,major,3,0,1,,0.8
5030,Chennai,Tamil Nadu,13.122016,80.112614,2024-01-08,6:00,6,Monday,0,highway,2,0,clear,high,38,low,overspeeding,fatal,1,1,0,,0.3
5048,Chennai,Tamil Nadu,13.092468,80.114716,2024-05-07,13:00,13,Tuesday,0,urban,1,0,rain,medium,36,high,drunk driving,minor,3,3,0,,0.45
5050,Chennai,Tamil Nadu,12.948346,80.231396,2024-02-16,14:00,14,Friday,0,urban,2,0,clear,high,40,high,poor road,minor,4,0,0,,0.3
5057,Chennai,Tamil Nadu,12.864064,80.143779,2025-01-10,14:00,14,Friday,0,urban,1,0,fog,low,22,medium,poor road,fatal,4,4,0,,0.65
5072,Chennai,Tamil Nadu,12.844141,80.188055,2024-02-02,1:00,1,Friday,0,rural,4,1,rain,medium,37,low,distraction,major,2,2,0,,0.25
5088,Chennai,Tamil Nadu,13.165116,80.162989,2024-09-02,15:00,15,Monday,0,rural,1,0,fog,low,34,low,drunk driving,fatal,2,2,0,,0.65
5091,Chennai,Tamil Nadu,12.904797,80.254944,2024-08-22,8:00,8,Thursday,0,highway,3,1,clear,high,37,high,drunk driving,minor,5,0,1,,0.45
5094,Chennai,Tamil Nadu,12.987825,80.124032,2023-05-18,1:00,1,Thursday,0,urban,4,0,rain,low,39,low,weather,major,3,3,0,,0.45
5115,Chennai,Tamil Nadu,12.956672,80.252997,2023-03-05,22:00,22,Sunday,1,urban,3,1,clear,high,21,medium,poor road,minor,4,1,0,,0.1
5120,Chennai,Tamil Nadu,13.140114,80.294483,2023-05-06,2:00,2,Saturday,1,rural,6,1,clear,high,35,low,drunk driving,minor,2,1,0,,0.1
5122,Chennai,Tamil Nadu,13.150922,80.282123,2023-06-27,22:00,22,Tuesday,0,rural,2,0,rain,low,23,high,drunk driving,major,2,0,0,,0.65
5130,Chennai,Tamil Nadu,12.906555,80.141124,2024-09-01,1:00,1,Sunday,1,rural,1,0,fog,low,38,high,weather,major,4,1,0,,0.65
5131,Chennai,Tamil Nadu,12.997541,80.234468,2024-07-27,10:00,10,Saturday,1,rural,6,0,fog,low,21,high,poor road,major,2,1,1,,0.8
5132,Chennai,Tamil Nadu,12.917935,80.266571,2022-04-21,12:00,12,Thursday,0,urban,1,1,rain,medium,27,low,weather,major,3,1,0,,0.25
5138,Chennai,Tamil Nadu,13.072522,80.244514,2024-12-27,1:00,1,Friday,0,rural,4,1,rain,medium,34,low,poor road,minor,3,3,0,,0.25
5152,Chennai,Tamil Nadu,12.869027,80.170917,2022-11-09,0:00,0,Wednesday,0,highway,5,0,clear,high,30,medium,distraction,minor,1,1,0,,0.1
5154,Chennai,Tamil Nadu,13.144258,80.115096,2023-06-06,0:00,0,Tuesday,0,rural,4,0,rain,medium,21,low,poor road,minor,1,1,0,,0.25
5174,Chennai,Tamil Nadu,13.160576,80.10095,2025-01-25,19:00,19,Saturday,1,urban,6,0,clear,high,37,high,weather,major,1,1,1,,0.45
5175,Chennai,Tamil Nadu,13.125641,80.270732,2024-11-15,6:00,6,Friday,0,highway,3,0,fog,low,28,medium,distraction,major,4,3,0,,0.45
5180,Chennai,Tamil Nadu,12.900436,80.256927,2023-08-14,12:00,12,Monday,0,rural,2,1,fog,low,29,medium,drunk driving,minor,5,2,0,,0.45
5184,Chennai,Tamil Nadu,12.858275,80.142778,2023-03-22,11:00,11,Wednesday,0,rural,3,1,clear,high,20,high,distraction,fatal,2,2,0,,0.5
5192,Chennai,Tamil Nadu,12.813662,80.121273,2024-03-28,0:00,0,Thursday,0,highway,3,1,fog,low,23,low,drunk driving,major,1,1,0,,0.45
5194,Chennai,Tamil Nadu,12.830269,80.185378,2023-06-06,13:00,13,Tuesday,0,rural,6,1,fog,low,32,medium,overspeeding,minor,5,5,0,,0.45
5199,Chennai,Tamil Nadu,13.176686,80.167788,2024-11-30,19:00,19,Saturday,1,rural,5,1,clear,high,33,high,drunk driving,minor,2,0,1,,0.45
5205,Chennai,Tamil Nadu,12.872029,80.134123,2022-01-08,0:00,0,Saturday,1,urban,5,0,clear,high,30,low,weather,minor,1,0,0,,0.1
5206,Chennai,Tamil Nadu,13.146157,80.216694,2022-01-03,9:00,9,Monday,0,rural,2,0,rain,medium,23,high,overspeeding,fatal,1,1,1,,0.8
5207,Chennai,Tamil Nadu,12.816074,80.262722,2024-11-09,3:00,3,Saturday,1,rural,2,0,rain,low,21,low,drunk driving,major,4,3,0,,0.45
5216,Chennai,Tamil Nadu,13.035809,80.170197,2022-02-22,9:00,9,Tuesday,0,highway,5,0,rain,medium,29,high,overspeeding,fatal,2,2,1,,0.8
5231,Chennai,Tamil Nadu,12.800328,80.212585,2023-12-19,6:00,6,Tuesday,0,rural,2,1,fog,low,33,low,weather,minor,3,2,0,,0.45
5238,Chennai,Tamil Nadu,13.106379,80.121158,2023-10-26,2:00,2,Thursday,0,urban,1,1,clear,high,27,medium,weather,major,1,0,0,,0.1
5241,Chennai,Tamil Nadu,13.019017,80.244442,2022-10-28,6:00,6,Friday,0,urban,6,0,rain,low,36,high,overspeeding,major,2,2,0,,0.65
5245,Chennai,Tamil Nadu,13.121331,80.152805,2024-11-24,10:00,10,Sunday,1,rural,4,0,clear,high,29,low,poor road,major,1,0,1,,0.25
5267,Chennai,Tamil Nadu,12.995069,80.185781,2024-11-29,18:00,18,Friday,0,urban,5,0,rain,medium,33,high,poor road,major,4,4,1,,0.6
5274,Chennai,Tamil Nadu,13.103214,80.220878,2022-02-23,11:00,11,Wednesday,0,highway,5,0,fog,low,28,high,poor road,minor,3,3,0,,0.65
5286,Chennai,Tamil Nadu,12.817179,80.168162,2024-02-28,10:00,10,Wednesday,0,highway,2,1,rain,low,22,high,overspeeding,major,3,3,1,,0.8
5323,Chennai,Tamil Nadu,12.966211,80.231067,2023-08-30,6:00,6,Wednesday,0,highway,3,1,clear,high,33,high,distraction,minor,1,1,0,,0.3
5360,Chennai,Tamil Nadu,12.936025,80.262786,2024-06-26,12:00,12,Wednesday,0,urban,1,0,fog,low,33,high,poor road,minor,1,1,0,,0.65
5361,Chennai,Tamil Nadu,12.829566,80.202482,2024-08-24,18:00,18,Saturday,1,highway,1,1,clear,high,36,medium,distraction,fatal,5,5,1,,0.45
5362,Chennai,Tamil Nadu,13.118749,80.149829,2023-06-03,1:00,1,Saturday,1,urban,3,0,rain,low,38,low,weather,minor,4,2,0,,0.45
5363,Chennai,Tamil Nadu,13.161004,80.215234,2024-04-18,10:00,10,Thursday,0,rural,1,0,rain,medium,23,high,overspeeding,minor,4,3,1,,0.6
5365,Chennai,Tamil Nadu,13.12658,80.120888,2024-03-08,20:00,20,Friday,0,highway,4,0,rain,low,40,medium,weather,fatal,1,1,0,,0.65
5367,Chennai,Tamil Nadu,13.132048,80.246179,2023-03-23,19:00,19,Thursday,0,highway,1,1,clear,high,25,medium,poor road,minor,2,0,1,,0.25
5371,Chennai,Tamil Nadu,12.977494,80.105521,2023-11-18,12:00,12,Saturday,1,highway,5,0,fog,low,39,high,overspeeding,fatal,4,4,0,,0.85
5393,Chennai,Tamil Nadu,12.956919,80.248972,2024-06-11,19:00,19,Tuesday,0,highway,2,1,rain,medium,34,medium,weather,minor,4,4,1,,0.4
5396,Chennai,Tamil Nadu,13.174804,80.142827,2022-03-02,14:00,14,Wednesday,0,highway,4,1,clear,high,31,low,weather,major,5,4,0,,0.1
5402,Chennai,Tamil Nadu,12.857109,80.126846,2024-09-03,19:00,19,Tuesday,0,rural,3,0,clear,high,35,high,distraction,major,2,2,1,,0.45
5403,Chennai,Tamil Nadu,13.015057,80.245216,2023-01-31,10:00,10,Tuesday,0,urban,2,1,rain,medium,22,high,weather,major,3,3,1,,0.6
5414,Chennai,Tamil Nadu,12.881615,80.126654,2024-12-21,3:00,3,Saturday,1,highway,3,0,rain,low,18,high,weather,fatal,1,1,0,,0.85
5417,Chennai,Tamil Nadu,13.129522,80.106106,2023-02-05,8:00,8,Sunday,1,urban,2,1,fog,low,33,medium,poor road,fatal,4,4,1,,0.8
5422,Chennai,Tamil Nadu,12.901189,80.148122,2023-04-27,19:00,19,Thursday,0,rural,6,0,clear,high,25,high,overspeeding,major,5,4,1,,0.45
5436,Chennai,Tamil Nadu,13.111531,80.116303,2023-12-27,0:00,0,Wednesday,0,highway,4,1,clear,high,29,low,poor road,minor,2,1,0,,0.1
5450,Chennai,Tamil Nadu,12.909958,80.241515,2022-02-23,19:00,19,Wednesday,0,rural,6,0,rain,medium,38,medium,distraction,major,2,2,1,,0.4
5459,Chennai,Tamil Nadu,13.177969,80.157725,2023-05-01,4:00,4,Monday,0,urban,3,0,rain,low,35,low,distraction,minor,3,3,0,,0.45
5477,Chennai,Tamil Nadu,12.94741,80.228573,2023-11-25,20:00,20,Saturday,1,rural,5,1,fog,low,35,medium,drunk driving,major,3,0,0,,0.45
5481,Chennai,Tamil Nadu,13.193623,80.18198,2022-12-12,12:00,12,Monday,0,urban,6,0,rain,medium,22,medium,overspeeding,minor,5,1,0,,0.25
5485,Chennai,Tamil Nadu,13.041367,80.159813,2022-01-23,5:00,5,Sunday,1,highway,3,1,fog,low,28,low,distraction,minor,5,1,0,,0.45
5498,Chennai,Tamil Nadu,13.014649,80.148693,2022-04-20,7:00,7,Wednesday,0,urban,3,0,clear,high,17,high,poor road,major,5,0,0,,0.3
5510,Chennai,Tamil Nadu,12.996384,80.194442,2022-12-11,3:00,3,Sunday,1,highway,4,0,fog,low,16,low,drunk driving,major,3,0,0,,0.45
5514,Chennai,Tamil Nadu,13.173737,80.239311,2024-07-06,7:00,7,Saturday,1,rural,6,1,fog,low,37,low,overspeeding,minor,4,0,0,,0.45
5525,Chennai,Tamil Nadu,13.067617,80.271861,2022-03-06,2:00,2,Sunday,1,rural,1,1,rain,medium,34,medium,drunk driving,major,3,0,0,,0.25
5528,Chennai,Tamil Nadu,12.83104,80.182448,2022-08-22,11:00,11,Monday,0,highway,4,0,rain,low,24,low,overspeeding,major,1,1,0,,0.45
5559,Chennai,Tamil Nadu,12.819679,80.125141,2022-10-17,16:00,16,Monday,0,rural,3,0,clear,high,31,medium,overspeeding,fatal,4,4,0,,0.3
5578,Chennai,Tamil Nadu,12.90381,80.265489,2023-09-08,11:00,11,Friday,0,urban,6,0,clear,high,17,medium,weather,minor,3,0,0,,0.1
5581,Chennai,Tamil Nadu,12.918304,80.275596,2024-06-29,1:00,1,Saturday,1,urban,4,1,clear,high,30,low,overspeeding,minor,3,2,0,,0.1
5586,Chennai,Tamil Nadu,13.044535,80.250072,2023-06-08,8:00,8,Thursday,0,highway,5,1,fog,low,17,medium,drunk driving,major,4,2,1,,0.6
5590,Chennai,Tamil Nadu,12.984466,80.279952,2022-05-24,19:00,19,Tuesday,0,highway,6,1,clear,high,33,medium,weather,major,5,3,1,,0.25
5595,Chennai,Tamil Nadu,13.148936,80.255732,2023-05-18,18:00,18,Thursday,0,urban,6,1,clear,high,34,high,drunk driving,minor,1,0,1,,0.45
5602,Chennai,Tamil Nadu,12.948599,80.160574,2023-09-26,18:00,18,Tuesday,0,rural,1,1,rain,medium,36,high,weather,minor,1,0,1,,0.6
5603,Chennai,Tamil Nadu,12.888697,80.273382,2024-06-07,20:00,20,Friday,0,rural,5,1,fog,low,18,medium,poor road,minor,4,2,0,,0.45
5606,Chennai,Tamil Nadu,13.090077,80.156785,2024-10-18,12:00,12,Friday,0,rural,5,0,clear,high,34,low,drunk driving,fatal,5,5,0,,0.3
5609,Chennai,Tamil Nadu,12.876447,80.249683,2023-07-29,16:00,16,Saturday,1,urban,4,0,fog,low,18,low,poor road,minor,2,1,0,,0.45
5611,Chennai,Tamil Nadu,12.952264,80.188725,2023-11-07,0:00,0,Tuesday,0,highway,5,0,fog,low,32,medium,distraction,minor,1,0,0,,0.45
5633,Chennai,Tamil Nadu,13.13497,80.171664,2022-07-24,8:00,8,Sunday,1,highway,1,1,clear,high,23,medium,weather,fatal,1,1,1,,0.45
5642,Chennai,Tamil Nadu,12.97267,80.135841,2023-12-03,20:00,20,Sunday,1,urban,2,0,clear,high,34,medium,weather,minor,4,1,0,,0.1
5652,Chennai,Tamil Nadu,12.836164,80.270189,2023-10-08,7:00,7,Sunday,1,highway,6,1,fog,low,22,low,weather,minor,1,0,0,,0.45
5657,Chennai,Tamil Nadu,13.120348,80.290025,2022-04-21,0:00,0,Thursday,0,urban,6,1,rain,low,38,low,weather,minor,4,3,0,,0.45
5660,Chennai,Tamil Nadu,13.132088,80.161247,2025-02-20,6:00,6,Thursday,0,rural,1,1,rain,medium,33,low,weather,minor,5,1,0,,0.25
5661,Chennai,Tamil Nadu,13.054735,80.128024,2023-12-20,18:00,18,Wednesday,0,urban,5,1,fog,low,36,medium,poor road,minor,3,2,1,,0.6
5675,Chennai,Tamil Nadu,13.03324,80.223743,2024-12-19,7:00,7,Thursday,0,urban,2,1,rain,low,24,medium,drunk driving,minor,5,4,0,,0.45
5681,Chennai,Tamil Nadu,13.138819,80.141277,2024-05-28,11:00,11,Tuesday,0,urban,5,1,fog,low,17,low,poor road,major,1,1,0,,0.45
5685,Chennai,Tamil Nadu,12.809371,80.123588,2023-10-07,5:00,5,Saturday,1,urban,5,0,clear,high,36,low,drunk driving,minor,5,2,0,,0.1
5702,Chennai,Tamil Nadu,13.055637,80.105365,2022-02-21,22:00,22,Monday,0,highway,6,0,fog,low,26,high,overspeeding,minor,3,3,0,,0.65
5705,Chennai,Tamil Nadu,13.096069,80.200814,2025-04-01,23:00,23,Tuesday,0,rural,6,0,clear,high,25,medium,poor road,minor,4,1,0,,0.1
5713,Chennai,Tamil Nadu,13.13826,80.259491,2022-02-25,1:00,1,Friday,0,urban,2,0,rain,low,36,medium,drunk driving,minor,2,0,0,,0.45
5722,Chennai,Tamil Nadu,13.131525,80.114963,2024-10-06,5:00,5,Sunday,1,urban,6,1,fog,low,34,low,weather,minor,2,1,0,,0.45
5724,Chennai,Tamil Nadu,13.166052,80.216448,2024-04-16,4:00,4,Tuesday,0,urban,3,1,rain,medium,17,high,weather,fatal,2,2,0,,0.65
5725,Chennai,Tamil Nadu,13.062486,80.134961,2022-08-30,5:00,5,Tuesday,0,highway,2,1,clear,high,39,medium,distraction,minor,2,2,0,,0.1
5726,Chennai,Tamil Nadu,13.089662,80.174393,2024-06-12,9:00,9,Wednesday,0,rural,5,1,clear,high,21,high,drunk driving,major,5,5,1,,0.45
5730,Chennai,Tamil Nadu,12.906455,80.268365,2022-11-14,9:00,9,Monday,0,urban,4,1,clear,high,33,high,overspeeding,minor,5,5,1,,0.45
5737,Chennai,Tamil Nadu,13.089186,80.225706,2023-10-01,21:00,21,Sunday,1,highway,3,1,fog,low,39,low,distraction,fatal,3,3,0,,0.65
5744,Chennai,Tamil Nadu,13.080444,80.118655,2024-02-09,1:00,1,Friday,0,highway,5,0,rain,low,18,low,distraction,minor,3,1,0,,0.45
5746,Chennai,Tamil Nadu,13.001562,80.278283,2022-01-28,0:00,0,Friday,0,urban,3,0,fog,low,30,low,overspeeding,major,4,2,0,,0.45
5756,Chennai,Tamil Nadu,12.882736,80.124834,2023-12-25,22:00,22,Monday,0,urban,2,0,clear,high,29,low,weather,major,5,5,0,,0.1
5764,Chennai,Tamil Nadu,13.179112,80.17807,2024-02-26,11:00,11,Monday,0,urban,2,1,rain,low,27,high,overspeeding,minor,3,3,0,,0.65
5766,Chennai,Tamil Nadu,13.108774,80.129999,2024-02-08,17:00,17,Thursday,0,rural,5,1,fog,low,27,high,drunk driving,fatal,2,2,1,,1.0
5779,Chennai,Tamil Nadu,12.817781,80.109314,2024-11-04,20:00,20,Monday,0,highway,5,1,clear,high,33,low,weather,minor,5,2,0,,0.1
5780,Chennai,Tamil Nadu,12.951208,80.229214,2022-11-03,1:00,1,Thursday,0,rural,6,0,rain,low,32,low,overspeeding,minor,2,2,0,,0.45
5791,Chennai,Tamil Nadu,13.156342,80.133357,2022-06-02,10:00,10,Thursday,0,rural,5,1,fog,low,39,high,drunk driving,major,2,2,1,,0.8
5801,Chennai,Tamil Nadu,12.944302,80.129298,2023-07-18,15:00,15,Tuesday,0,highway,1,0,rain,medium,34,low,weather,major,5,5,0,,0.25
5814,Chennai,Tamil Nadu,12.830335,80.237824,2023-09-15,0:00,0,Friday,0,rural,4,1,fog,low,18,low,weather,minor,1,1,0,,0.45
5818,Chennai,Tamil Nadu,13.062826,80.282181,2024-09-07,17:00,17,Saturday,1,highway,5,0,fog,low,33,high,distraction,minor,4,4,1,,0.8
5837,Chennai,Tamil Nadu,13.087782,80.234596,2023-10-15,0:00,0,Sunday,1,rural,1,0,rain,low,19,low,drunk driving,minor,3,1,0,,0.45
5847,Chennai,Tamil Nadu,13.132167,80.118847,2024-08-07,11:00,11,Wednesday,0,highway,2,0,clear,high,26,medium,distraction,minor,2,1,0,,0.1
5856,Chennai,Tamil Nadu,12.809467,80.166282,2023-08-26,3:00,3,Saturday,1,urban,1,1,fog,low,30,low,overspeeding,minor,1,0,0,,0.45
5860,Chennai,Tamil Nadu,12.994285,80.19041,2025-04-08,0:00,0,Tuesday,0,highway,5,0,rain,low,24,medium,overspeeding,fatal,4,4,0,,0.65
5863,Chennai,Tamil Nadu,13.0745,80.173078,2022-06-19,11:00,11,Sunday,1,urban,4,0,clear,high,33,low,drunk driving,fatal,5,5,0,,0.3
5866,Chennai,Tamil Nadu,12.840759,80.235226,2022-02-22,23:00,23,Tuesday,0,rural,4,0,clear,high,27,medium,drunk driving,minor,5,4,0,,0.1
5869,Chennai,Tamil Nadu,12.898973,80.124526,2024-06-14,15:00,15,Friday,0,highway,2,1,clear,high,27,high,poor road,minor,3,0,0,,0.3
5877,Chennai,Tamil Nadu,13.069032,80.259931,2022-02-10,0:00,0,Thursday,0,highway,5,0,rain,medium,22,low,distraction,minor,2,2,0,,0.25
5884,Chennai,Tamil Nadu,13.06324,80.159052,2022-08-09,23:00,23,Tuesday,0,rural,1,1,fog,low,39,low,weather,major,3,3,0,,0.45
5896,Chennai,Tamil Nadu,12.927461,80.148145,2022-08-14,13:00,13,Sunday,1,rural,2,0,fog,low,38,high,poor road,minor,3,0,0,,0.65
5913,Chennai,Tamil Nadu,13.052805,80.237248,2025-04-02,18:00,18,Wednesday,0,urban,6,0,clear,high,19,high,drunk driving,minor,4,1,1,,0.45
5921,Chennai,Tamil Nadu,13.002196,80.146,2024-09-12,3:00,3,Thursday,0,highway,1,0,fog,low,26,low,poor road,major,1,1,0,,0.45
5932,Chennai,Tamil Nadu,12.877946,80.215993,2024-04-09,13:00,13,Tuesday,0,highway,6,0,clear,high,33,high,drunk driving,major,3,0,0,,0.3
5938,Chennai,Tamil Nadu,13.190167,80.115243,2023-05-18,4:00,4,Thursday,0,highway,3,1,rain,medium,29,low,distraction,minor,1,0,0,,0.25
5939,Chennai,Tamil Nadu,13.095916,80.223158,2023-08-21,8:00,8,Monday,0,rural,6,1,fog,low,22,medium,overspeeding,minor,3,0,1,,0.6
5948,Chennai,Tamil Nadu,12.88571,80.26429,2024-05-17,0:00,0,Friday,0,rural,3,0,fog,low,28,high,poor road,minor,1,1,0,,0.65
5951,Chennai,Tamil Nadu,12.878088,80.253026,2024-05-21,3:00,3,Tuesday,0,highway,4,1,rain,medium,22,low,overspeeding,fatal,2,2,0,,0.45
5961,Chennai,Tamil Nadu,12.815513,80.200707,2024-08-13,10:00,10,Tuesday,0,highway,2,1,clear,high,22,medium,weather,fatal,3,3,1,,0.45
5971,Chennai,Tamil Nadu,13.157348,80.197923,2025-01-10,18:00,18,Friday,0,urban,2,0,clear,high,21,medium,weather,fatal,4,4,1,,0.45
5977,Chennai,Tamil Nadu,12.90624,80.241547,2023-06-12,19:00,19,Monday,0,rural,6,0,fog,low,24,high,drunk driving,major,4,3,1,,0.8
5987,Chennai,Tamil Nadu,12.910101,80.179989,2022-05-31,5:00,5,Tuesday,0,highway,5,1,fog,low,15,low,drunk driving,fatal,1,1,0,,0.65
5995,Chennai,Tamil Nadu,13.056708,80.246617,2023-04-16,23:00,23,Sunday,1,rural,1,0,rain,medium,35,high,drunk driving,fatal,5,5,0,,0.65
6008,Chennai,Tamil Nadu,12.817928,80.195278,2022-10-02,4:00,4,Sunday,1,rural,6,0,fog,low,23,low,overspeeding,minor,1,0,0,,0.45
6009,Chennai,Tamil Nadu,12.812437,80.226885,2025-03-27,10:00,10,Thursday,0,urban,2,0,rain,medium,15,medium,distraction,minor,1,1,1,,0.4
6020,Chennai,Tamil Nadu,13.028486,80.12801,2022-10-06,0:00,0,Thursday,0,urban,1,1,fog,low,36,low,distraction,fatal,2,2,0,,0.65
6026,Chennai,Tamil Nadu,13.024906,80.246376,2024-05-16,12:00,12,Thursday,0,rural,5,0,fog,low,32,medium,weather,major,1,1,0,,0.45
6027,Chennai,Tamil Nadu,13.034875,80.213271,2023-07-16,2:00,2,Sunday,1,rural,4,1,clear,high,40,low,drunk driving,major,5,2,0,,0.1
6046,Chennai,Tamil Nadu,13.131202,80.297242,2022-03-12,18:00,18,Saturday,1,rural,5,0,rain,medium,39,medium,poor road,minor,2,2,1,,0.4
6052,Chennai,Tamil Nadu,12.912108,80.226275,2024-10-03,2:00,2,Thursday,0,urban,5,0,clear,high,18,low,weather,minor,1,0,0,,0.1
6060,Chennai,Tamil Nadu,13.168663,80.128246,2023-10-19,17:00,17,Thursday,0,rural,3,1,fog,low,32,medium,weather,minor,3,1,1,,0.6
6088,Chennai,Tamil Nadu,12.926157,80.209326,2024-02-14,6:00,6,Wednesday,0,urban,2,0,rain,low,18,high,distraction,minor,3,3,0,,0.65
6092,Chennai,Tamil Nadu,13.0244,80.223243,2022-11-06,19:00,19,Sunday,1,rural,5,1,clear,high,22,low,distraction,fatal,4,4,1,,0.45
6094,Chennai,Tamil Nadu,12.969937,80.235117,2024-01-17,4:00,4,Wednesday,0,highway,4,1,clear,high,33,low,distraction,fatal,1,1,0,,0.3
6095,Chennai,Tamil Nadu,13.105874,80.28423,2024-04-17,20:00,20,Wednesday,0,rural,6,0,rain,medium,21,low,weather,minor,4,1,0,,0.25
6100,Chennai,Tamil Nadu,13.112975,80.199933,2022-04-26,22:00,22,Tuesday,0,highway,1,0,clear,high,34,medium,overspeeding,minor,1,1,0,,0.1
6102,Chennai,Tamil Nadu,12.806998,80.206946,2024-02-26,11:00,11,Monday,0,highway,5,1,fog,low,27,high,overspeeding,minor,3,2,0,,0.65
6109,Chennai,Tamil Nadu,12.848674,80.261952,2023-05-30,20:00,20,Tuesday,0,highway,4,0,clear,high,28,medium,overspeeding,minor,3,3,0,,0.1
6111,Chennai,Tamil Nadu,12.851443,80.205803,2023-06-05,10:00,10,Monday,0,urban,2,0,clear,high,27,high,drunk driving,minor,3,0,1,,0.45
6113,Chennai,Tamil Nadu,13.176228,80.186923,2022-08-29,15:00,15,Monday,0,rural,2,0,fog,low,35,medium,distraction,minor,1,0,0,,0.45
6126,Chennai,Tamil Nadu,13.177849,80.114908,2023-03-03,13:00,13,Friday,0,rural,2,0,rain,low,39,high,overspeeding,major,4,1,0,,0.65
6133,Chennai,Tamil Nadu,12.873369,80.104395,2024-11-23,4:00,4,Saturday,1,highway,6,0,rain,medium,26,high,overspeeding,minor,5,2,0,,0.45
6136,Chennai,Tamil Nadu,13.030113,80.210738,2023-01-11,15:00,15,Wednesday,0,highway,5,1,rain,low,23,low,overspeeding,major,1,1,0,,0.45
6137,Chennai,Tamil Nadu,13.155148,80.158062,2022-04-09,20:00,20,Saturday,1,highway,1,1,clear,high,35,medium,weather,major,3,2,0,,0.1
6138,Chennai,Tamil Nadu,12.842401,80.248851,2023-01-18,3:00,3,Wednesday,0,rural,4,0,fog,low,30,low,overspeeding,minor,1,0,0,,0.45
6156,Chennai,Tamil Nadu,12.855413,80.115938,2022-03-20,12:00,12,Sunday,1,rural,3,0,fog,low,32,high,drunk driving,minor,4,4,0,,0.65
6159,Chennai,Tamil Nadu,13.124067,80.226184,2023-06-26,2:00,2,Monday,0,rural,2,0,clear,high,15,low,distraction,major,1,0,0,,0.1
6170,Chennai,Tamil Nadu,13.094356,80.291078,2023-04-18,0:00,0,Tuesday,0,highway,4,0,clear,high,39,low,weather,major,4,3,0,,0.1
6195,Chennai,Tamil Nadu,13.183117,80.261954,2022-10-03,16:00,16,Monday,0,urban,1,0,clear,high,29,high,distraction,minor,4,2,0,,0.3
6200,Chennai,Tamil Nadu,13.127236,80.250878,2023-06-29,2:00,2,Thursday,0,rural,5,1,fog,low,38,low,distraction,minor,2,2,0,,0.45
6214,Chennai,Tamil Nadu,12.974985,80.113063,2023-01-04,6:00,6,Wednesday,0,rural,5,0,rain,medium,30,high,overspeeding,fatal,1,1,0,,0.65
6215,Chennai,Tamil Nadu,13.115064,80.137086,2022-07-22,7:00,7,Friday,0,highway,1,1,fog,low,37,low,weather,minor,1,0,0,,0.45
6219,Chennai,Tamil Nadu,13.193415,80.240279,2025-03-28,19:00,19,Friday,0,urban,4,1,clear,high,29,high,poor road,minor,5,5,1,,0.45
6228,Chennai,Tamil Nadu,12.848052,80.217394,2022-04-30,18:00,18,Saturday,1,rural,2,1,clear,high,24,medium,overspeeding,minor,4,0,1,,0.25
6249,Chennai,Tamil Nadu,12.831447,80.288248,2023-07-02,4:00,4,Sunday,1,highway,4,0,fog,low,23,medium,distraction,minor,5,1,0,,0.45
6253,Chennai,Tamil Nadu,12.858387,80.268921,2024-06-01,13:00,13,Saturday,1,rural,5,1,rain,medium,22,high,overspeeding,major,1,1,0,,0.45
6258,Chennai,Tamil Nadu,13.079455,80.145256,2022-02-02,15:00,15,Wednesday,0,rural,5,0,fog,low,36,medium,weather,fatal,3,3,0,,0.65
6271,Chennai,Tamil Nadu,13.025153,80.290321,2023-05-18,12:00,12,Thursday,0,urban,3,1,rain,medium,30,medium,distraction,fatal,4,4,0,,0.45
6276,Chennai,Tamil Nadu,13.097919,80.267971,2023-09-30,1:00,1,Saturday,1,highway,3,0,rain,low,18,low,poor road,minor,2,2,0,,0.45
6283,Chennai,Tamil Nadu,12.866693,80.203994,2025-03-21,5:00,5,Friday,0,urban,6,0,clear,high,31,medium,drunk driving,fatal,2,2,0,,0.3
6305,Chennai,Tamil Nadu,13.147743,80.284721,2023-11-05,13:00,13,Sunday,1,urban,6,1,fog,low,22,medium,drunk driving,fatal,3,3,0,,0.65
6312,Chennai,Tamil Nadu,13.178429,80.123177,2022-01-07,20:00,20,Friday,0,highway,4,0,fog,low,35,high,drunk driving,fatal,3,3,0,,0.85
6314,Chennai,Tamil Nadu,13.121171,80.166994,2022-06-08,11:00,11,Wednesday,0,urban,3,0,clear,high,16,low,overspeeding,minor,5,3,0,,0.1
6319,Chennai,Tamil Nadu,12.840995,80.14852,2023-12-09,10:00,10,Saturday,1,highway,6,1,rain,low,35,medium,drunk driving,minor,5,1,1,,0.6
6333,Chennai,Tamil Nadu,12.943783,80.271495,2023-01-21,6:00,6,Saturday,1,urban,3,0,rain,medium,24,medium,poor road,minor,4,0,0,,0.25
6335,Chennai,Tamil Nadu,13.098836,80.239309,2023-05-29,21:00,21,Monday,0,highway,4,0,rain,medium,21,medium,drunk driving,fatal,3,3,0,,0.45
6336,Chennai,Tamil Nadu,13.149261,80.103419,2023-03-26,21:00,21,Sunday,1,highway,5,1,rain,low,25,low,poor road,minor,4,1,0,,0.45
6354,Chennai,Tamil Nadu,12.800782,80.185838,2022-02-02,8:00,8,Wednesday,0,rural,4,1,clear,high,37,high,drunk driving,major,2,0,1,,0.45
6358,Chennai,Tamil Nadu,13.128761,80.276771,2023-11-15,1:00,1,Wednesday,0,urban,5,0,clear,high,28,low,drunk driving,minor,1,1,0,,0.1
6364,Chennai,Tamil Nadu,12.831533,80.116534,2024-02-16,22:00,22,Friday,0,urban,5,0,fog,low,37,low,poor road,minor,3,3,0,,0.45
6366,Chennai,Tamil Nadu,13.055457,80.117927,2023-04-20,7:00,7,Thursday,0,urban,2,0,clear,high,38,high,weather,major,1,0,0,,0.3
6384,Chennai,Tamil Nadu,13.118329,80.239739,2024-12-03,17:00,17,Tuesday,0,highway,4,0,fog,low,16,medium,weather,minor,3,0,1,,0.6
6393,Chennai,Tamil Nadu,12.904452,80.132491,2022-10-07,7:00,7,Friday,0,rural,5,0,clear,high,20,low,poor road,major,4,2,0,,0.1
6404,Chennai,Tamil Nadu,13.107187,80.137322,2024-02-14,13:00,13,Wednesday,0,urban,5,1,fog,low,31,low,distraction,major,2,1,0,,0.45
6412,Chennai,Tamil Nadu,12.882114,80.191765,2024-08-19,10:00,10,Monday,0,rural,5,1,fog,low,37,high,overspeeding,minor,4,2,1,,0.8
6413,Chennai,Tamil Nadu,12.809487,80.259562,2023-10-04,9:00,9,Wednesday,0,rural,3,1,clear,high,30,medium,overspeeding,major,5,1,1,,0.25
6416,Chennai,Tamil Nadu,13.019482,80.11662,2023-08-16,0:00,0,Wednesday,0,highway,2,1,clear,high,35,low,weather,major,5,4,0,,0.1
6418,Chennai,Tamil Nadu,13.062449,80.25601,2024-09-06,11:00,11,Friday,0,highway,3,0,clear,high,22,low,weather,major,3,1,0,,0.1
6430,Chennai,Tamil Nadu,13.001722,80.223465,2023-02-11,11:00,11,Saturday,1,rural,3,1,clear,high,21,high,distraction,minor,1,0,0,,0.3
6432,Chennai,Tamil Nadu,12.801511,80.181234,2024-02-29,19:00,19,Thursday,0,highway,2,1,rain,medium,40,high,weather,minor,5,1,1,,0.6
6434,Chennai,Tamil Nadu,12.808191,80.293183,2022-05-28,9:00,9,Saturday,1,highway,5,1,fog,low,28,low,weather,minor,1,0,1,,0.6
6435,Chennai,Tamil Nadu,12.888962,80.116751,2023-08-10,14:00,14,Thursday,0,rural,6,1,fog,low,17,medium,poor road,minor,1,0,0,,0.45
6436,Chennai,Tamil Nadu,12.916598,80.295059,2023-12-29,23:00,23,Friday,0,rural,4,0,rain,medium,35,medium,weather,minor,5,1,0,,0.25
6440,Chennai,Tamil Nadu,12.972974,80.174092,2022-06-22,11:00,11,Wednesday,0,highway,4,1,clear,high,27,low,overspeeding,minor,5,5,0,,0.1
6442,Chennai,Tamil Nadu,12.812376,80.270596,2024-11-23,15:00,15,Saturday,1,highway,2,0,clear,high,30,low,overspeeding,minor,3,0,0,,0.1
6488,Chennai,Tamil Nadu,13.063656,80.222595,2023-11-19,9:00,9,Sunday,1,highway,3,1,rain,low,35,medium,poor road,minor,2,2,1,,0.6
6490,Chennai,Tamil Nadu,12.814841,80.251199,2023-04-21,2:00,2,Friday,0,highway,5,1,rain,medium,37,low,weather,minor,2,2,0,,0.25
6501,Chennai,Tamil Nadu,13.116773,80.126954,2023-03-01,1:00,1,Wednesday,0,urban,1,0,clear,high,17,low,distraction,minor,3,2,0,,0.1
6509,Chennai,Tamil Nadu,12.812884,80.252648,2024-12-31,15:00,15,Tuesday,0,rural,6,1,fog,low,16,low,drunk driving,fatal,5,5,0,,0.65
6511,Chennai,Tamil Nadu,13.046123,80.225965,2024-01-25,17:00,17,Thursday,0,highway,5,1,rain,low,28,high,weather,major,5,4,1,,0.8
6527,Chennai,Tamil Nadu,13.038511,80.117667,2022-04-30,22:00,22,Saturday,1,highway,5,1,clear,high,36,medium,drunk driving,minor,3,2,0,,0.1
6529,Chennai,Tamil Nadu,13.196273,80.296287,2023-04-24,23:00,23,Monday,0,rural,4,0,clear,high,16,low,drunk driving,minor,2,2,0,,0.1
6533,Chennai,Tamil Nadu,13.180216,80.171662,2023-02-26,12:00,12,Sunday,1,highway,6,1,rain,low,31,high,distraction,minor,2,0,0,,0.65
6565,Chennai,Tamil Nadu,13.009107,80.261191,2024-03-12,23:00,23,Tuesday,0,urban,5,1,fog,low,25,low,weather,minor,1,1,0,,0.45
6566,Chennai,Tamil Nadu,13.125191,80.167623,2025-03-26,2:00,2,Wednesday,0,rural,1,0,fog,low,29,low,distraction,minor,1,1,0,,0.45
6570,Chennai,Tamil Nadu,12.893003,80.238972,2024-02-06,10:00,10,Tuesday,0,rural,2,0,fog,low,32,high,poor road,minor,2,1,1,,0.8
6597,Chennai,Tamil Nadu,13.163786,80.256639,2022-05-05,21:00,21,Thursday,0,urban,2,1,fog,low,36,medium,overspeeding,fatal,2,2,0,,0.65
6602,Chennai,Tamil Nadu,12.994957,80.201406,2022-05-14,15:00,15,Saturday,1,highway,2,1,fog,low,24,low,weather,major,5,5,0,,0.45
6605,Chennai,Tamil Nadu,13.080232,80.131154,2022-07-26,0:00,0,Tuesday,0,rural,1,1,fog,low,15,low,poor road,major,4,2,0,,0.45
6614,Chennai,Tamil Nadu,12.87271,80.136728,2022-04-30,22:00,22,Saturday,1,rural,4,0,rain,medium,22,high,drunk driving,minor,2,0,0,,0.45
6642,Chennai,Tamil Nadu,13.095197,80.154196,2022-01-02,8:00,8,Sunday,1,rural,2,1,clear,high,15,high,overspeeding,minor,3,3,1,,0.45
6645,Chennai,Tamil Nadu,13.156855,80.14827,2023-06-06,13:00,13,Tuesday,0,highway,5,0,fog,low,26,medium,drunk driving,minor,5,2,0,,0.45
6664,Chennai,Tamil Nadu,13.105195,80.188055,2025-04-05,23:00,23,Saturday,1,urban,5,0,rain,medium,32,medium,drunk driving,minor,4,4,0,,0.25
6671,Chennai,Tamil Nadu,13.107723,80.157639,2023-02-07,17:00,17,Tuesday,0,rural,2,1,rain,medium,27,low,poor road,major,1,1,1,,0.4
6679,Chennai,Tamil Nadu,12.906363,80.241672,2024-05-05,15:00,15,Sunday,1,urban,2,0,clear,high,39,high,drunk driving,minor,3,0,0,,0.3
6681,Chennai,Tamil Nadu,13.114218,80.196128,2024-01-26,19:00,19,Friday,0,rural,3,1,clear,high,20,high,weather,major,3,3,1,,0.45
6687,Chennai,Tamil Nadu,13.142006,80.215367,2024-11-19,8:00,8,Tuesday,0,urban,4,1,rain,medium,27,high,overspeeding,minor,4,0,1,,0.6
6692,Chennai,Tamil Nadu,12.819746,80.138439,2025-01-11,15:00,15,Saturday,1,rural,3,1,fog,low,39,medium,weather,minor,3,3,0,,0.45
6711,Chennai,Tamil Nadu,12.848401,80.135934,2024-11-14,2:00,2,Thursday,0,highway,5,0,clear,high,35,high,overspeeding,minor,1,0,0,,0.3
6713,Chennai,Tamil Nadu,13.059899,80.213344,2024-03-29,14:00,14,Friday,0,rural,3,1,clear,high,25,low,overspeeding,minor,5,3,0,,0.1
6720,Chennai,Tamil Nadu,12.845778,80.167839,2023-05-29,6:00,6,Monday,0,highway,6,0,clear,high,37,low,weather,major,1,0,0,,0.1
6723,Chennai,Tamil Nadu,13.011998,80.103842,2024-09-23,5:00,5,Monday,0,urban,4,0,fog,low,35,medium,distraction,minor,4,0,0,,0.45
6766,Chennai,Tamil Nadu,13.033226,80.136025,2024-07-20,4:00,4,Saturday,1,rural,2,1,rain,low,31,medium,drunk driving,minor,4,0,0,,0.45
6767,Chennai,Tamil Nadu,12.941019,80.24415,2024-04-27,18:00,18,Saturday,1,rural,4,1,fog,low,38,high,weather,minor,5,5,1,,0.8
6768,Chennai,Tamil Nadu,12.866485,80.223521,2022-03-12,16:00,16,Saturday,1,urban,2,0,clear,high,27,medium,distraction,major,3,3,0,,0.1
6775,Chennai,Tamil Nadu,12.924624,80.158824,2022-01-02,1:00,1,Sunday,1,rural,3,1,clear,high,39,low,distraction,fatal,4,4,0,,0.3
6789,Chennai,Tamil Nadu,13.083493,80.234633,2024-12-14,7:00,7,Saturday,1,urban,5,1,clear,high,25,medium,overspeeding,major,2,1,0,,0.1
6795,Chennai,Tamil Nadu,13.167691,80.243075,2024-02-10,14:00,14,Saturday,1,rural,5,0,fog,low,17,low,poor road,major,1,0,0,,0.45
6803,Chennai,Tamil Nadu,12.936386,80.241983,2024-09-20,12:00,12,Friday,0,rural,1,1,fog,low,28,medium,weather,fatal,2,2,0,,0.65
6809,Chennai,Tamil Nadu,13.017095,80.221562,2022-09-29,11:00,11,Thursday,0,highway,4,1,rain,medium,16,low,overspeeding,major,3,0,0,,0.25
6810,Chennai,Tamil Nadu,13.050938,80.281228,2022-02-09,23:00,23,Wednesday,0,highway,1,0,rain,low,23,medium,weather,minor,3,3,0,,0.45
6864,Chennai,Tamil Nadu,13.123045,80.148689,2025-02-01,12:00,12,Saturday,1,rural,1,0,rain,medium,33,medium,distraction,major,1,0,0,,0.25
6866,Chennai,Tamil Nadu,13.135944,80.135927,2023-11-15,19:00,19,Wednesday,0,highway,4,0,rain,medium,16,high,drunk driving,minor,5,5,1,,0.6
6869,Chennai,Tamil Nadu,13.063099,80.228853,2023-04-02,11:00,11,Sunday,1,rural,2,1,fog,low,31,low,drunk driving,minor,5,4,0,,0.45
6878,Chennai,Tamil Nadu,13.191588,80.183222,2024-07-15,13:00,13,Monday,0,urban,4,0,clear,high,32,high,distraction,fatal,4,4,0,,0.5
6879,Chennai,Tamil Nadu,12.810332,80.237123,2023-05-19,13:00,13,Friday,0,urban,1,0,fog,low,37,medium,weather,minor,2,0,0,,0.45
6887,Chennai,Tamil Nadu,12.92935,80.201991,2022-08-26,3:00,3,Friday,0,urban,4,0,clear,high,35,medium,overspeeding,minor,4,0,0,,0.1
6902,Chennai,Tamil Nadu,13.152273,80.264406,2023-10-17,21:00,21,Tuesday,0,urban,2,1,clear,high,29,low,poor road,minor,3,3,0,,0.1
6904,Chennai,Tamil Nadu,12.918477,80.208836,2023-10-05,12:00,12,Thursday,0,rural,3,0,rain,low,18,low,overspeeding,minor,2,1,0,,0.45
6909,Chennai,Tamil Nadu,12.901373,80.240392,2023-04-27,10:00,10,Thursday,0,rural,5,1,fog,low,17,medium,drunk driving,minor,1,1,1,,0.6
6922,Chennai,Tamil Nadu,12.94901,80.272534,2024-09-06,16:00,16,Friday,0,urban,6,1,fog,low,30,low,weather,fatal,3,3,0,,0.65
6923,Chennai,Tamil Nadu,13.123434,80.276577,2024-09-28,8:00,8,Saturday,1,highway,1,0,rain,medium,32,medium,distraction,minor,1,1,1,,0.4
6959,Chennai,Tamil Nadu,12.854779,80.217248,2022-06-03,14:00,14,Friday,0,rural,1,1,rain,medium,18,medium,drunk driving,major,2,2,0,,0.25
6974,Chennai,Tamil Nadu,12.957745,80.233285,2024-04-19,3:00,3,Friday,0,urban,6,1,rain,medium,20,medium,overspeeding,minor,3,1,0,,0.25
6981,Chennai,Tamil Nadu,12.882418,80.203158,2023-01-09,17:00,17,Monday,0,urban,6,0,rain,low,24,medium,poor road,major,5,2,1,,0.6
6982,Chennai,Tamil Nadu,12.80445,80.2964,2024-06-16,18:00,18,Sunday,1,urban,6,1,fog,low,27,high,drunk driving,minor,5,4,1,,0.8
6985,Chennai,Tamil Nadu,13.186402,80.120472,2022-01-08,1:00,1,Saturday,1,highway,5,0,rain,medium,34,low,weather,minor,1,0,0,,0.25
6989,Chennai,Tamil Nadu,13.107768,80.165562,2023-09-30,18:00,18,Saturday,1,highway,3,1,fog,low,17,high,drunk driving,fatal,2,2,1,,1.0
6991,Chennai,Tamil Nadu,13.191947,80.197908,2023-09-14,22:00,22,Thursday,0,rural,4,0,fog,low,16,high,weather,major,4,4,0,,0.65
6997,Chennai,Tamil Nadu,13.181448,80.12048,2022-05-15,4:00,4,Sunday,1,highway,5,1,clear,high,32,low,weather,minor,4,1,0,,0.1
7001,Chennai,Tamil Nadu,12.854975,80.142989,2023-07-21,12:00,12,Friday,0,rural,5,1,rain,medium,37,high,poor road,major,2,2,0,,0.45
7010,Chennai,Tamil Nadu,13.06439,80.236755,2023-08-12,1:00,1,Saturday,1,rural,2,1,fog,low,23,low,drunk driving,major,2,1,0,,0.45
7014,Chennai,Tamil Nadu,13.168757,80.164926,2024-12-22,23:00,23,Sunday,1,rural,5,1,clear,high,39,low,overspeeding,fatal,1,1,0,,0.3
7016,Chennai,Tamil Nadu,12.812753,80.191619,2022-12-29,11:00,11,Thursday,0,urban,1,1,fog,low,29,high,overspeeding,minor,5,4,0,,0.65
7017,Chennai,Tamil Nadu,12.904113,80.144893,2025-04-13,4:00,4,Sunday,1,rural,2,1,rain,low,19,low,overspeeding,fatal,3,3,0,,0.65
7020,Chennai,Tamil Nadu,12.824304,80.231344,2023-09-25,7:00,7,Monday,0,highway,2,1,fog,low,38,high,poor road,minor,1,0,0,,0.65
7022,Chennai,Tamil Nadu,12.889997,80.161407,2024-04-17,17:00,17,Wednesday,0,rural,3,0,rain,low,38,high,distraction,minor,3,3,1,,0.8
7025,Chennai,Tamil Nadu,12.838996,80.122011,2024-08-29,0:00,0,Thursday,0,rural,2,1,fog,low,21,low,distraction,minor,1,0,0,,0.45
7047,Chennai,Tamil Nadu,13.16345,80.183127,2022-05-29,4:00,4,Sunday,1,highway,6,0,rain,medium,28,low,drunk driving,fatal,4,4,0,,0.45
7050,Chennai,Tamil Nadu,12.957,80.144806,2023-01-16,23:00,23,Monday,0,rural,1,0,clear,high,16,low,overspeeding,major,2,2,0,,0.1
7058,Chennai,Tamil Nadu,13.124228,80.203327,2023-08-19,3:00,3,Saturday,1,urban,5,1,rain,medium,22,low,overspeeding,fatal,1,1,0,,0.45
7072,Chennai,Tamil Nadu,12.904834,80.288228,2023-03-21,14:00,14,Tuesday,0,rural,3,0,rain,medium,23,low,drunk driving,minor,5,3,0,,0.25
7096,Chennai,Tamil Nadu,12.977456,80.259942,2022-08-01,12:00,12,Monday,0,rural,5,0,clear,high,17,low,distraction,minor,1,1,0,,0.1
7104,Chennai,Tamil Nadu,13.138602,80.197139,2024-08-21,17:00,17,Wednesday,0,urban,4,0,fog,low,27,high,weather,major,1,0,1,,0.8
7115,Chennai,Tamil Nadu,12.892278,80.159791,2023-01-04,9:00,9,Wednesday,0,rural,1,0,rain,medium,22,medium,overspeeding,minor,3,0,1,,0.4
7122,Chennai,Tamil Nadu,12.809452,80.29079,2025-01-07,8:00,8,Tuesday,0,urban,3,0,rain,medium,22,high,weather,major,3,0,1,,0.6
7127,Chennai,Tamil Nadu,12.882826,80.13918,2024-06-11,0:00,0,Tuesday,0,rural,5,0,clear,high,28,low,drunk driving,major,1,1,0,,0.1
7131,Chennai,Tamil Nadu,12.814463,80.272871,2022-07-09,22:00,22,Saturday,1,urban,5,1,clear,high,27,low,distraction,minor,5,0,0,,0.1
7137,Chennai,Tamil Nadu,12.986297,80.109566,2022-05-19,18:00,18,Thursday,0,rural,2,0,rain,medium,31,high,overspeeding,minor,2,0,1,,0.6
7138,Chennai,Tamil Nadu,12.906044,80.187186,2022-07-24,21:00,21,Sunday,1,highway,4,0,fog,low,25,medium,distraction,minor,3,2,0,,0.45
7142,Chennai,Tamil Nadu,12.955207,80.154385,2023-02-24,5:00,5,Friday,0,urban,2,1,fog,low,36,high,weather,major,1,0,0,,0.65
7147,Chennai,Tamil Nadu,13.158059,80.111982,2025-02-24,6:00,6,Monday,0,urban,3,1,rain,low,40,medium,poor road,minor,5,2,0,,0.45
7150,Chennai,Tamil Nadu,12.829092,80.111005,2024-05-22,20:00,20,Wednesday,0,rural,2,1,clear,high,30,medium,overspeeding,fatal,4,4,0,,0.3
7157,Chennai,Tamil Nadu,13.134627,80.127923,2023-08-27,16:00,16,Sunday,1,rural,2,0,fog,low,33,medium,poor road,minor,5,3,0,,0.45
7166,Chennai,Tamil Nadu,13.156857,80.267444,2022-11-21,9:00,9,Monday,0,urban,1,0,rain,medium,30,high,poor road,minor,2,2,1,,0.6
7167,Chennai,Tamil Nadu,13.057524,80.252202,2025-03-23,18:00,18,Sunday,1,urban,4,0,rain,medium,16,high,poor road,fatal,5,5,1,,0.8
7171,Chennai,Tamil Nadu,13.195686,80.134903,2025-01-31,20:00,20,Friday,0,urban,5,1,rain,medium,33,medium,weather,major,4,0,0,,0.25
7181,Chennai,Tamil Nadu,12.906793,80.157973,2025-03-09,17:00,17,Sunday,1,urban,2,0,rain,low,28,high,distraction,fatal,2,2,1,,1.0
7190,Chennai,Tamil Nadu,13.016376,80.158952,2023-02-02,19:00,19,Thursday,0,urban,6,0,clear,high,15,medium,overspeeding,major,3,0,1,,0.25
7191,Chennai,Tamil Nadu,12.809695,80.198185,2024-04-18,17:00,17,Thursday,0,urban,6,0,rain,medium,28,medium,poor road,major,3,1,1,,0.4
7193,Chennai,Tamil Nadu,13.088205,80.282326,2024-08-09,2:00,2,Friday,0,highway,3,0,fog,low,31,medium,distraction,minor,5,3,0,,0.45
7195,Chennai,Tamil Nadu,13.166625,80.209667,2025-03-02,10:00,10,Sunday,1,rural,5,0,clear,high,19,high,drunk driving,minor,4,4,1,,0.45
7197,Chennai,Tamil Nadu,12.868244,80.287826,2023-08-12,22:00,22,Saturday,1,urban,1,1,rain,medium,28,low,drunk driving,minor,2,0,0,,0.25
7198,Chennai,Tamil Nadu,13.145045,80.284428,2023-03-04,4:00,4,Saturday,1,rural,4,1,fog,low,36,medium,overspeeding,minor,5,4,0,,0.45
7205,Chennai,Tamil Nadu,13.071848,80.173497,2023-05-28,5:00,5,Sunday,1,rural,6,0,clear,high,24,high,drunk driving,minor,5,2,0,,0.3
7206,Chennai,Tamil Nadu,13.038262,80.255106,2025-02-05,0:00,0,Wednesday,0,highway,2,0,rain,medium,39,high,drunk driving,major,3,1,0,,0.45
7212,Chennai,Tamil Nadu,12.950121,80.289708,2024-10-17,22:00,22,Thursday,0,urban,3,1,fog,low,36,medium,weather,minor,2,1,0,,0.45
7262,Chennai,Tamil Nadu,13.031737,80.137616,2023-10-14,7:00,7,Saturday,1,urban,6,1,clear,high,30,medium,drunk driving,major,1,1,0,,0.1
7264,Chennai,Tamil Nadu,12.908051,80.23863,2023-01-17,20:00,20,Tuesday,0,rural,3,1,clear,high,33,medium,distraction,minor,3,3,0,,0.1
7268,Chennai,Tamil Nadu,12.851095,80.281849,2022-11-21,11:00,11,Monday,0,rural,4,0,rain,medium,20,medium,weather,fatal,2,2,0,,0.45
7273,Chennai,Tamil Nadu,13.16156,80.241501,2022-07-19,22:00,22,Tuesday,0,rural,4,1,fog,low,39,medium,overspeeding,minor,4,4,0,,0.45
7281,Chennai,Tamil Nadu,13.148083,80.20526,2025-01-27,16:00,16,Monday,0,urban,4,0,fog,low,23,medium,poor road,major,2,0,0,,0.45
7288,Chennai,Tamil Nadu,12.861826,80.265206,2024-05-27,8:00,8,Monday,0,highway,2,0,rain,medium,34,high,distraction,minor,1,0,1,,0.6
7304,Chennai,Tamil Nadu,12.819469,80.255978,2024-07-03,4:00,4,Wednesday,0,highway,5,1,fog,low,26,low,weather,major,3,3,0,,0.45
7306,Chennai,Tamil Nadu,12.853384,80.231214,2023-04-11,11:00,11,Tuesday,0,highway,3,1,fog,low,15,low,overspeeding,major,2,1,0,,0.45
7308,Chennai,Tamil Nadu,13.067306,80.171061,2023-05-30,21:00,21,Tuesday,0,urban,2,1,fog,low,32,high,poor road,minor,5,2,0,,0.65
7322,Chennai,Tamil Nadu,13.07303,80.266979,2023-08-12,2:00,2,Saturday,1,rural,4,0,clear,high,40,low,drunk driving,major,4,1,0,,0.1
7333,Chennai,Tamil Nadu,12.905419,80.203586,2025-02-19,13:00,13,Wednesday,0,urban,6,0,clear,high,39,high,drunk driving,fatal,4,4,0,,0.5
7340,Chennai,Tamil Nadu,13.035763,80.184323,2022-08-19,17:00,17,Friday,0,rural,1,1,rain,medium,31,high,drunk driving,minor,1,0,1,,0.6
7347,Chennai,Tamil Nadu,12.964245,80.198068,2023-02-20,19:00,19,Monday,0,rural,2,0,rain,medium,20,low,weather,minor,5,3,1,,0.4
7349,Chennai,Tamil Nadu,13.178615,80.135975,2023-05-26,4:00,4,Friday,0,highway,5,0,rain,medium,21,low,overspeeding,fatal,2,2,0,,0.45
7351,Chennai,Tamil Nadu,13.12541,80.121223,2024-11-04,4:00,4,Monday,0,urban,3,0,fog,low,31,medium,weather,fatal,5,5,0,,0.65
7377,Chennai,Tamil Nadu,13.013712,80.226064,2024-02-22,19:00,19,Thursday,0,rural,5,1,clear,high,32,medium,distraction,minor,4,0,1,,0.25
7392,Chennai,Tamil Nadu,13.143461,80.193914,2022-10-05,10:00,10,Wednesday,0,highway,1,0,fog,low,15,high,drunk driving,major,1,1,1,,0.8
7394,Chennai,Tamil Nadu,13.030256,80.222256,2025-02-13,12:00,12,Thursday,0,highway,5,0,rain,medium,26,medium,poor road,minor,2,0,0,,0.25
7407,Chennai,Tamil Nadu,13.138137,80.13036,2022-08-19,11:00,11,Friday,0,urban,4,0,clear,high,34,medium,poor road,minor,3,0,0,,0.1
7408,Chennai,Tamil Nadu,12.873679,80.223603,2023-04-29,1:00,1,Saturday,1,highway,4,1,clear,high,39,low,poor road,minor,3,0,0,,0.1
7410,Chennai,Tamil Nadu,12.840835,80.165553,2024-07-04,9:00,9,Thursday,0,urban,1,0,fog,low,22,medium,drunk driving,fatal,4,4,1,,0.8
7420,Chennai,Tamil Nadu,13.029539,80.127951,2025-01-06,6:00,6,Monday,0,rural,4,0,clear,high,37,low,distraction,minor,5,2,0,,0.1
7441,Chennai,Tamil Nadu,13.18513,80.150369,2023-06-04,8:00,8,Sunday,1,rural,4,0,fog,low,35,high,weather,major,3,2,1,,0.8
7442,Chennai,Tamil Nadu,13.18451,80.114959,2024-04-10,20:00,20,Wednesday,0,highway,5,1,fog,low,16,low,weather,fatal,2,2,0,Eid,0.75
7444,Chennai,Tamil Nadu,12.999059,80.280725,2025-04-06,6:00,6,Sunday,1,rural,3,0,fog,low,16,low,weather,minor,4,2,0,,0.45
7446,Chennai,Tamil Nadu,13.101284,80.260183,2022-07-01,7:00,7,Friday,0,highway,5,1,fog,low,24,medium,poor road,minor,4,4,0,,0.45
7448,Chennai,Tamil Nadu,12.828066,80.192208,2024-09-15,7:00,7,Sunday,1,rural,5,0,clear,high,27,low,drunk driving,fatal,1,1,0,,0.3
7450,Chennai,Tamil Nadu,12.96312,80.141377,2022-08-06,11:00,11,Saturday,1,urban,6,1,rain,low,32,high,weather,major,3,0,0,,0.65
7453,Chennai,Tamil Nadu,13.113909,80.173946,2025-02-10,23:00,23,Monday,0,urban,4,1,clear,high,24,high,drunk driving,minor,1,1,0,,0.3
7455,Chennai,Tamil Nadu,13.004054,80.11084,2022-08-10,0:00,0,Wednesday,0,highway,1,0,rain,low,22,low,drunk driving,major,2,1,0,,0.45
7466,Chennai,Tamil Nadu,12.944178,80.167447,2022-04-14,8:00,8,Thursday,0,rural,5,1,rain,low,25,high,overspeeding,minor,2,2,1,,0.8
7508,Chennai,Tamil Nadu,13.133719,80.295573,2025-04-04,21:00,21,Friday,0,rural,2,1,fog,low,29,high,poor road,major,2,1,0,,0.65
7509,Chennai,Tamil Nadu,13.141473,80.199398,2022-09-30,4:00,4,Friday,0,urban,3,0,clear,high,18,low,drunk driving,fatal,5,5,0,,0.3
7510,Chennai,Tamil Nadu,12.980282,80.298751,2022-10-03,15:00,15,Monday,0,rural,2,0,fog,low,36,high,distraction,major,4,3,0,,0.65
7512,Chennai,Tamil Nadu,13.057374,80.206391,2023-06-26,2:00,2,Monday,0,urban,1,0,rain,medium,33,low,weather,minor,1,0,0,,0.25
7514,Chennai,Tamil Nadu,12.956114,80.273498,2025-02-03,7:00,7,Monday,0,urban,5,1,fog,low,33,low,overspeeding,minor,4,0,0,,0.45
7530,Chennai,Tamil Nadu,12.991872,80.159856,2022-12-21,6:00,6,Wednesday,0,highway,6,1,clear,high,27,medium,overspeeding,major,2,2,0,,0.1
7536,Chennai,Tamil Nadu,13.043795,80.214508,2022-05-31,7:00,7,Tuesday,0,urban,2,1,fog,low,35,high,distraction,fatal,5,5,0,,0.85
7559,Chennai,Tamil Nadu,12.861762,80.243284,2023-11-01,0:00,0,Wednesday,0,rural,6,0,clear,high,40,medium,overspeeding,major,2,1,0,,0.1
7577,Chennai,Tamil Nadu,13.199351,80.168794,2024-10-05,7:00,7,Saturday,1,rural,1,1,fog,low,38,medium,poor road,minor,2,1,0,,0.45
7582,Chennai,Tamil Nadu,12.897595,80.289252,2023-02-01,15:00,15,Wednesday,0,rural,1,1,fog,low,25,high,weather,minor,5,1,0,,0.65
7586,Chennai,Tamil Nadu,12.804229,80.13846,2023-01-15,13:00,13,Sunday,1,urban,3,0,clear,high,23,low,weather,minor,1,0,0,,0.1
7590,Chennai,Tamil Nadu,12.920291,80.22319,2023-01-25,14:00,14,Wednesday,0,rural,5,1,rain,medium,30,low,distraction,minor,3,3,0,,0.25
7594,Chennai,Tamil Nadu,12.833593,80.133836,2023-10-15,13:00,13,Sunday,1,rural,3,1,fog,low,22,high,distraction,minor,1,1,0,,0.65
7606,Chennai,Tamil Nadu,13.011138,80.257375,2023-05-20,19:00,19,Saturday,1,highway,1,0,clear,high,26,medium,poor road,minor,4,4,1,,0.25
7608,Chennai,Tamil Nadu,13.105337,80.260229,2023-10-13,2:00,2,Friday,0,urban,5,0,fog,low,31,medium,drunk driving,minor,1,1,0,,0.45
7621,Chennai,Tamil Nadu,12.846897,80.212079,2023-04-11,0:00,0,Tuesday,0,urban,2,1,rain,low,32,medium,poor road,minor,3,2,0,,0.45
7623,Chennai,Tamil Nadu,12.851676,80.255975,2024-05-09,22:00,22,Thursday,0,rural,2,0,rain,low,21,high,drunk driving,minor,5,4,0,,0.65
7634,Chennai,Tamil Nadu,12.812397,80.250604,2024-03-28,13:00,13,Thursday,0,urban,2,0,fog,low,26,low,distraction,fatal,2,2,0,,0.65
7652,Chennai,Tamil Nadu,12.827243,80.258172,2024-07-24,5:00,5,Wednesday,0,rural,3,1,fog,low,26,high,weather,major,4,4,0,,0.65
7653,Chennai,Tamil Nadu,13.028293,80.196907,2023-05-30,2:00,2,Tuesday,0,urban,3,0,rain,low,18,low,distraction,fatal,1,1,0,,0.65
7661,Chennai,Tamil Nadu,12.847954,80.110627,2024-08-09,10:00,10,Friday,0,urban,2,0,rain,low,22,high,poor road,minor,5,3,1,,0.8
7677,Chennai,Tamil Nadu,13.101919,80.266711,2022-03-25,12:00,12,Friday,0,highway,2,1,rain,medium,35,medium,distraction,major,2,1,0,,0.25
7683,Chennai,Tamil Nadu,13.043306,80.230541,2024-09-13,16:00,16,Friday,0,highway,4,1,clear,high,18,high,weather,fatal,5,5,0,,0.5
7688,Chennai,Tamil Nadu,12.823271,80.119758,2024-04-16,16:00,16,Tuesday,0,urban,6,0,rain,medium,15,medium,weather,fatal,3,3,0,,0.45
7691,Chennai,Tamil Nadu,13.106529,80.237467,2024-01-20,20:00,20,Saturday,1,rural,6,1,clear,high,40,medium,overspeeding,major,3,2,0,,0.1
7692,Chennai,Tamil Nadu,12.958101,80.253549,2024-10-16,20:00,20,Wednesday,0,highway,2,0,rain,medium,17,high,distraction,major,2,1,0,,0.45
7703,Chennai,Tamil Nadu,13.159884,80.213915,2024-10-05,8:00,8,Saturday,1,rural,3,0,rain,medium,40,low,overspeeding,major,2,2,1,,0.4
7710,Chennai,Tamil Nadu,12.987623,80.112318,2023-01-10,17:00,17,Tuesday,0,urban,3,1,clear,high,28,high,overspeeding,minor,3,3,1,,0.45
7724,Chennai,Tamil Nadu,13.176195,80.149357,2022-02-26,22:00,22,Saturday,1,rural,5,1,clear,high,16,low,overspeeding,minor,2,0,0,,0.1
7726,Chennai,Tamil Nadu,12.942369,80.162074,2022-08-13,21:00,21,Saturday,1,rural,1,0,fog,low,27,medium,weather,minor,5,1,0,,0.45
7736,Chennai,Tamil Nadu,12.884835,80.121577,2024-11-09,18:00,18,Saturday,1,highway,1,1,clear,high,30,high,drunk driving,minor,5,3,1,,0.45
7739,Chennai,Tamil Nadu,13.100044,80.224497,2022-10-14,9:00,9,Friday,0,highway,3,1,clear,high,18,high,overspeeding,minor,5,2,1,,0.45
7741,Chennai,Tamil Nadu,12.980086,80.151502,2024-03-21,19:00,19,Thursday,0,urban,1,0,clear,high,15,high,weather,minor,1,0,1,,0.45
7745,Chennai,Tamil Nadu,12.831805,80.239189,2023-08-04,2:00,2,Friday,0,highway,2,1,fog,low,22,low,poor road,minor,4,1,0,,0.45
7750,Chennai,Tamil Nadu,13.044704,80.25399,2023-12-14,1:00,1,Thursday,0,highway,1,0,fog,low,28,low,weather,minor,1,0,0,,0.45
7752,Chennai,Tamil Nadu,13.047579,80.260411,2022-01-31,19:00,19,Monday,0,rural,3,0,fog,low,23,high,distraction,major,4,3,1,,0.8
7773,Chennai,Tamil Nadu,13.000714,80.231601,2023-12-17,19:00,19,Sunday,1,urban,6,1,fog,low,22,high,drunk driving,minor,4,2,1,,0.8
7774,Chennai,Tamil Nadu,12.80441,80.275275,2023-01-10,13:00,13,Tuesday,0,rural,2,1,fog,low,39,medium,overspeeding,minor,5,4,0,,0.45
7791,Chennai,Tamil Nadu,12.911418,80.172785,2023-12-14,7:00,7,Thursday,0,highway,5,1,rain,low,38,medium,drunk driving,minor,5,1,0,,0.45
7796,Chennai,Tamil Nadu,12.981458,80.131912,2025-04-12,1:00,1,Saturday,1,urban,6,1,clear,high,35,high,poor road,major,2,2,0,,0.3
7801,Chennai,Tamil Nadu,13.069963,80.275715,2023-12-06,16:00,16,Wednesday,0,highway,2,1,rain,low,18,low,poor road,minor,4,2,0,,0.45
7823,Chennai,Tamil Nadu,13.02344,80.214437,2023-07-28,17:00,17,Friday,0,rural,1,0,fog,low,21,medium,distraction,major,3,0,1,,0.6
7835,Chennai,Tamil Nadu,13.076606,80.157968,2024-01-06,20:00,20,Saturday,1,rural,5,1,clear,high,22,low,distraction,minor,4,3,0,,0.1
7837,Chennai,Tamil Nadu,12.981348,80.253039,2022-01-13,15:00,15,Thursday,0,urban,5,0,rain,low,34,high,poor road,fatal,2,2,0,,0.85
7838,Chennai,Tamil Nadu,13.18836,80.181674,2022-10-21,17:00,17,Friday,0,highway,2,1,fog,low,29,medium,poor road,fatal,2,2,1,,0.8
7842,Chennai,Tamil Nadu,13.16598,80.174643,2023-07-28,20:00,20,Friday,0,highway,1,1,rain,low,27,low,distraction,minor,1,1,0,,0.45
7843,Chennai,Tamil Nadu,12.92145,80.107864,2024-09-10,14:00,14,Tuesday,0,highway,1,1,rain,low,21,low,drunk driving,minor,5,2,0,,0.45
7847,Chennai,Tamil Nadu,13.154324,80.286096,2023-05-04,0:00,0,Thursday,0,highway,4,1,fog,low,15,low,weather,major,1,0,0,,0.45
7851,Chennai,Tamil Nadu,13.184819,80.179146,2024-04-19,21:00,21,Friday,0,urban,3,1,fog,low,29,low,distraction,major,2,2,0,,0.45
7856,Chennai,Tamil Nadu,12.92456,80.1695,2024-11-14,1:00,1,Thursday,0,rural,5,1,rain,medium,15,low,poor road,major,5,4,0,,0.25
7857,Chennai,Tamil Nadu,13.137303,80.112927,2023-05-28,2:00,2,Sunday,1,urban,2,1,rain,medium,28,medium,weather,major,3,3,0,,0.25
7858,Chennai,Tamil Nadu,12.804088,80.191241,2022-03-12,0:00,0,Saturday,1,rural,3,1,fog,low,19,medium,poor road,major,3,0,0,,0.45
7860,Chennai,Tamil Nadu,13.15157,80.238062,2022-05-11,22:00,22,Wednesday,0,highway,3,1,rain,medium,35,high,distraction,major,3,1,0,,0.45
7870,Chennai,Tamil Nadu,13.196671,80.114744,2025-02-06,10:00,10,Thursday,0,urban,3,0,rain,low,23,medium,poor road,minor,4,4,1,,0.6
7872,Chennai,Tamil Nadu,12.827074,80.13191,2025-02-17,19:00,19,Monday,0,urban,4,1,clear,high,24,low,weather,minor,1,1,1,,0.25
7883,Chennai,Tamil Nadu,12.942687,80.173551,2023-07-04,3:00,3,Tuesday,0,highway,2,0,rain,low,40,low,drunk driving,minor,3,3,0,,0.45
7889,Chennai,Tamil Nadu,13.184485,80.191928,2024-12-07,23:00,23,Saturday,1,rural,6,1,rain,low,37,low,poor road,major,5,0,0,,0.45
7893,Chennai,Tamil Nadu,13.082649,80.236719,2022-10-03,17:00,17,Monday,0,urban,2,1,fog,low,20,high,poor road,fatal,1,1,1,,1.0
7907,Chennai,Tamil Nadu,13.042529,80.281697,2023-03-11,3:00,3,Saturday,1,rural,3,0,rain,low,38,low,drunk driving,fatal,5,5,0,,0.65
7908,Chennai,Tamil Nadu,13.131492,80.223459,2024-08-07,11:00,11,Wednesday,0,rural,2,1,fog,low,38,high,poor road,minor,2,2,0,,0.65
7909,Chennai,Tamil Nadu,13.166682,80.166906,2024-01-31,7:00,7,Wednesday,0,highway,5,1,clear,high,22,medium,distraction,major,1,1,0,,0.1
7911,Chennai,Tamil Nadu,12.992936,80.241523,2024-11-12,17:00,17,Tuesday,0,urban,6,0,rain,medium,16,medium,drunk driving,minor,1,0,1,,0.4
7912,Chennai,Tamil Nadu,12.912718,80.27314,2023-09-29,15:00,15,Friday,0,urban,4,1,clear,high,21,medium,weather,minor,4,0,0,,0.1
7940,Chennai,Tamil Nadu,12.840965,80.199741,2022-01-15,2:00,2,Saturday,1,highway,1,0,clear,high,24,low,weather,major,2,2,0,,0.1
7942,Chennai,Tamil Nadu,12.896553,80.297995,2022-03-15,14:00,14,Tuesday,0,rural,6,1,fog,low,33,medium,weather,minor,4,4,0,,0.45
7961,Chennai,Tamil Nadu,13.010861,80.291499,2024-11-07,6:00,6,Thursday,0,urban,6,1,fog,low,33,medium,overspeeding,minor,4,3,0,,0.45
7986,Chennai,Tamil Nadu,13.185886,80.262931,2024-07-17,22:00,22,Wednesday,0,urban,4,0,clear,high,33,low,poor road,minor,2,0,0,,0.1
7989,Chennai,Tamil Nadu,13.115744,80.107631,2022-06-18,10:00,10,Saturday,1,highway,5,0,clear,high,23,low,overspeeding,major,2,2,1,,0.25
7994,Chennai,Tamil Nadu,12.860119,80.251774,2023-11-21,15:00,15,Tuesday,0,rural,2,0,fog,low,33,medium,weather,fatal,5,5,0,,0.65
7995,Chennai,Tamil Nadu,12.998938,80.145635,2024-03-26,20:00,20,Tuesday,0,urban,6,1,clear,high,36,low,overspeeding,minor,3,0,0,,0.1
7999,Chennai,Tamil Nadu,12.800877,80.249289,2024-04-03,22:00,22,Wednesday,0,highway,3,1,rain,low,38,low,weather,major,2,1,0,,0.45
8001,Chennai,Tamil Nadu,12.829556,80.231628,2024-08-22,12:00,12,Thursday,0,urban,6,0,rain,low,40,high,drunk driving,major,5,5,0,,0.65
8012,Chennai,Tamil Nadu,12.829391,80.15389,2024-09-30,3:00,3,Monday,0,urban,2,1,fog,low,26,low,drunk driving,minor,4,1,0,,0.45
8026,Chennai,Tamil Nadu,13.090865,80.149062,2023-07-03,9:00,9,Monday,0,highway,1,1,clear,high,23,low,weather,fatal,1,1,1,,0.45
8033,Chennai,Tamil Nadu,13.166047,80.273016,2023-09-15,21:00,21,Friday,0,highway,4,0,fog,low,35,low,distraction,minor,3,3,0,,0.45
8064,Chennai,Tamil Nadu,13.082216,80.254314,2022-11-12,7:00,7,Saturday,1,urban,5,0,fog,low,34,high,distraction,major,1,0,0,,0.65
8069,Chennai,Tamil Nadu,12.956083,80.12766,2022-10-10,19:00,19,Monday,0,highway,3,0,clear,high,38,high,weather,minor,4,0,1,,0.45
8073,Chennai,Tamil Nadu,13.125778,80.141036,2024-03-31,1:00,1,Sunday,1,highway,2,1,fog,low,35,high,distraction,fatal,2,2,0,,0.85
8081,Chennai,Tamil Nadu,13.085225,80.269786,2022-08-03,5:00,5,Wednesday,0,urban,6,1,fog,low,31,medium,overspeeding,minor,5,4,0,,0.45
8085,Chennai,Tamil Nadu,12.978019,80.261538,2023-07-17,17:00,17,Monday,0,highway,1,1,fog,low,29,high,poor road,major,1,1,1,,0.8
8087,Chennai,Tamil Nadu,12.953783,80.201916,2025-03-24,13:00,13,Monday,0,rural,5,0,fog,low,17,low,poor road,major,5,3,0,,0.45
8105,Chennai,Tamil Nadu,13.014423,80.204589,2025-01-06,11:00,11,Monday,0,urban,3,0,fog,low,16,low,distraction,minor,2,0,0,,0.45
8116,Chennai,Tamil Nadu,13.104547,80.147015,2022-03-08,1:00,1,Tuesday,0,urban,6,0,clear,high,36,medium,overspeeding,minor,1,1,0,,0.1
8135,Chennai,Tamil Nadu,13.03915,80.231203,2024-06-01,11:00,11,Saturday,1,urban,2,0,rain,low,37,low,distraction,minor,4,0,0,,0.45
8147,Chennai,Tamil Nadu,12.83582,80.152778,2024-11-11,22:00,22,Monday,0,urban,3,0,rain,medium,29,medium,overspeeding,minor,3,1,0,,0.25
8155,Chennai,Tamil Nadu,12.832635,80.160115,2024-04-09,12:00,12,Tuesday,0,rural,4,1,rain,low,23,high,weather,minor,2,2,0,,0.65
8158,Chennai,Tamil Nadu,13.126679,80.283754,2023-10-30,21:00,21,Monday,0,urban,1,1,clear,high,20,medium,poor road,major,2,1,0,,0.1
8163,Chennai,Tamil Nadu,12.964571,80.275668,2024-04-29,2:00,2,Monday,0,urban,3,0,clear,high,35,medium,drunk driving,fatal,5,5,0,,0.3
8171,Chennai,Tamil Nadu,13.138015,80.18599,2025-04-04,15:00,15,Friday,0,rural,3,0,fog,low,23,medium,drunk driving,fatal,2,2,0,,0.65
8175,Chennai,Tamil Nadu,12.822547,80.235786,2024-08-12,2:00,2,Monday,0,highway,3,0,rain,low,37,medium,overspeeding,minor,4,1,0,,0.45
8178,Chennai,Tamil Nadu,13.146491,80.14137,2022-03-16,23:00,23,Wednesday,0,urban,1,0,clear,high,37,low,weather,minor,1,1,0,,0.1
8186,Chennai,Tamil Nadu,13.026783,80.2108,2023-09-14,17:00,17,Thursday,0,rural,4,0,fog,low,30,medium,poor road,minor,5,3,1,,0.6
8191,Chennai,Tamil Nadu,13.195574,80.20724,2024-03-23,12:00,12,Saturday,1,urban,6,1,fog,low,35,low,weather,minor,3,0,0,,0.45
8193,Chennai,Tamil Nadu,12.820767,80.197405,2023-07-11,21:00,21,Tuesday,0,rural,2,0,rain,low,34,low,overspeeding,minor,2,2,0,,0.45
8194,Chennai,Tamil Nadu,13.025281,80.121645,2023-03-22,0:00,0,Wednesday,0,highway,1,1,clear,high,29,low,overspeeding,minor,5,5,0,,0.1
8199,Chennai,Tamil Nadu,12.997983,80.157433,2023-04-05,14:00,14,Wednesday,0,rural,4,0,fog,low,27,medium,weather,minor,4,2,0,,0.45
8203,Chennai,Tamil Nadu,12.97249,80.121681,2022-08-11,9:00,9,Thursday,0,urban,3,0,clear,high,30,medium,weather,fatal,1,1,1,,0.45
8208,Chennai,Tamil Nadu,12.805088,80.117406,2024-05-17,12:00,12,Friday,0,urban,2,0,fog,low,39,medium,weather,fatal,3,3,0,,0.65
8211,Chennai,Tamil Nadu,13.066581,80.280339,2022-06-10,17:00,17,Friday,0,highway,5,0,fog,low,24,high,poor road,fatal,5,5,1,,1.0
8225,Chennai,Tamil Nadu,12.872353,80.105055,2024-08-19,20:00,20,Monday,0,urban,5,0,rain,medium,20,high,drunk driving,minor,1,0,0,,0.45
8228,Chennai,Tamil Nadu,13.108649,80.235456,2023-03-22,5:00,5,Wednesday,0,highway,1,0,fog,low,26,high,weather,minor,2,2,0,,0.65
8237,Chennai,Tamil Nadu,12.950887,80.197532,2022-04-12,7:00,7,Tuesday,0,urban,3,1,fog,low,18,low,distraction,fatal,4,4,0,,0.65
8238,Chennai,Tamil Nadu,12.926387,80.218754,2022-10-17,1:00,1,Monday,0,urban,2,1,clear,high,40,low,distraction,major,3,2,0,,0.1
8258,Chennai,Tamil Nadu,13.02729,80.259974,2024-05-10,23:00,23,Friday,0,rural,3,0,clear,high,31,medium,distraction,major,1,1,0,,0.1
8260,Chennai,Tamil Nadu,13.045682,80.130743,2022-07-05,22:00,22,Tuesday,0,highway,1,0,clear,high,20,medium,poor road,minor,2,2,0,,0.1
8263,Chennai,Tamil Nadu,13.129933,80.280226,2024-12-15,12:00,12,Sunday,1,urban,4,1,fog,low,36,high,overspeeding,minor,3,2,0,,0.65
8264,Chennai,Tamil Nadu,12.946442,80.289829,2023-08-02,6:00,6,Wednesday,0,urban,6,1,clear,high,29,medium,distraction,minor,4,0,0,,0.1
8265,Chennai,Tamil Nadu,13.009631,80.277641,2022-10-01,19:00,19,Saturday,1,highway,2,0,clear,high,23,medium,weather,minor,4,3,1,,0.25
8266,Chennai,Tamil Nadu,13.100773,80.262566,2022-06-21,8:00,8,Tuesday,0,highway,2,0,fog,low,29,medium,overspeeding,fatal,3,3,1,,0.8
8273,Chennai,Tamil Nadu,12.957708,80.155542,2022-06-14,12:00,12,Tuesday,0,rural,2,1,fog,low,26,medium,drunk driving,major,4,2,0,,0.45
8277,Chennai,Tamil Nadu,13.177393,80.171461,2025-01-07,13:00,13,Tuesday,0,rural,3,1,clear,high,38,high,overspeeding,minor,2,1,0,,0.3
8283,Chennai,Tamil Nadu,13.073167,80.263245,2025-02-21,9:00,9,Friday,0,highway,6,1,rain,low,24,high,poor road,major,1,0,1,,0.8
8284,Chennai,Tamil Nadu,12.959716,80.233843,2022-03-09,12:00,12,Wednesday,0,rural,4,0,rain,medium,38,medium,drunk driving,minor,3,1,0,,0.25
8290,Chennai,Tamil Nadu,12.923534,80.113996,2024-04-15,11:00,11,Monday,0,highway,4,0,rain,low,36,medium,distraction,minor,5,4,0,,0.45
8335,Chennai,Tamil Nadu,13.141514,80.100052,2024-08-30,20:00,20,Friday,0,highway,2,0,fog,low,37,medium,poor road,major,5,3,0,,0.45
8346,Chennai,Tamil Nadu,12.87369,80.122421,2022-06-29,22:00,22,Wednesday,0,rural,5,0,clear,high,20,medium,overspeeding,major,3,0,0,,0.1
8350,Chennai,Tamil Nadu,12.901435,80.210326,2024-10-08,19:00,19,Tuesday,0,rural,2,0,fog,low,39,high,poor road,minor,4,0,1,,0.8
8370,Chennai,Tamil Nadu,12.807851,80.133945,2024-11-12,4:00,4,Tuesday,0,rural,5,1,clear,high,25,medium,poor road,minor,2,2,0,,0.1
8379,Chennai,Tamil Nadu,12.978589,80.128314,2024-08-15,20:00,20,Thursday,0,urban,6,0,clear,high,22,high,distraction,minor,5,4,0,,0.3
8381,Chennai,Tamil Nadu,12.860942,80.153336,2024-09-29,20:00,20,Sunday,1,highway,2,0,fog,low,25,low,drunk driving,minor,1,1,0,,0.45
8403,Chennai,Tamil Nadu,13.083738,80.257912,2022-03-14,5:00,5,Monday,0,highway,6,0,clear,high,37,high,overspeeding,major,3,1,0,,0.3
8406,Chennai,Tamil Nadu,13.195194,80.205397,2023-10-14,21:00,21,Saturday,1,urban,6,1,rain,medium,27,medium,drunk driving,major,3,2,0,,0.25
8418,Chennai,Tamil Nadu,13.132385,80.271048,2024-10-11,10:00,10,Friday,0,rural,1,1,rain,low,39,high,overspeeding,fatal,4,4,1,,1.0
8447,Chennai,Tamil Nadu,12.808186,80.23189,2023-08-14,2:00,2,Monday,0,highway,5,1,rain,low,20,low,drunk driving,minor,5,1,0,,0.45
8456,Chennai,Tamil Nadu,12.868091,80.168444,2023-12-16,20:00,20,Saturday,1,rural,1,0,clear,high,29,low,poor road,major,3,3,0,,0.1
8473,Chennai,Tamil Nadu,13.172593,80.280183,2023-07-13,17:00,17,Thursday,0,rural,3,1,rain,low,19,high,distraction,minor,5,5,1,,0.8
8496,Chennai,Tamil Nadu,13.099441,80.222663,2024-10-10,17:00,17,Thursday,0,highway,1,0,clear,high,22,high,overspeeding,minor,2,0,1,,0.45
8504,Chennai,Tamil Nadu,12.816977,80.180786,2024-01-15,3:00,3,Monday,0,urban,3,0,rain,low,34,low,weather,major,5,2,0,,0.45
8506,Chennai,Tamil Nadu,13.135274,80.158707,2022-04-02,11:00,11,Saturday,1,urban,6,0,clear,high,27,high,drunk driving,major,5,3,0,,0.3
8512,Chennai,Tamil Nadu,13.167691,80.214004,2022-02-09,23:00,23,Wednesday,0,highway,2,1,fog,low,33,low,poor road,minor,4,0,0,,0.45
8514,Chennai,Tamil Nadu,13.154787,80.262865,2022-07-28,9:00,9,Thursday,0,rural,3,0,rain,medium,23,high,weather,minor,2,0,1,,0.6
8515,Chennai,Tamil Nadu,12.850985,80.202667,2022-01-24,6:00,6,Monday,0,rural,5,0,fog,low,26,medium,weather,minor,5,2,0,,0.45
8534,Chennai,Tamil Nadu,12.912228,80.110554,2022-06-22,13:00,13,Wednesday,0,highway,1,1,rain,medium,25,low,drunk driving,minor,3,2,0,,0.25
8535,Chennai,Tamil Nadu,12.833075,80.131469,2024-01-03,2:00,2,Wednesday,0,urban,2,0,clear,high,25,low,weather,minor,2,0,0,,0.1
8548,Chennai,Tamil Nadu,12.987818,80.100186,2025-03-11,2:00,2,Tuesday,0,highway,1,0,fog,low,31,medium,poor road,minor,5,4,0,,0.45
8552,Chennai,Tamil Nadu,12.898506,80.250275,2024-05-20,14:00,14,Monday,0,highway,1,1,clear,high,35,low,overspeeding,fatal,2,2,0,,0.3
8555,Chennai,Tamil Nadu,13.161673,80.160493,2022-09-02,7:00,7,Friday,0,highway,4,0,fog,low,35,high,poor road,fatal,5,5,0,,0.85
8561,Chennai,Tamil Nadu,13.131469,80.272889,2023-01-02,15:00,15,Monday,0,rural,1,1,clear,high,27,medium,overspeeding,major,3,2,0,,0.1
8564,Chennai,Tamil Nadu,13.026355,80.287258,2023-06-07,3:00,3,Wednesday,0,rural,1,1,fog,low,20,medium,overspeeding,fatal,1,1,0,,0.65
8574,Chennai,Tamil Nadu,13.020586,80.246096,2022-08-17,0:00,0,Wednesday,0,rural,2,0,rain,medium,20,low,overspeeding,fatal,1,1,0,,0.45
8586,Chennai,Tamil Nadu,13.182052,80.140793,2024-10-29,2:00,2,Tuesday,0,rural,5,1,fog,low,18,low,distraction,minor,1,1,0,,0.45
8643,Chennai,Tamil Nadu,12.969392,80.27353,2024-09-08,20:00,20,Sunday,1,highway,3,1,fog,low,27,medium,poor road,major,3,3,0,,0.45
8658,Chennai,Tamil Nadu,13.134769,80.107958,2024-03-20,16:00,16,Wednesday,0,rural,3,0,rain,medium,26,low,distraction,minor,3,3,0,,0.25
8663,Chennai,Tamil Nadu,12.96331,80.26058,2022-10-17,19:00,19,Monday,0,highway,3,0,rain,medium,22,medium,overspeeding,minor,4,1,1,,0.4
8665,Chennai,Tamil Nadu,12.94063,80.113955,2022-01-10,20:00,20,Monday,0,highway,6,0,clear,high,16,high,distraction,minor,2,0,0,,0.3
8677,Chennai,Tamil Nadu,12.817064,80.155796,2023-08-21,17:00,17,Monday,0,urban,3,1,fog,low,20,medium,distraction,major,2,2,1,,0.6
8686,Chennai,Tamil Nadu,12.956239,80.159444,2022-11-29,20:00,20,Tuesday,0,urban,3,0,clear,high,27,high,poor road,fatal,3,3,0,,0.5
8707,Chennai,Tamil Nadu,13.148258,80.254167,2024-11-12,0:00,0,Tuesday,0,urban,4,0,fog,low,22,low,drunk driving,major,2,0,0,,0.45
8729,Chennai,Tamil Nadu,13.097173,80.239414,2023-10-15,11:00,11,Sunday,1,rural,5,0,clear,high,31,high,distraction,minor,3,2,0,,0.3
8740,Chennai,Tamil Nadu,12.935361,80.202172,2022-03-27,18:00,18,Sunday,1,urban,6,1,rain,low,33,medium,poor road,fatal,5,5,1,,0.8
8745,Chennai,Tamil Nadu,13.100159,80.229863,2024-11-29,9:00,9,Friday,0,highway,3,1,rain,medium,26,high,weather,minor,3,3,1,,0.6
8755,Chennai,Tamil Nadu,12.88862,80.227729,2023-03-16,9:00,9,Thursday,0,highway,5,1,clear,high,31,high,distraction,minor,5,5,1,,0.45
8759,Chennai,Tamil Nadu,12.889073,80.142765,2023-05-27,20:00,20,Saturday,1,urban,5,1,clear,high,34,medium,drunk driving,minor,5,1,0,,0.1
8767,Chennai,Tamil Nadu,12.928114,80.28121,2022-06-27,21:00,21,Monday,0,highway,6,1,fog,low,30,medium,overspeeding,major,1,1,0,,0.45
8768,Chennai,Tamil Nadu,13.066455,80.1495,2024-05-15,21:00,21,Wednesday,0,rural,6,1,fog,low,30,medium,weather,minor,1,1,0,,0.45
8769,Chennai,Tamil Nadu,13.051224,80.23751,2024-10-10,23:00,23,Thursday,0,urban,6,1,fog,low,40,low,overspeeding,fatal,3,3,0,,0.65
8770,Chennai,Tamil Nadu,12.807691,80.256604,2022-07-04,2:00,2,Monday,0,highway,4,0,rain,medium,15,low,overspeeding,minor,3,3,0,,0.25
8774,Chennai,Tamil Nadu,13.028476,80.109227,2024-07-17,22:00,22,Wednesday,0,highway,6,0,fog,low,29,low,drunk driving,fatal,2,2,0,,0.65
8776,Chennai,Tamil Nadu,12.811451,80.271258,2023-02-24,4:00,4,Friday,0,urban,2,0,clear,high,34,medium,overspeeding,fatal,2,2,0,,0.3
8809,Chennai,Tamil Nadu,13.021857,80.113525,2025-01-26,10:00,10,Sunday,1,urban,1,0,fog,low,35,high,drunk driving,minor,1,0,1,,0.8
8814,Chennai,Tamil Nadu,12.905179,80.262036,2022-09-11,0:00,0,Sunday,1,highway,5,1,fog,low,22,low,distraction,minor,2,0,0,,0.45
8815,Chennai,Tamil Nadu,12.851427,80.162817,2023-12-07,16:00,16,Thursday,0,urban,3,0,fog,low,35,low,weather,major,2,0,0,,0.45
8819,Chennai,Tamil Nadu,12.877517,80.204191,2022-04-22,6:00,6,Friday,0,urban,6,1,rain,low,31,high,distraction,minor,4,2,0,,0.65
8835,Chennai,Tamil Nadu,13.19904,80.101633,2024-09-26,21:00,21,Thursday,0,urban,3,1,fog,low,40,high,overspeeding,minor,4,4,0,,0.65
8837,Chennai,Tamil Nadu,12.810942,80.232968,2023-07-21,18:00,18,Friday,0,urban,1,1,rain,medium,19,high,drunk driving,major,3,3,1,,0.6
8843,Chennai,Tamil Nadu,12.996022,80.162539,2024-07-28,20:00,20,Sunday,1,urban,6,0,clear,high,19,high,drunk driving,major,4,3,0,,0.3
8846,Chennai,Tamil Nadu,13.031672,80.219153,2023-07-07,18:00,18,Friday,0,highway,3,1,rain,medium,31,medium,drunk driving,major,4,0,1,,0.4
8857,Chennai,Tamil Nadu,12.845869,80.164399,2025-02-11,6:00,6,Tuesday,0,rural,5,0,rain,medium,33,low,poor road,minor,1,1,0,,0.25
8860,Chennai,Tamil Nadu,13.001131,80.131695,2023-06-30,0:00,0,Friday,0,urban,1,0,fog,low,20,medium,weather,fatal,1,1,0,,0.65
8865,Chennai,Tamil Nadu,12.824001,80.204053,2022-05-05,22:00,22,Thursday,0,rural,4,0,clear,high,40,high,drunk driving,minor,4,0,0,,0.3
8878,Chennai,Tamil Nadu,12.858192,80.25618,2022-03-13,3:00,3,Sunday,1,highway,4,1,rain,low,21,low,distraction,major,2,2,0,,0.45
8894,Chennai,Tamil Nadu,13.139299,80.178206,2024-07-14,10:00,10,Sunday,1,highway,4,0,fog,low,26,medium,drunk driving,minor,1,1,1,,0.6
8902,Chennai,Tamil Nadu,13.199457,80.171273,2024-07-21,10:00,10,Sunday,1,rural,3,1,clear,high,18,high,drunk driving,major,2,1,1,,0.45
8904,Chennai,Tamil Nadu,12.861005,80.157166,2024-11-17,22:00,22,Sunday,1,urban,4,1,rain,medium,16,low,distraction,minor,1,0,0,,0.25
8909,Chennai,Tamil Nadu,13.16317,80.257695,2024-12-28,2:00,2,Saturday,1,rural,5,1,fog,low,16,low,drunk driving,minor,5,3,0,,0.45
8911,Chennai,Tamil Nadu,12.953116,80.278683,2024-05-14,0:00,0,Tuesday,0,rural,4,0,clear,high,26,medium,drunk driving,minor,2,1,0,,0.1
8913,Chennai,Tamil Nadu,12.810814,80.225619,2025-03-14,12:00,12,Friday,0,rural,2,1,clear,high,26,medium,overspeeding,minor,1,1,0,,0.1
8916,Chennai,Tamil Nadu,12.893011,80.243153,2024-01-05,5:00,5,Friday,0,urban,4,1,clear,high,38,low,weather,minor,2,2,0,,0.1
8933,Chennai,Tamil Nadu,13.171085,80.137781,2023-12-04,8:00,8,Monday,0,rural,6,1,clear,high,34,low,distraction,minor,4,3,1,,0.25
8935,Chennai,Tamil Nadu,12.842031,80.250212,2024-08-22,11:00,11,Thursday,0,rural,5,0,clear,high,19,medium,distraction,minor,4,1,0,,0.1
8944,Chennai,Tamil Nadu,12.923367,80.2431,2022-07-15,21:00,21,Friday,0,highway,4,0,clear,high,38,medium,distraction,major,3,3,0,,0.1
8947,Chennai,Tamil Nadu,13.110249,80.29243,2023-02-18,9:00,9,Saturday,1,highway,1,0,fog,low,28,high,drunk driving,minor,3,2,1,,0.8
8953,Chennai,Tamil Nadu,13.083214,80.197926,2022-04-25,5:00,5,Monday,0,highway,2,0,clear,high,26,low,distraction,minor,2,2,0,,0.1
8956,Chennai,Tamil Nadu,12.923622,80.232595,2025-04-04,3:00,3,Friday,0,urban,6,1,rain,medium,33,low,poor road,fatal,3,3,0,,0.45
8967,Chennai,Tamil Nadu,13.198051,80.252289,2023-06-01,14:00,14,Thursday,0,urban,5,1,rain,low,20,medium,drunk driving,fatal,5,5,0,,0.65
8969,Chennai,Tamil Nadu,12.987569,80.123886,2024-08-26,11:00,11,Monday,0,urban,4,1,fog,low,29,low,drunk driving,minor,3,0,0,,0.45
8974,Chennai,Tamil Nadu,13.047646,80.275932,2024-06-08,23:00,23,Saturday,1,rural,6,1,clear,high,18,high,drunk driving,major,1,0,0,,0.3
8979,Chennai,Tamil Nadu,12.913443,80.141601,2023-02-02,21:00,21,Thursday,0,rural,4,1,rain,low,38,high,drunk driving,minor,2,0,0,,0.65
9015,Chennai,Tamil Nadu,13.167547,80.144491,2022-10-28,13:00,13,Friday,0,rural,6,0,fog,low,23,medium,overspeeding,minor,3,2,0,,0.45
9035,Chennai,Tamil Nadu,13.085478,80.236288,2024-05-27,16:00,16,Monday,0,highway,2,1,fog,low,24,low,drunk driving,fatal,5,5,0,,0.65
9043,Chennai,Tamil Nadu,12.995654,80.15983,2023-05-08,8:00,8,Monday,0,rural,6,1,fog,low,34,high,poor road,major,4,1,1,,0.8
9045,Chennai,Tamil Nadu,12.898603,80.201427,2023-03-27,18:00,18,Monday,0,highway,2,0,clear,high,39,high,distraction,fatal,2,2,1,,0.65
9054,Chennai,Tamil Nadu,12.802736,80.292468,2023-06-06,8:00,8,Tuesday,0,urban,4,0,fog,low,15,high,drunk driving,major,1,0,1,,0.8
9055,Chennai,Tamil Nadu,13.059092,80.256812,2025-02-11,21:00,21,Tuesday,0,urban,4,0,clear,high,29,low,distraction,fatal,4,4,0,,0.3
9078,Chennai,Tamil Nadu,13.01858,80.246944,2023-02-27,5:00,5,Monday,0,highway,5,0,rain,medium,18,low,overspeeding,fatal,3,3,0,,0.45
9084,Chennai,Tamil Nadu,12.800346,80.136765,2022-03-13,12:00,12,Sunday,1,urban,6,1,fog,low,26,high,overspeeding,minor,2,0,0,,0.65
9089,Chennai,Tamil Nadu,13.045066,80.121872,2025-04-13,20:00,20,Sunday,1,rural,5,1,clear,high,30,medium,overspeeding,fatal,5,5,0,,0.3
9116,Chennai,Tamil Nadu,13.007118,80.123407,2023-07-06,14:00,14,Thursday,0,highway,6,0,fog,low,15,medium,overspeeding,major,3,2,0,,0.45
9122,Chennai,Tamil Nadu,12.970725,80.180924,2022-03-09,6:00,6,Wednesday,0,rural,1,0,fog,low,15,high,overspeeding,minor,2,2,0,,0.65
9123,Chennai,Tamil Nadu,12.998035,80.276088,2022-02-05,2:00,2,Saturday,1,highway,1,0,fog,low,40,low,overspeeding,fatal,2,2,0,,0.65
9125,Chennai,Tamil Nadu,12.948267,80.121358,2023-05-25,9:00,9,Thursday,0,urban,5,0,fog,low,39,medium,overspeeding,major,5,2,1,,0.6
9130,Chennai,Tamil Nadu,13.166302,80.272288,2023-01-02,11:00,11,Monday,0,urban,3,1,clear,high,19,high,drunk driving,minor,4,4,0,,0.3
9134,Chennai,Tamil Nadu,12.928527,80.244401,2024-01-21,8:00,8,Sunday,1,rural,5,1,clear,high,21,high,overspeeding,minor,2,2,1,,0.45
9137,Chennai,Tamil Nadu,12.999471,80.12691,2024-10-29,0:00,0,Tuesday,0,urban,1,0,clear,high,32,low,weather,major,4,3,0,,0.1
9139,Chennai,Tamil Nadu,13.089643,80.236083,2024-02-09,6:00,6,Friday,0,highway,4,0,fog,low,20,high,distraction,minor,3,3,0,,0.65
9146,Chennai,Tamil Nadu,12.852935,80.209461,2024-06-25,10:00,10,Tuesday,0,rural,3,0,rain,medium,29,low,poor road,major,2,0,1,,0.4
9151,Chennai,Tamil Nadu,12.87449,80.11778,2023-08-13,16:00,16,Sunday,1,urban,3,1,fog,low,32,low,overspeeding,major,3,2,0,,0.45
9159,Chennai,Tamil Nadu,12.912076,80.25515,2024-05-03,3:00,3,Friday,0,urban,1,0,rain,medium,38,low,weather,minor,5,4,0,,0.25
9161,Chennai,Tamil Nadu,13.176628,80.298078,2023-11-16,18:00,18,Thursday,0,rural,5,1,fog,low,22,high,drunk driving,minor,4,1,1,,0.8
9170,Chennai,Tamil Nadu,13.177383,80.183782,2024-05-25,0:00,0,Saturday,1,highway,4,1,clear,high,23,low,weather,major,4,2,0,,0.1
9175,Chennai,Tamil Nadu,13.027208,80.20029,2024-01-15,10:00,10,Monday,0,highway,2,0,rain,low,38,high,drunk driving,minor,1,1,1,,0.8
9180,Chennai,Tamil Nadu,13.037307,80.26192,2023-07-08,20:00,20,Saturday,1,rural,6,1,clear,high,21,high,weather,minor,2,2,0,,0.3
9186,Chennai,Tamil Nadu,12.9665,80.104525,2023-01-12,19:00,19,Thursday,0,urban,2,1,fog,low,24,medium,weather,minor,5,0,1,,0.6
9188,Chennai,Tamil Nadu,13.15252,80.25373,2024-08-11,6:00,6,Sunday,1,urban,3,0,rain,medium,22,low,overspeeding,minor,5,3,0,,0.25
9196,Chennai,Tamil Nadu,13.101945,80.258583,2025-03-29,14:00,14,Saturday,1,rural,1,0,clear,high,21,low,poor road,fatal,3,3,0,,0.3
9197,Chennai,Tamil Nadu,13.145708,80.11235,2022-08-20,11:00,11,Saturday,1,rural,1,0,fog,low,25,medium,poor road,major,2,2,0,,0.45
9200,Chennai,Tamil Nadu,13.111716,80.222097,2022-03-10,22:00,22,Thursday,0,urban,1,1,clear,high,27,high,weather,minor,5,5,0,,0.3
9205,Chennai,Tamil Nadu,13.019782,80.242623,2023-07-09,3:00,3,Sunday,1,rural,3,0,clear,high,17,low,overspeeding,minor,3,2,0,,0.1
9207,Chennai,Tamil Nadu,13.113367,80.152276,2024-02-19,13:00,13,Monday,0,rural,3,0,clear,high,33,high,poor road,major,5,3,0,,0.3
9210,Chennai,Tamil Nadu,12.908076,80.173672,2024-02-25,23:00,23,Sunday,1,rural,4,0,clear,high,17,low,distraction,major,3,2,0,,0.1
9211,Chennai,Tamil Nadu,12.838329,80.225957,2023-04-03,23:00,23,Monday,0,urban,4,0,clear,high,36,high,weather,fatal,1,1,0,,0.5
9213,Chennai,Tamil Nadu,12.866107,80.143929,2025-03-19,13:00,13,Wednesday,0,urban,1,1,clear,high,25,high,weather,minor,5,2,0,,0.3
9217,Chennai,Tamil Nadu,13.040754,80.243812,2023-03-25,21:00,21,Saturday,1,rural,6,0,fog,low,24,high,poor road,fatal,5,5,0,,0.85
9221,Chennai,Tamil Nadu,13.009289,80.1748,2024-12-29,10:00,10,Sunday,1,rural,6,1,fog,low,17,high,weather,minor,1,1,1,,0.8
9242,Chennai,Tamil Nadu,13.182381,80.180205,2023-09-23,1:00,1,Saturday,1,highway,2,0,clear,high,31,high,weather,minor,1,0,0,,0.3
9249,Chennai,Tamil Nadu,12.889127,80.263346,2024-05-08,2:00,2,Wednesday,0,highway,4,0,rain,medium,37,low,distraction,minor,3,0,0,,0.25
9266,Chennai,Tamil Nadu,12.872554,80.116448,2022-01-09,3:00,3,Sunday,1,rural,3,1,rain,medium,21,low,overspeeding,fatal,4,4,0,,0.45
9269,Chennai,Tamil Nadu,13.047142,80.243,2024-07-28,4:00,4,Sunday,1,highway,1,0,rain,low,29,low,poor road,major,5,0,0,,0.45
9272,Chennai,Tamil Nadu,12.86244,80.267736,2025-02-11,20:00,20,Tuesday,0,highway,1,1,rain,low,22,high,distraction,minor,3,2,0,,0.65
9274,Chennai,Tamil Nadu,12.848538,80.186781,2024-03-03,17:00,17,Sunday,1,urban,4,1,clear,high,33,high,drunk driving,major,5,0,1,,0.45
9285,Chennai,Tamil Nadu,12.924645,80.211452,2025-02-27,13:00,13,Thursday,0,rural,2,0,fog,low,40,medium,weather,minor,1,0,0,,0.45
9287,Chennai,Tamil Nadu,12.937557,80.144105,2024-05-15,11:00,11,Wednesday,0,rural,4,0,rain,low,36,low,weather,fatal,5,5,0,,0.65
9301,Chennai,Tamil Nadu,13.055978,80.282073,2024-09-03,16:00,16,Tuesday,0,highway,6,0,clear,high,22,medium,weather,minor,3,3,0,,0.1
9304,Chennai,Tamil Nadu,12.804265,80.165025,2023-01-26,2:00,2,Thursday,0,rural,6,1,rain,medium,39,medium,weather,minor,2,0,0,,0.25
9308,Chennai,Tamil Nadu,12.966157,80.203372,2022-06-04,7:00,7,Saturday,1,urban,4,1,fog,low,37,medium,poor road,minor,4,1,0,,0.45
9309,Chennai,Tamil Nadu,13.056496,80.10505,2022-07-04,17:00,17,Monday,0,rural,1,0,clear,high,29,high,drunk driving,major,3,0,1,,0.45
9325,Chennai,Tamil Nadu,12.934705,80.244106,2022-01-19,5:00,5,Wednesday,0,urban,4,1,rain,low,15,high,weather,major,5,2,0,,0.65
9351,Chennai,Tamil Nadu,12.888365,80.135839,2022-05-19,12:00,12,Thursday,0,rural,4,1,rain,low,32,low,drunk driving,major,3,1,0,,0.45
9358,Chennai,Tamil Nadu,12.820513,80.109017,2024-07-12,2:00,2,Friday,0,rural,3,0,fog,low,16,medium,weather,fatal,5,5,0,,0.65
9362,Chennai,Tamil Nadu,13.19036,80.191347,2024-03-18,7:00,7,Monday,0,highway,2,1,clear,high,29,medium,poor road,minor,4,4,0,,0.1
9394,Chennai,Tamil Nadu,13.08804,80.194476,2023-10-30,3:00,3,Monday,0,highway,5,1,fog,low,22,medium,overspeeding,minor,3,1,0,,0.45
9396,Chennai,Tamil Nadu,12.913531,80.228859,2024-04-10,8:00,8,Wednesday,0,urban,1,1,rain,low,30,high,distraction,major,5,4,1,Eid,0.9
9411,Chennai,Tamil Nadu,13.155266,80.145644,2023-10-02,1:00,1,Monday,0,rural,3,1,fog,low,15,low,distraction,minor,1,0,0,,0.45
9412,Chennai,Tamil Nadu,12.823357,80.202126,2024-08-11,15:00,15,Sunday,1,highway,1,1,rain,low,22,high,overspeeding,fatal,2,2,0,,0.85
9423,Chennai,Tamil Nadu,13.196716,80.246568,2024-12-08,16:00,16,Sunday,1,highway,2,1,rain,medium,30,medium,drunk driving,minor,5,5,0,,0.25
9431,Chennai,Tamil Nadu,12.944091,80.243287,2024-09-29,5:00,5,Sunday,1,urban,1,0,rain,low,40,medium,overspeeding,minor,5,0,0,,0.45
9432,Chennai,Tamil Nadu,12.897463,80.178525,2023-10-20,11:00,11,Friday,0,highway,1,1,clear,high,19,medium,poor road,fatal,1,1,0,,0.3
9435,Chennai,Tamil Nadu,12.994364,80.163601,2022-12-07,19:00,19,Wednesday,0,highway,1,0,clear,high,24,medium,drunk driving,minor,2,1,1,,0.25
9457,Chennai,Tamil Nadu,13.042568,80.212357,2024-03-24,9:00,9,Sunday,1,urban,2,0,clear,high,39,high,overspeeding,minor,3,0,1,,0.45
9458,Chennai,Tamil Nadu,12.980288,80.253063,2023-05-30,11:00,11,Tuesday,0,urban,6,1,clear,high,37,high,distraction,minor,2,0,0,,0.3
9461,Chennai,Tamil Nadu,13.032944,80.159342,2022-08-08,6:00,6,Monday,0,urban,6,1,clear,high,38,medium,drunk driving,minor,4,1,0,,0.1
9463,Chennai,Tamil Nadu,12.990992,80.266618,2022-09-25,4:00,4,Sunday,1,highway,3,0,fog,low,28,low,weather,major,2,1,0,,0.45
9466,Chennai,Tamil Nadu,13.004413,80.188644,2023-10-07,20:00,20,Saturday,1,highway,6,0,clear,high,27,high,weather,minor,3,2,0,,0.3
9476,Chennai,Tamil Nadu,12.965475,80.118721,2022-01-10,9:00,9,Monday,0,highway,4,1,clear,high,34,high,distraction,fatal,4,4,1,,0.65
9490,Chennai,Tamil Nadu,13.155393,80.151344,2022-03-18,1:00,1,Friday,0,urban,1,1,fog,low,32,low,distraction,major,5,2,0,,0.45
9497,Chennai,Tamil Nadu,12.885335,80.140706,2024-04-28,12:00,12,Sunday,1,rural,3,0,rain,medium,19,low,overspeeding,minor,4,4,0,,0.25
9504,Chennai,Tamil Nadu,13.011017,80.200204,2023-01-12,20:00,20,Thursday,0,highway,4,0,clear,high,25,low,distraction,minor,5,1,0,,0.1
9508,Chennai,Tamil Nadu,12.88774,80.235926,2024-12-21,3:00,3,Saturday,1,highway,6,1,clear,high,24,medium,poor road,major,4,4,0,,0.1
9523,Chennai,Tamil Nadu,12.851906,80.237577,2024-12-17,13:00,13,Tuesday,0,highway,3,1,rain,low,34,high,distraction,major,4,2,0,,0.65
9527,Chennai,Tamil Nadu,13.120189,80.20747,2024-01-19,2:00,2,Friday,0,highway,6,0,fog,low,40,low,drunk driving,minor,3,3,0,,0.45
9535,Chennai,Tamil Nadu,13.098283,80.289569,2025-02-17,3:00,3,Monday,0,rural,5,0,rain,medium,22,high,drunk driving,minor,3,1,0,,0.45
9551,Chennai,Tamil Nadu,12.926202,80.112523,2022-10-20,12:00,12,Thursday,0,highway,2,0,rain,medium,17,high,distraction,major,5,3,0,,0.45
9552,Chennai,Tamil Nadu,12.942615,80.263669,2022-07-18,17:00,17,Monday,0,urban,1,0,clear,high,29,high,weather,fatal,4,4,1,,0.65
9555,Chennai,Tamil Nadu,12.836674,80.224155,2022-10-03,14:00,14,Monday,0,highway,6,0,rain,medium,31,high,overspeeding,minor,1,1,0,,0.45
9564,Chennai,Tamil Nadu,13.187635,80.248699,2023-08-08,4:00,4,Tuesday,0,urban,3,1,fog,low,32,low,weather,major,3,1,0,,0.45
9568,Chennai,Tamil Nadu,13.097776,80.150848,2022-09-07,15:00,15,Wednesday,0,urban,4,1,clear,high,23,low,drunk driving,fatal,2,2,0,,0.3
9576,Chennai,Tamil Nadu,12.919562,80.161709,2023-02-24,8:00,8,Friday,0,urban,3,0,fog,low,35,high,weather,fatal,4,4,1,,1.0
9594,Chennai,Tamil Nadu,12.869193,80.188647,2023-02-08,9:00,9,Wednesday,0,urban,5,0,rain,low,26,high,distraction,major,2,1,1,,0.8
9640,Chennai,Tamil Nadu,13.174538,80.220977,2022-03-20,17:00,17,Sunday,1,highway,1,0,rain,medium,24,high,drunk driving,minor,3,2,1,,0.6
9652,Chennai,Tamil Nadu,13.128543,80.101297,2022-12-30,17:00,17,Friday,0,highway,1,0,fog,low,24,high,drunk driving,fatal,3,3,1,,1.0
9660,Chennai,Tamil Nadu,13.137272,80.198274,2022-12-10,19:00,19,Saturday,1,urban,3,0,fog,low,37,high,overspeeding,minor,5,5,1,,0.8
9699,Chennai,Tamil Nadu,12.906407,80.11379,2022-09-13,12:00,12,Tuesday,0,rural,1,0,clear,high,17,medium,distraction,minor,3,0,0,,0.1
9703,Chennai,Tamil Nadu,12.823502,80.124908,2022-05-16,14:00,14,Monday,0,rural,4,1,rain,low,38,low,overspeeding,minor,2,2,0,,0.45
9705,Chennai,Tamil Nadu,12.879417,80.282199,2022-07-10,18:00,18,Sunday,1,urban,5,0,clear,high,29,high,weather,major,3,0,1,,0.45
9726,Chennai,Tamil Nadu,12.968418,80.148155,2024-12-16,7:00,7,Monday,0,rural,4,0,fog,low,30,low,distraction,fatal,3,3,0,,0.65
9731,Chennai,Tamil Nadu,13.126608,80.118099,2022-10-20,18:00,18,Thursday,0,highway,1,0,fog,low,23,high,distraction,minor,2,1,1,,0.8
9742,Chennai,Tamil Nadu,12.81464,80.152994,2022-05-14,15:00,15,Saturday,1,urban,1,0,clear,high,17,high,weather,major,4,4,0,,0.3
9752,Chennai,Tamil Nadu,12.972795,80.264881,2022-12-20,3:00,3,Tuesday,0,urban,3,1,clear,high,26,low,weather,minor,5,1,0,,0.1
9773,Chennai,Tamil Nadu,12.967332,80.104278,2024-11-04,21:00,21,Monday,0,highway,3,0,fog,low,25,low,poor road,minor,1,0,0,,0.45
9793,Chennai,Tamil Nadu,12.877415,80.142398,2024-06-23,23:00,23,Sunday,1,highway,5,0,rain,low,20,high,overspeeding,fatal,3,3,0,,0.85
9802,Chennai,Tamil Nadu,13.054547,80.168201,2022-04-03,14:00,14,Sunday,1,urban,3,0,clear,high,19,high,overspeeding,minor,2,1,0,,0.3
9806,Chennai,Tamil Nadu,12.934163,80.234801,2024-09-04,19:00,19,Wednesday,0,highway,4,1,clear,high,23,medium,distraction,minor,4,4,1,,0.25
9807,Chennai,Tamil Nadu,13.005312,80.260723,2024-06-07,23:00,23,Friday,0,highway,6,1,fog,low,31,high,weather,minor,3,2,0,,0.65
9817,Chennai,Tamil Nadu,12.893559,80.183888,2022-10-29,4:00,4,Saturday,1,highway,5,1,rain,low,27,low,weather,minor,1,1,0,,0.45
9838,Chennai,Tamil Nadu,12.885747,80.151162,2025-01-13,6:00,6,Monday,0,highway,4,0,clear,high,33,high,overspeeding,minor,2,1,0,,0.3
9853,Chennai,Tamil Nadu,12.82865,80.176804,2023-03-01,23:00,23,Wednesday,0,rural,5,0,rain,medium,26,medium,distraction,minor,4,4,0,,0.25
9860,Chennai,Tamil Nadu,13.091162,80.122516,2023-02-06,22:00,22,Monday,0,highway,6,0,rain,medium,28,high,distraction,major,5,1,0,,0.45
9866,Chennai,Tamil Nadu,12.945861,80.117513,2023-04-22,22:00,22,Saturday,1,urban,1,1,fog,low,23,low,distraction,minor,2,1,0,Eid,0.55
9874,Chennai,Tamil Nadu,13.0978,80.156638,2024-06-16,3:00,3,Sunday,1,highway,3,1,rain,low,16,high,drunk driving,fatal,2,2,0,,0.85
9881,Chennai,Tamil Nadu,12.848509,80.137404,2024-06-23,19:00,19,Sunday,1,urban,3,0,rain,low,39,medium,drunk driving,fatal,4,4,1,,0.8
9890,Chennai,Tamil Nadu,13.117702,80.245075,2025-01-25,13:00,13,Saturday,1,rural,3,1,fog,low,17,medium,drunk driving,minor,5,2,0,,0.45
9899,Chennai,Tamil Nadu,13.176113,80.120825,2023-08-03,6:00,6,Thursday,0,urban,2,0,clear,high,24,high,distraction,minor,2,1,0,,0.3
9917,Chennai,Tamil Nadu,12.898908,80.14765,2022-06-10,16:00,16,Friday,0,highway,2,0,rain,low,17,low,overspeeding,major,3,0,0,,0.45
9919,Chennai,Tamil Nadu,12.81473,80.277577,2023-07-14,11:00,11,Friday,0,highway,4,0,fog,low,39,medium,distraction,minor,5,2,0,,0.45
9925,Chennai,Tamil Nadu,12.82004,80.14724,2022-03-30,13:00,13,Wednesday,0,rural,3,1,rain,medium,37,high,drunk driving,minor,3,0,0,,0.45
9928,Chennai,Tamil Nadu,12.935986,80.285514,2024-10-22,6:00,6,Tuesday,0,highway,3,1,fog,low,30,low,poor road,minor,4,1,0,,0.45
9933,Chennai,Tamil Nadu,12.999548,80.275663,2022-09-24,5:00,5,Saturday,1,highway,1,0,fog,low,39,medium,overspeeding,major,4,0,0,,0.45
9938,Chennai,Tamil Nadu,13.058799,80.17571,2022-05-15,2:00,2,Sunday,1,rural,2,1,rain,low,26,low,distraction,major,3,2,0,,0.45
9939,Chennai,Tamil Nadu,13.087524,80.246994,2024-08-16,21:00,21,Friday,0,urban,2,1,rain,medium,15,low,poor road,fatal,4,4,0,,0.45
9942,Chennai,Tamil Nadu,12.955637,80.270589,2022-12-09,10:00,10,Friday,0,highway,4,1,rain,low,36,medium,distraction,fatal,3,3,1,,0.8
9943,Chennai,Tamil Nadu,13.016899,80.173672,2022-01-24,21:00,21,Monday,0,urban,6,0,rain,medium,18,high,poor road,major,3,2,0,,0.45
9944,Chennai,Tamil Nadu,12.883977,80.195047,2022-07-29,9:00,9,Friday,0,highway,3,1,fog,low,36,high,poor road,major,5,2,1,,0.8
9945,Chennai,Tamil Nadu,12.868166,80.212201,2022-11-11,23:00,23,Friday,0,highway,1,0,rain,low,35,high,overspeeding,major,5,5,0,,0.65
9960,Chennai,Tamil Nadu,13.03714,80.123675,2022-07-06,4:00,4,Wednesday,0,rural,5,0,clear,high,30,low,overspeeding,fatal,2,2,0,,0.3
9962,Chennai,Tamil Nadu,12.925633,80.193856,2024-03-05,4:00,4,Tuesday,0,urban,6,1,clear,high,27,medium,drunk driving,minor,4,2,0,,0.1
9963,Chennai,Tamil Nadu,13.006403,80.286674,2024-08-09,14:00,14,Friday,0,urban,1,1,clear,high,29,high,poor road,minor,4,1,0,,0.3
9967,Chennai,Tamil Nadu,13.086327,80.149168,2022-05-24,10:00,10,Tuesday,0,highway,1,1,clear,high,20,high,poor road,minor,4,0,1,,0.45
9970,Chennai,Tamil Nadu,12.976279,80.293579,2023-06-03,14:00,14,Saturday,1,rural,5,0,rain,low,39,high,poor road,fatal,1,1,0,,0.85
9975,Chennai,Tamil Nadu,13.051054,80.178658,2024-06-06,20:00,20,Thursday,0,highway,6,1,fog,low,30,medium,overspeeding,major,5,1,0,,0.45
9976,Chennai,Tamil Nadu,12.980397,80.29089,2023-04-27,20:00,20,Thursday,0,urban,3,1,fog,low,26,medium,distraction,minor,4,4,0,,0.45
9979,Chennai,Tamil Nadu,13.145064,80.156072,2024-11-17,0:00,0,Sunday,1,urban,1,0,rain,low,24,low,weather,minor,5,3,0,,0.45
9992,Chennai,Tamil Nadu,13.080067,80.195314,2022-12-10,11:00,11,Saturday,1,urban,3,1,rain,low,24,high,drunk driving,minor,2,2,0,,0.65
10005,Chennai,Tamil Nadu,13.196346,80.248588,2022-03-31,7:00,7,Thursday,0,rural,4,0,rain,low,19,medium,weather,major,1,1,0,,0.45
10017,Chennai,Tamil Nadu,13.107548,80.199013,2022-07-11,9:00,9,Monday,0,urban,5,1,clear,high,23,high,poor road,major,4,2,1,,0.45
10018,Chennai,Tamil Nadu,13.06664,80.133923,2022-06-18,13:00,13,Saturday,1,rural,3,1,rain,low,19,medium,weather,major,3,0,0,,0.45
10023,Chennai,Tamil Nadu,12.815314,80.208719,2023-07-07,10:00,10,Friday,0,highway,1,1,fog,low,26,high,distraction,major,4,2,1,,0.8
10024,Chennai,Tamil Nadu,13.084351,80.20933,2023-08-01,1:00,1,Tuesday,0,rural,6,1,fog,low,40,low,distraction,fatal,3,3,0,,0.65
10028,Chennai,Tamil Nadu,13.175849,80.24361,2024-03-10,12:00,12,Sunday,1,urban,4,1,clear,high,15,low,weather,major,5,0,0,,0.1
10035,Chennai,Tamil Nadu,12.890018,80.274544,2022-11-01,3:00,3,Tuesday,0,highway,5,1,clear,high,21,low,overspeeding,minor,3,3,0,,0.1
10040,Chennai,Tamil Nadu,13.082225,80.161471,2023-05-26,6:00,6,Friday,0,rural,6,1,clear,high,36,medium,drunk driving,minor,4,2,0,,0.1
10047,Chennai,Tamil Nadu,12.932201,80.171009,2024-02-03,5:00,5,Saturday,1,rural,4,0,rain,medium,36,high,poor road,minor,4,2,0,,0.45
10054,Chennai,Tamil Nadu,13.146952,80.19036,2022-11-18,0:00,0,Friday,0,highway,5,1,fog,low,33,high,drunk driving,major,3,3,0,,0.65
10065,Chennai,Tamil Nadu,12.839494,80.177933,2024-07-21,18:00,18,Sunday,1,highway,3,1,fog,low,34,high,distraction,minor,5,5,1,,0.8
10076,Chennai,Tamil Nadu,13.052522,80.14345,2024-12-12,17:00,17,Thursday,0,rural,4,0,clear,high,35,high,overspeeding,minor,1,0,1,,0.45
10078,Chennai,Tamil Nadu,13.121772,80.298158,2022-03-26,18:00,18,Saturday,1,highway,2,1,clear,high,27,high,distraction,major,5,1,1,,0.45
10100,Chennai,Tamil Nadu,12.911423,80.12901,2025-02-21,0:00,0,Friday,0,rural,1,1,clear,high,15,low,distraction,major,3,0,0,,0.1
10106,Chennai,Tamil Nadu,12.881818,80.178696,2024-10-11,12:00,12,Friday,0,urban,3,0,clear,high,24,medium,drunk driving,major,5,2,0,,0.1
10116,Chennai,Tamil Nadu,12.956055,80.242114,2023-03-12,6:00,6,Sunday,1,rural,6,0,clear,high,33,high,overspeeding,major,2,0,0,,0.3
10118,Chennai,Tamil Nadu,12.875553,80.137023,2022-11-18,23:00,23,Friday,0,rural,6,0,rain,low,22,low,distraction,major,5,5,0,,0.45
10134,Chennai,Tamil Nadu,13.040689,80.177617,2023-11-11,4:00,4,Saturday,1,urban,6,1,clear,high,27,low,overspeeding,minor,3,1,0,,0.1
10141,Chennai,Tamil Nadu,12.943489,80.237575,2024-08-01,14:00,14,Thursday,0,urban,3,0,fog,low,38,low,distraction,minor,2,0,0,,0.45
10149,Chennai,Tamil Nadu,12.997886,80.186037,2022-12-11,1:00,1,Sunday,1,rural,6,0,rain,low,20,medium,overspeeding,major,1,1,0,,0.45
10154,Chennai,Tamil Nadu,12.841637,80.148355,2024-01-12,4:00,4,Friday,0,rural,3,0,clear,high,34,high,weather,minor,2,1,0,,0.3
10156,Chennai,Tamil Nadu,13.065731,80.196622,2024-07-10,2:00,2,Wednesday,0,highway,1,1,clear,high,20,low,overspeeding,minor,4,2,0,,0.1
10158,Chennai,Tamil Nadu,12.998907,80.238874,2025-01-28,3:00,3,Tuesday,0,urban,6,0,clear,high,25,low,distraction,minor,4,0,0,,0.1
10160,Chennai,Tamil Nadu,12.827073,80.178769,2022-02-07,16:00,16,Monday,0,highway,3,0,clear,high,16,high,poor road,minor,3,1,0,,0.3
10174,Chennai,Tamil Nadu,12.863083,80.102873,2024-10-09,19:00,19,Wednesday,0,rural,6,1,clear,high,24,medium,weather,major,3,0,1,,0.25
10176,Chennai,Tamil Nadu,12.971275,80.177049,2025-03-04,14:00,14,Tuesday,0,rural,3,0,clear,high,40,medium,drunk driving,minor,3,3,0,,0.1
10192,Chennai,Tamil Nadu,13.186845,80.163971,2024-09-02,7:00,7,Monday,0,urban,6,1,fog,low,28,medium,distraction,minor,5,4,0,,0.45
10195,Chennai,Tamil Nadu,12.937763,80.211327,2023-09-21,17:00,17,Thursday,0,urban,3,0,rain,low,29,high,weather,minor,2,2,1,,0.8
10199,Chennai,Tamil Nadu,13.110512,80.108746,2023-08-17,3:00,3,Thursday,0,highway,5,1,rain,low,23,medium,drunk driving,major,2,0,0,,0.45
10200,Chennai,Tamil Nadu,12.915808,80.127229,2023-02-14,12:00,12,Tuesday,0,urban,2,0,clear,high,33,low,distraction,major,1,1,0,,0.1
10238,Chennai,Tamil Nadu,13.149362,80.183543,2024-06-29,20:00,20,Saturday,1,urban,3,1,clear,high,20,low,drunk driving,fatal,3,3,0,,0.3
10261,Chennai,Tamil Nadu,12.929155,80.142272,2025-04-04,6:00,6,Friday,0,highway,1,1,clear,high,27,high,drunk driving,major,2,1,0,,0.3
10294,Chennai,Tamil Nadu,13.023985,80.224448,2022-02-26,9:00,9,Saturday,1,urban,3,1,rain,medium,33,low,drunk driving,minor,3,3,1,,0.4
10302,Chennai,Tamil Nadu,13.030653,80.197443,2025-01-04,4:00,4,Saturday,1,rural,6,0,clear,high,26,low,weather,minor,3,3,0,,0.1
10307,Chennai,Tamil Nadu,12.990041,80.103362,2025-02-01,5:00,5,Saturday,1,urban,1,0,rain,low,40,high,distraction,minor,5,1,0,,0.65
10311,Chennai,Tamil Nadu,13.087581,80.132084,2024-08-18,5:00,5,Sunday,1,highway,6,1,clear,high,39,low,distraction,major,4,0,0,,0.1
10313,Chennai,Tamil Nadu,13.177617,80.269808,2024-04-03,21:00,21,Wednesday,0,rural,4,1,clear,high,22,high,distraction,minor,1,0,0,,0.3
10317,Chennai,Tamil Nadu,12.823066,80.17732,2024-08-18,23:00,23,Sunday,1,urban,5,1,clear,high,33,high,distraction,minor,5,1,0,,0.3
10325,Chennai,Tamil Nadu,13.142228,80.220438,2025-03-10,10:00,10,Monday,0,urban,4,1,clear,high,27,high,overspeeding,minor,1,1,1,,0.45
10330,Chennai,Tamil Nadu,13.184051,80.291071,2023-12-14,17:00,17,Thursday,0,rural,1,0,clear,high,38,high,poor road,major,5,1,1,,0.45
10333,Chennai,Tamil Nadu,13.022518,80.211479,2025-03-16,20:00,20,Sunday,1,urban,5,1,clear,high,29,high,overspeeding,major,5,2,0,,0.3
10335,Chennai,Tamil Nadu,13.080462,80.298876,2025-02-26,6:00,6,Wednesday,0,highway,3,0,rain,low,19,medium,drunk driving,minor,2,2,0,,0.45
10349,Chennai,Tamil Nadu,13.052141,80.235756,2024-06-29,18:00,18,Saturday,1,rural,3,0,clear,high,19,high,weather,major,5,2,1,,0.45
10358,Chennai,Tamil Nadu,13.012717,80.297572,2023-10-23,19:00,19,Monday,0,urban,2,0,clear,high,30,medium,distraction,major,3,1,1,,0.25
10367,Chennai,Tamil Nadu,13.018925,80.125246,2023-08-07,17:00,17,Monday,0,rural,5,0,rain,low,38,high,overspeeding,major,1,0,1,,0.8
10374,Chennai,Tamil Nadu,12.830243,80.106745,2024-02-04,7:00,7,Sunday,1,urban,4,0,clear,high,36,medium,overspeeding,minor,5,1,0,,0.1
10378,Chennai,Tamil Nadu,13.183611,80.158625,2022-04-30,16:00,16,Saturday,1,rural,6,0,rain,medium,31,low,poor road,minor,1,1,0,,0.25
10380,Chennai,Tamil Nadu,13.03468,80.274439,2023-04-24,12:00,12,Monday,0,urban,5,0,rain,low,22,high,poor road,major,3,3,0,,0.65
10383,Chennai,Tamil Nadu,13.132978,80.287781,2024-12-06,2:00,2,Friday,0,highway,4,0,rain,medium,40,low,poor road,fatal,2,2,0,,0.45
10384,Chennai,Tamil Nadu,13.155419,80.169638,2022-10-29,15:00,15,Saturday,1,urban,3,1,fog,low,37,low,drunk driving,fatal,1,1,0,,0.65
10388,Chennai,Tamil Nadu,13.18712,80.181119,2024-10-15,8:00,8,Tuesday,0,highway,2,0,fog,low,17,high,drunk driving,minor,3,0,1,,0.8
10389,Chennai,Tamil Nadu,12.803266,80.177063,2023-06-22,14:00,14,Thursday,0,urban,6,0,rain,low,27,medium,drunk driving,minor,3,1,0,,0.45
10390,Chennai,Tamil Nadu,12.875182,80.149177,2022-06-15,16:00,16,Wednesday,0,highway,6,0,rain,medium,15,high,distraction,minor,1,1,0,,0.45
10413,Chennai,Tamil Nadu,12.964723,80.236793,2025-03-13,5:00,5,Thursday,0,urban,6,1,clear,high,20,low,drunk driving,minor,4,3,0,,0.1
10417,Chennai,Tamil Nadu,13.013431,80.262316,2022-01-01,3:00,3,Saturday,1,urban,4,0,rain,medium,19,low,distraction,fatal,4,4,0,,0.45
10419,Chennai,Tamil Nadu,12.812614,80.208366,2025-01-06,17:00,17,Monday,0,urban,2,0,clear,high,40,high,weather,fatal,4,4,1,,0.65
10420,Chennai,Tamil Nadu,13.129336,80.14916,2022-12-21,20:00,20,Wednesday,0,rural,3,0,clear,high,20,medium,distraction,major,2,2,0,,0.1
10421,Chennai,Tamil Nadu,12.948086,80.242394,2022-01-18,15:00,15,Tuesday,0,urban,1,1,clear,high,39,high,poor road,fatal,3,3,0,,0.5
10432,Chennai,Tamil Nadu,12.992309,80.242134,2024-03-01,5:00,5,Friday,0,rural,1,0,rain,low,25,medium,weather,fatal,1,1,0,,0.65
10434,Chennai,Tamil Nadu,13.131925,80.289945,2024-12-05,11:00,11,Thursday,0,highway,3,0,rain,medium,18,high,poor road,minor,2,2,0,,0.45
10435,Chennai,Tamil Nadu,12.801148,80.205283,2023-06-11,12:00,12,Sunday,1,highway,1,1,rain,low,19,medium,overspeeding,major,1,0,0,,0.45
10438,Chennai,Tamil Nadu,13.143946,80.101889,2025-04-01,19:00,19,Tuesday,0,highway,2,1,clear,high,31,high,drunk driving,minor,3,1,1,,0.45
10450,Chennai,Tamil Nadu,12.949837,80.297469,2023-08-20,17:00,17,Sunday,1,rural,4,0,rain,low,30,medium,poor road,minor,1,0,1,,0.6
10468,Chennai,Tamil Nadu,13.079599,80.112523,2022-02-01,17:00,17,Tuesday,0,highway,1,0,rain,medium,29,medium,overspeeding,minor,3,3,1,,0.4
10469,Chennai,Tamil Nadu,13.032431,80.283619,2023-06-15,10:00,10,Thursday,0,highway,6,0,fog,low,28,high,drunk driving,fatal,1,1,1,,1.0
10479,Chennai,Tamil Nadu,13.000449,80.248728,2024-08-01,11:00,11,Thursday,0,highway,1,0,clear,high,29,low,overspeeding,minor,3,2,0,,0.1
10487,Chennai,Tamil Nadu,13.001599,80.283664,2023-02-16,7:00,7,Thursday,0,highway,2,0,clear,high,21,medium,weather,minor,1,1,0,,0.1
10499,Chennai,Tamil Nadu,13.012204,80.154589,2023-08-30,7:00,7,Wednesday,0,urban,3,0,rain,low,15,high,distraction,major,4,2,0,,0.65
10502,Chennai,Tamil Nadu,12.922732,80.183027,2022-04-29,14:00,14,Friday,0,rural,4,0,clear,high,24,low,poor road,fatal,1,1,0,,0.3
10511,Chennai,Tamil Nadu,12.821519,80.278975,2022-02-16,22:00,22,Wednesday,0,rural,3,0,clear,high,34,medium,weather,minor,5,0,0,,0.1
10518,Chennai,Tamil Nadu,12.863944,80.232454,2024-08-25,9:00,9,Sunday,1,highway,5,1,fog,low,36,high,drunk driving,minor,4,0,1,,0.8
10533,Chennai,Tamil Nadu,13.111344,80.187191,2024-12-08,13:00,13,Sunday,1,highway,2,1,clear,high,19,low,poor road,minor,5,0,0,,0.1
10535,Chennai,Tamil Nadu,12.871119,80.154927,2022-03-03,14:00,14,Thursday,0,urban,6,0,rain,low,30,high,overspeeding,minor,3,1,0,,0.65
10536,Chennai,Tamil Nadu,12.869647,80.18907,2024-04-21,15:00,15,Sunday,1,highway,4,0,fog,low,19,high,drunk driving,major,1,0,0,,0.65
10537,Chennai,Tamil Nadu,12.943827,80.263254,2024-10-24,8:00,8,Thursday,0,rural,1,1,fog,low,27,medium,distraction,minor,3,0,1,,0.6
10540,Chennai,Tamil Nadu,13.107149,80.128498,2022-12-14,18:00,18,Wednesday,0,urban,5,0,fog,low,36,high,overspeeding,major,2,0,1,,0.8
10548,Chennai,Tamil Nadu,12.901635,80.280697,2022-04-05,2:00,2,Tuesday,0,rural,3,0,rain,medium,24,high,poor road,minor,5,3,0,,0.45
10553,Chennai,Tamil Nadu,12.922646,80.237274,2022-12-13,17:00,17,Tuesday,0,highway,3,0,clear,high,24,high,distraction,minor,3,0,1,,0.45
10562,Chennai,Tamil Nadu,12.868183,80.28688,2023-04-28,11:00,11,Friday,0,urban,4,1,rain,medium,38,low,distraction,major,5,1,0,,0.25
10569,Chennai,Tamil Nadu,13.174765,80.208693,2023-01-21,0:00,0,Saturday,1,highway,3,0,clear,high,24,low,poor road,minor,3,0,0,,0.1
10577,Chennai,Tamil Nadu,13.144751,80.252584,2022-03-20,9:00,9,Sunday,1,highway,6,0,fog,low,20,high,poor road,major,2,0,1,,0.8
10594,Chennai,Tamil Nadu,13.177467,80.131698,2023-04-17,12:00,12,Monday,0,highway,3,1,clear,high,17,high,weather,fatal,2,2,0,,0.5
10596,Chennai,Tamil Nadu,13.106953,80.154558,2023-04-05,19:00,19,Wednesday,0,rural,3,0,fog,low,17,high,distraction,major,2,2,1,,0.8
10607,Chennai,Tamil Nadu,12.859543,80.160612,2024-03-07,15:00,15,Thursday,0,urban,1,1,clear,high,34,medium,overspeeding,minor,2,2,0,,0.1
10613,Chennai,Tamil Nadu,12.868709,80.11451,2024-09-02,6:00,6,Monday,0,rural,3,1,rain,low,28,low,drunk driving,major,5,0,0,,0.45
10614,Chennai,Tamil Nadu,13.004956,80.11697,2023-11-12,14:00,14,Sunday,1,rural,4,0,clear,high,32,low,distraction,minor,2,2,0,Diwali,0.2
10615,Chennai,Tamil Nadu,12.931043,80.261013,2023-09-08,13:00,13,Friday,0,rural,6,1,rain,medium,28,medium,weather,major,3,0,0,,0.25
10622,Chennai,Tamil Nadu,13.086683,80.140855,2024-01-16,20:00,20,Tuesday,0,rural,6,1,fog,low,19,high,overspeeding,minor,5,1,0,,0.65
10643,Chennai,Tamil Nadu,13.167903,80.176007,2022-06-13,14:00,14,Monday,0,rural,2,1,clear,high,31,high,overspeeding,minor,2,0,0,,0.3
10645,Chennai,Tamil Nadu,13.084017,80.27964,2024-05-25,11:00,11,Saturday,1,urban,3,0,fog,low,20,low,drunk driving,major,3,3,0,,0.45
10654,Chennai,Tamil Nadu,13.154184,80.148963,2022-11-13,4:00,4,Sunday,1,highway,3,1,rain,low,39,low,weather,minor,4,4,0,,0.45
10655,Chennai,Tamil Nadu,13.064231,80.188245,2024-07-26,8:00,8,Friday,0,rural,4,1,rain,medium,25,high,overspeeding,major,1,1,1,,0.6
10667,Chennai,Tamil Nadu,12.884241,80.272021,2023-08-28,4:00,4,Monday,0,urban,2,0,fog,low,28,low,weather,minor,5,4,0,,0.45
10669,Chennai,Tamil Nadu,12.92031,80.18661,2024-12-19,7:00,7,Thursday,0,rural,2,0,clear,high,30,low,drunk driving,minor,5,4,0,,0.1
10679,Chennai,Tamil Nadu,13.181774,80.280868,2024-04-13,10:00,10,Saturday,1,highway,2,0,rain,low,25,low,weather,minor,4,2,1,,0.6
10692,Chennai,Tamil Nadu,13.182259,80.104242,2022-07-13,9:00,9,Wednesday,0,rural,2,0,rain,medium,30,medium,overspeeding,minor,4,4,1,,0.4
10698,Chennai,Tamil Nadu,13.050483,80.266499,2024-09-10,18:00,18,Tuesday,0,rural,3,1,clear,high,25,high,weather,fatal,4,4,1,,0.65
10708,Chennai,Tamil Nadu,12.83087,80.168293,2024-07-23,18:00,18,Tuesday,0,highway,4,1,rain,medium,22,high,poor road,minor,1,1,1,,0.6
10715,Chennai,Tamil Nadu,12.916615,80.103924,2022-01-20,15:00,15,Thursday,0,highway,2,0,rain,medium,37,high,poor road,minor,5,4,0,,0.45
10720,Chennai,Tamil Nadu,12.894296,80.251977,2022-04-13,15:00,15,Wednesday,0,rural,5,1,rain,low,31,low,overspeeding,major,5,3,0,,0.45
10722,Chennai,Tamil Nadu,12.960473,80.100121,2023-01-24,11:00,11,Tuesday,0,urban,5,1,rain,medium,34,low,overspeeding,minor,5,3,0,,0.25
10724,Chennai,Tamil Nadu,13.194883,80.239893,2025-03-19,16:00,16,Wednesday,0,rural,2,0,clear,high,31,low,distraction,minor,5,1,0,,0.1
10731,Chennai,Tamil Nadu,12.89014,80.276797,2022-01-11,4:00,4,Tuesday,0,highway,3,1,fog,low,26,low,overspeeding,minor,2,0,0,,0.45
10735,Chennai,Tamil Nadu,12.94592,80.116742,2024-08-16,1:00,1,Friday,0,highway,6,1,fog,low,25,low,distraction,major,5,5,0,,0.45
10745,Chennai,Tamil Nadu,12.874742,80.221979,2023-11-26,15:00,15,Sunday,1,highway,4,1,rain,low,30,low,drunk driving,minor,2,2,0,,0.45
10754,Chennai,Tamil Nadu,13.002232,80.118523,2024-02-24,6:00,6,Saturday,1,urban,3,0,fog,low,23,medium,overspeeding,minor,5,4,0,,0.45
10783,Chennai,Tamil Nadu,12.881424,80.187051,2023-05-03,13:00,13,Wednesday,0,urban,2,1,fog,low,24,high,overspeeding,major,2,0,0,,0.65
10792,Chennai,Tamil Nadu,12.842879,80.206219,2022-04-05,15:00,15,Tuesday,0,highway,4,1,rain,low,18,medium,weather,fatal,3,3,0,,0.65
10799,Chennai,Tamil Nadu,12.859103,80.231577,2024-04-04,4:00,4,Thursday,0,highway,2,0,fog,low,24,high,weather,minor,3,2,0,,0.65
10810,Chennai,Tamil Nadu,12.968578,80.157711,2023-10-30,19:00,19,Monday,0,highway,5,1,fog,low,26,medium,drunk driving,minor,1,1,1,,0.6
10817,Chennai,Tamil Nadu,13.194262,80.187194,2023-12-07,21:00,21,Thursday,0,highway,6,1,rain,medium,18,low,poor road,fatal,3,3,0,,0.45
10818,Chennai,Tamil Nadu,13.194454,80.259475,2025-01-01,3:00,3,Wednesday,0,rural,1,1,fog,low,26,low,distraction,minor,2,1,0,,0.45
10824,Chennai,Tamil Nadu,13.168872,80.126064,2022-01-07,2:00,2,Friday,0,highway,2,0,clear,high,21,low,distraction,minor,3,1,0,,0.1
10830,Chennai,Tamil Nadu,13.149476,80.247158,2025-03-04,2:00,2,Tuesday,0,urban,2,1,clear,high,36,low,overspeeding,minor,1,1,0,,0.1
10863,Chennai,Tamil Nadu,12.874272,80.121998,2022-08-08,1:00,1,Monday,0,highway,6,0,fog,low,17,high,overspeeding,minor,2,1,0,,0.65
10868,Chennai,Tamil Nadu,13.13537,80.260539,2024-06-01,12:00,12,Saturday,1,highway,6,0,fog,low,27,low,drunk driving,minor,3,0,0,,0.45
10877,Chennai,Tamil Nadu,12.854141,80.162893,2022-01-25,16:00,16,Tuesday,0,urban,5,0,clear,high,30,medium,weather,major,4,4,0,,0.1
10879,Chennai,Tamil Nadu,12.914901,80.240966,2024-07-30,15:00,15,Tuesday,0,urban,2,0,fog,low,27,high,poor road,major,1,0,0,,0.65
10886,Chennai,Tamil Nadu,13.026601,80.268879,2023-05-01,22:00,22,Monday,0,urban,6,0,fog,low,36,medium,distraction,minor,5,0,0,,0.45
10896,Chennai,Tamil Nadu,13.120184,80.152847,2024-09-18,7:00,7,Wednesday,0,highway,4,0,fog,low,16,medium,distraction,minor,1,1,0,,0.45
10897,Chennai,Tamil Nadu,13.154619,80.178414,2024-06-21,21:00,21,Friday,0,urban,6,0,rain,low,34,medium,poor road,major,5,4,0,,0.45
10904,Chennai,Tamil Nadu,12.921848,80.120697,2023-02-05,19:00,19,Sunday,1,highway,1,1,fog,low,24,medium,weather,major,5,5,1,,0.6
10908,Chennai,Tamil Nadu,13.09859,80.237172,2024-06-01,8:00,8,Saturday,1,urban,6,0,fog,low,34,medium,drunk driving,fatal,4,4,1,,0.8
10915,Chennai,Tamil Nadu,12.856746,80.231453,2023-11-19,2:00,2,Sunday,1,urban,2,1,clear,high,25,low,poor road,minor,3,0,0,,0.1
10917,Chennai,Tamil Nadu,13.13987,80.236766,2022-05-17,10:00,10,Tuesday,0,urban,2,1,fog,low,38,low,weather,fatal,3,3,1,,0.8
10922,Chennai,Tamil Nadu,12.972451,80.12475,2024-03-11,19:00,19,Monday,0,highway,3,0,fog,low,28,high,drunk driving,major,2,2,1,,0.8
10924,Chennai,Tamil Nadu,12.808461,80.25798,2024-05-12,17:00,17,Sunday,1,highway,4,0,fog,low,32,low,drunk driving,major,3,3,1,,0.6
10939,Chennai,Tamil Nadu,12.988744,80.286563,2024-03-06,5:00,5,Wednesday,0,highway,1,0,fog,low,39,high,overspeeding,minor,1,0,0,,0.65
10945,Chennai,Tamil Nadu,12.979682,80.215126,2024-01-09,14:00,14,Tuesday,0,highway,5,0,fog,low,28,high,poor road,minor,5,5,0,,0.65
10946,Chennai,Tamil Nadu,13.173838,80.177727,2024-07-25,20:00,20,Thursday,0,highway,5,0,clear,high,29,medium,weather,minor,4,4,0,,0.1
10948,Chennai,Tamil Nadu,13.101597,80.227788,2024-01-23,23:00,23,Tuesday,0,highway,5,1,fog,low,23,medium,drunk driving,major,2,0,0,,0.45
10950,Chennai,Tamil Nadu,13.136259,80.136916,2022-03-16,0:00,0,Wednesday,0,highway,2,1,fog,low,24,low,distraction,minor,3,0,0,,0.45
10956,Chennai,Tamil Nadu,12.97963,80.29538,2023-03-02,23:00,23,Thursday,0,highway,6,0,fog,low,28,low,distraction,minor,3,3,0,,0.45
10960,Chennai,Tamil Nadu,13.119107,80.183902,2023-09-18,20:00,20,Monday,0,highway,6,1,clear,high,21,medium,weather,minor,4,4,0,,0.1
10976,Chennai,Tamil Nadu,13.175078,80.119876,2024-10-10,13:00,13,Thursday,0,rural,2,0,fog,low,32,medium,weather,minor,4,0,0,,0.45
10986,Chennai,Tamil Nadu,12.999524,80.161533,2024-01-07,19:00,19,Sunday,1,highway,4,0,clear,high,24,high,overspeeding,minor,2,0,1,,0.45
11003,Chennai,Tamil Nadu,12.875431,80.265862,2023-04-10,22:00,22,Monday,0,urban,5,1,clear,high,32,medium,poor road,minor,5,2,0,,0.1
11007,Chennai,Tamil Nadu,12.819487,80.15465,2024-05-25,6:00,6,Saturday,1,highway,4,1,clear,high,26,high,weather,minor,1,1,0,,0.3
11011,Chennai,Tamil Nadu,12.998076,80.256593,2022-09-24,11:00,11,Saturday,1,rural,5,1,clear,high,18,medium,weather,minor,5,3,0,,0.1
11017,Chennai,Tamil Nadu,13.014908,80.162645,2022-03-07,22:00,22,Monday,0,urban,6,1,clear,high,26,low,drunk driving,minor,1,0,0,,0.1
11027,Chennai,Tamil Nadu,13.163592,80.24374,2025-03-06,15:00,15,Thursday,0,highway,6,1,fog,low,35,high,overspeeding,major,5,2,0,,0.65
11029,Chennai,Tamil Nadu,12.818857,80.283231,2023-08-11,23:00,23,Friday,0,urban,2,1,fog,low,25,low,drunk driving,fatal,3,3,0,,0.65
11035,Chennai,Tamil Nadu,12.945768,80.149835,2022-10-11,8:00,8,Tuesday,0,urban,4,1,fog,low,28,medium,weather,minor,5,3,1,,0.6
11050,Chennai,Tamil Nadu,13.135463,80.162444,2023-05-24,3:00,3,Wednesday,0,rural,1,0,fog,low,33,medium,drunk driving,minor,5,3,0,,0.45
11057,Chennai,Tamil Nadu,13.084085,80.1191,2023-06-30,3:00,3,Friday,0,rural,4,1,fog,low,22,low,drunk driving,major,2,1,0,,0.45
11065,Chennai,Tamil Nadu,13.081496,80.105161,2022-05-21,13:00,13,Saturday,1,urban,4,0,fog,low,26,low,drunk driving,minor,1,0,0,,0.45
11067,Chennai,Tamil Nadu,13.142073,80.140791,2025-02-11,5:00,5,Tuesday,0,highway,3,0,clear,high,27,low,overspeeding,major,2,2,0,,0.1
11080,Chennai,Tamil Nadu,12.926892,80.162337,2023-04-22,4:00,4,Saturday,1,highway,5,0,fog,low,23,medium,poor road,major,1,1,0,Eid,0.55
11090,Chennai,Tamil Nadu,13.076408,80.287607,2025-01-11,1:00,1,Saturday,1,urban,6,1,fog,low,23,medium,overspeeding,fatal,4,4,0,,0.65
11092,Chennai,Tamil Nadu,12.88041,80.264072,2025-01-09,7:00,7,Thursday,0,highway,4,0,rain,low,24,medium,weather,minor,1,0,0,,0.45
11099,Chennai,Tamil Nadu,12.873404,80.139849,2024-08-13,3:00,3,Tuesday,0,rural,6,1,clear,high,31,low,drunk driving,fatal,3,3,0,,0.3
11105,Chennai,Tamil Nadu,13.124613,80.123352,2022-12-04,2:00,2,Sunday,1,urban,6,0,clear,high,39,low,poor road,minor,5,4,0,,0.1
11109,Chennai,Tamil Nadu,13.194478,80.129881,2023-05-03,23:00,23,Wednesday,0,highway,5,0,clear,high,35,high,poor road,major,3,1,0,,0.3
11113,Chennai,Tamil Nadu,12.813203,80.16428,2022-05-27,7:00,7,Friday,0,highway,5,0,clear,high,37,low,poor road,fatal,1,1,0,,0.3
11117,Chennai,Tamil Nadu,12.930637,80.2736,2022-12-29,18:00,18,Thursday,0,urban,5,0,fog,low,18,high,distraction,minor,1,0,1,,0.8
11118,Chennai,Tamil Nadu,13.068199,80.245623,2024-06-27,11:00,11,Thursday,0,urban,4,1,clear,high,24,medium,drunk driving,minor,2,2,0,,0.1
11127,Chennai,Tamil Nadu,13.002659,80.250873,2022-04-24,12:00,12,Sunday,1,urban,1,1,rain,medium,31,high,overspeeding,fatal,4,4,0,,0.65
11133,Chennai,Tamil Nadu,13.116974,80.140603,2025-02-12,4:00,4,Wednesday,0,urban,6,0,clear,high,18,low,poor road,major,5,1,0,,0.1
11136,Chennai,Tamil Nadu,12.905437,80.180288,2024-09-06,2:00,2,Friday,0,highway,3,1,rain,medium,30,low,poor road,minor,2,2,0,,0.25
11142,Chennai,Tamil Nadu,12.997029,80.180985,2024-04-21,12:00,12,Sunday,1,highway,5,1,rain,low,23,medium,distraction,minor,5,0,0,,0.45
11143,Chennai,Tamil Nadu,13.171117,80.116406,2022-07-02,13:00,13,Saturday,1,highway,5,0,clear,high,30,low,drunk driving,minor,4,2,0,,0.1
11146,Chennai,Tamil Nadu,12.834635,80.280411,2022-07-04,18:00,18,Monday,0,urban,5,0,rain,medium,28,high,overspeeding,fatal,1,1,1,,0.8
11151,Chennai,Tamil Nadu,13.138862,80.274587,2023-06-17,0:00,0,Saturday,1,urban,5,0,fog,low,18,low,weather,fatal,3,3,0,,0.65
11153,Chennai,Tamil Nadu,13.148356,80.254258,2022-12-12,21:00,21,Monday,0,highway,2,1,clear,high,40,medium,distraction,minor,5,2,0,,0.1
11170,Chennai,Tamil Nadu,12.892493,80.17723,2022-04-25,12:00,12,Monday,0,rural,5,1,fog,low,37,high,drunk driving,major,4,3,0,,0.65
11175,Chennai,Tamil Nadu,13.184809,80.281768,2022-01-18,2:00,2,Tuesday,0,rural,1,0,fog,low,25,low,weather,minor,1,1,0,,0.45
11187,Chennai,Tamil Nadu,12.876228,80.111534,2024-07-05,2:00,2,Friday,0,highway,5,1,rain,medium,18,low,overspeeding,minor,3,1,0,,0.25
11190,Chennai,Tamil Nadu,13.169105,80.265941,2023-06-26,14:00,14,Monday,0,urban,2,0,clear,high,33,low,overspeeding,minor,4,2,0,,0.1
11202,Chennai,Tamil Nadu,13.065783,80.176373,2022-12-16,11:00,11,Friday,0,rural,1,0,clear,high,35,high,drunk driving,fatal,4,4,0,,0.5
11205,Chennai,Tamil Nadu,13.009113,80.244455,2023-12-22,2:00,2,Friday,0,highway,5,0,rain,medium,16,low,weather,minor,2,0,0,,0.25
11207,Chennai,Tamil Nadu,13.019712,80.276583,2022-07-29,12:00,12,Friday,0,highway,3,0,rain,low,30,high,poor road,minor,1,1,0,,0.65
11208,Chennai,Tamil Nadu,12.999528,80.213555,2024-07-07,1:00,1,Sunday,1,rural,2,0,clear,high,24,low,drunk driving,major,5,3,0,,0.1
11212,Chennai,Tamil Nadu,12.809978,80.207736,2023-01-03,2:00,2,Tuesday,0,urban,3,0,fog,low,26,low,overspeeding,major,3,0,0,,0.45
11214,Chennai,Tamil Nadu,13.161927,80.227571,2024-11-16,1:00,1,Saturday,1,highway,2,1,fog,low,21,low,poor road,minor,3,1,0,,0.45
11218,Chennai,Tamil Nadu,12.841609,80.173673,2022-01-01,18:00,18,Saturday,1,highway,4,0,fog,low,25,high,weather,minor,1,0,1,,0.8
11230,Chennai,Tamil Nadu,13.045116,80.145505,2024-08-07,23:00,23,Wednesday,0,rural,6,0,fog,low,25,medium,drunk driving,minor,3,3,0,,0.45
11250,Chennai,Tamil Nadu,12.838715,80.152143,2022-11-28,3:00,3,Monday,0,urban,4,1,fog,low,20,low,poor road,major,4,3,0,,0.45
11252,Chennai,Tamil Nadu,12.904948,80.172854,2024-06-13,11:00,11,Thursday,0,highway,3,0,rain,medium,34,low,drunk driving,major,1,1,0,,0.25
11265,Chennai,Tamil Nadu,13.147191,80.104552,2022-07-11,17:00,17,Monday,0,rural,6,1,clear,high,17,medium,weather,major,1,0,1,,0.25
11266,Chennai,Tamil Nadu,12.961776,80.144607,2022-08-26,8:00,8,Friday,0,urban,3,0,fog,low,37,low,weather,minor,4,4,1,,0.6
11270,Chennai,Tamil Nadu,12.948188,80.229843,2022-04-05,20:00,20,Tuesday,0,highway,6,1,rain,low,28,low,poor road,minor,2,2,0,,0.45
11294,Chennai,Tamil Nadu,12.924455,80.162259,2025-01-22,19:00,19,Wednesday,0,urban,1,0,rain,medium,26,high,drunk driving,minor,3,1,1,,0.6
11295,Chennai,Tamil Nadu,12.997004,80.225573,2025-02-15,7:00,7,Saturday,1,urban,3,0,fog,low,33,low,weather,minor,1,0,0,,0.45
11300,Chennai,Tamil Nadu,12.995659,80.125104,2023-10-09,17:00,17,Monday,0,urban,4,0,rain,medium,17,high,poor road,minor,2,0,1,,0.6
11301,Chennai,Tamil Nadu,12.82228,80.156564,2023-09-05,2:00,2,Tuesday,0,urban,1,1,rain,low,29,low,weather,fatal,5,5,0,,0.65
11312,Chennai,Tamil Nadu,12.887987,80.233219,2022-11-19,17:00,17,Saturday,1,highway,3,1,rain,low,33,high,distraction,fatal,5,5,1,,1.0
11320,Chennai,Tamil Nadu,12.913375,80.108663,2022-09-17,1:00,1,Saturday,1,rural,4,1,rain,medium,30,low,distraction,fatal,5,5,0,,0.45
11323,Chennai,Tamil Nadu,12.96427,80.196047,2023-08-02,21:00,21,Wednesday,0,highway,2,0,rain,low,21,medium,drunk driving,major,4,0,0,,0.45
11328,Chennai,Tamil Nadu,13.165636,80.149136,2023-07-08,0:00,0,Saturday,1,rural,3,0,clear,high,38,medium,weather,major,4,4,0,,0.1
11332,Chennai,Tamil Nadu,13.083338,80.157493,2023-04-15,0:00,0,Saturday,1,highway,6,0,rain,medium,26,medium,poor road,fatal,4,4,0,,0.45
11337,Chennai,Tamil Nadu,12.875143,80.123884,2025-01-30,19:00,19,Thursday,0,highway,1,0,fog,low,22,medium,weather,major,5,2,1,,0.6
11344,Chennai,Tamil Nadu,13.188021,80.110035,2023-05-08,10:00,10,Monday,0,highway,6,0,fog,low,27,high,overspeeding,major,1,1,1,,0.8
11351,Chennai,Tamil Nadu,13.068598,80.292772,2024-06-12,0:00,0,Wednesday,0,rural,4,0,fog,low,39,low,distraction,minor,3,2,0,,0.45
11354,Chennai,Tamil Nadu,12.811462,80.146028,2022-09-02,18:00,18,Friday,0,urban,2,1,fog,low,22,high,overspeeding,fatal,3,3,1,,1.0
11355,Chennai,Tamil Nadu,12.863292,80.274625,2024-07-14,21:00,21,Sunday,1,rural,5,1,rain,medium,23,low,distraction,major,5,2,0,,0.25
11360,Chennai,Tamil Nadu,12.976541,80.190504,2022-01-27,7:00,7,Thursday,0,highway,2,0,fog,low,27,high,overspeeding,minor,1,1,0,,0.65
11367,Chennai,Tamil Nadu,12.811592,80.174809,2024-10-02,10:00,10,Wednesday,0,rural,3,1,clear,high,16,medium,drunk driving,fatal,3,3,1,,0.45
11372,Chennai,Tamil Nadu,13.045196,80.176566,2024-06-29,21:00,21,Saturday,1,urban,3,0,fog,low,20,high,overspeeding,major,1,1,0,,0.65
11384,Chennai,Tamil Nadu,13.171739,80.197314,2025-03-10,18:00,18,Monday,0,rural,1,0,fog,low,19,high,weather,major,4,1,1,,0.8
11386,Chennai,Tamil Nadu,12.937965,80.105678,2022-01-23,3:00,3,Sunday,1,rural,5,0,clear,high,37,low,poor road,minor,5,3,0,,0.1
11388,Chennai,Tamil Nadu,12.984463,80.257931,2022-03-10,13:00,13,Thursday,0,rural,5,1,fog,low,27,medium,overspeeding,major,4,4,0,,0.45
11389,Chennai,Tamil Nadu,12.909038,80.106767,2023-03-13,7:00,7,Monday,0,urban,5,0,rain,medium,21,low,drunk driving,minor,2,2,0,,0.25
11394,Chennai,Tamil Nadu,12.831762,80.187259,2023-12-02,8:00,8,Saturday,1,rural,2,1,rain,medium,24,high,weather,minor,4,3,1,,0.6
11395,Chennai,Tamil Nadu,13.130441,80.163944,2022-02-18,6:00,6,Friday,0,rural,1,0,clear,high,39,medium,overspeeding,major,5,1,0,,0.1
11407,Chennai,Tamil Nadu,13.072331,80.216361,2022-04-02,5:00,5,Saturday,1,highway,3,1,fog,low,37,low,poor road,minor,2,1,0,,0.45
11420,Chennai,Tamil Nadu,13.014518,80.211889,2022-08-25,5:00,5,Thursday,0,highway,2,0,fog,low,30,high,weather,major,1,1,0,,0.65
11426,Chennai,Tamil Nadu,13.080749,80.244853,2025-01-27,21:00,21,Monday,0,rural,6,0,rain,low,17,low,poor road,minor,3,0,0,,0.45
11440,Chennai,Tamil Nadu,13.132168,80.140299,2025-01-08,21:00,21,Wednesday,0,rural,6,1,rain,low,15,low,poor road,major,4,3,0,,0.45
11442,Chennai,Tamil Nadu,12.879296,80.264568,2022-08-31,2:00,2,Wednesday,0,urban,5,0,rain,low,20,medium,weather,minor,5,5,0,,0.45
11447,Chennai,Tamil Nadu,12.953708,80.169297,2023-09-08,0:00,0,Friday,0,rural,2,1,fog,low,17,medium,overspeeding,minor,5,3,0,,0.45
11458,Chennai,Tamil Nadu,12.886274,80.190901,2022-10-07,9:00,9,Friday,0,urban,5,1,clear,high,25,high,overspeeding,minor,1,1,1,,0.45
11466,Chennai,Tamil Nadu,13.131262,80.286444,2023-03-18,2:00,2,Saturday,1,rural,4,0,clear,high,18,low,weather,major,5,1,0,,0.1
11468,Chennai,Tamil Nadu,13.034523,80.157503,2023-07-09,16:00,16,Sunday,1,rural,5,1,rain,low,37,medium,drunk driving,fatal,3,3,0,,0.65
11504,Chennai,Tamil Nadu,13.035059,80.141985,2022-05-25,13:00,13,Wednesday,0,urban,3,0,rain,medium,36,low,drunk driving,major,1,0,0,,0.25
11517,Chennai,Tamil Nadu,12.885887,80.132947,2022-01-16,12:00,12,Sunday,1,highway,4,1,rain,medium,25,low,overspeeding,major,4,1,0,,0.25
11522,Chennai,Tamil Nadu,12.829468,80.181913,2022-03-21,17:00,17,Monday,0,highway,6,1,clear,high,20,high,distraction,major,1,1,1,,0.45
11525,Chennai,Tamil Nadu,12.915687,80.261431,2022-07-26,5:00,5,Tuesday,0,highway,5,0,rain,low,20,medium,distraction,minor,2,1,0,,0.45
11526,Chennai,Tamil Nadu,13.018396,80.126747,2024-11-11,16:00,16,Monday,0,highway,4,0,fog,low,16,high,poor road,minor,4,4,0,,0.65
11544,Chennai,Tamil Nadu,12.89362,80.214311,2024-11-08,3:00,3,Friday,0,rural,5,0,rain,medium,22,high,drunk driving,minor,1,1,0,,0.45
11553,Chennai,Tamil Nadu,13.025441,80.100153,2022-03-26,2:00,2,Saturday,1,highway,6,0,fog,low,30,low,overspeeding,minor,4,2,0,,0.45
11577,Chennai,Tamil Nadu,13.038741,80.152692,2023-08-17,11:00,11,Thursday,0,urban,3,0,clear,high,22,high,overspeeding,minor,5,4,0,,0.3
11583,Chennai,Tamil Nadu,13.153989,80.170048,2023-12-29,19:00,19,Friday,0,rural,1,1,rain,low,35,medium,distraction,fatal,4,4,1,,0.8
11604,Chennai,Tamil Nadu,13.182391,80.192656,2024-11-23,11:00,11,Saturday,1,urban,2,1,fog,low,19,high,distraction,fatal,3,3,0,,0.85
11610,Chennai,Tamil Nadu,12.950602,80.242057,2024-12-26,22:00,22,Thursday,0,rural,6,1,clear,high,40,high,overspeeding,minor,5,1,0,,0.3
11614,Chennai,Tamil Nadu,12.955876,80.261456,2023-03-07,2:00,2,Tuesday,0,highway,6,1,rain,low,35,high,weather,major,2,2,0,,0.65
11618,Chennai,Tamil Nadu,13.138899,80.10353,2022-04-09,2:00,2,Saturday,1,highway,3,0,clear,high,28,low,poor road,fatal,5,5,0,,0.3
11623,Chennai,Tamil Nadu,12.821681,80.163466,2023-03-04,16:00,16,Saturday,1,urban,6,0,clear,high,18,high,overspeeding,minor,2,2,0,,0.3
11625,Chennai,Tamil Nadu,12.941868,80.241949,2023-08-28,0:00,0,Monday,0,highway,1,1,fog,low,38,high,weather,minor,5,2,0,,0.65
11627,Chennai,Tamil Nadu,12.988944,80.174893,2023-04-10,23:00,23,Monday,0,urban,6,1,rain,medium,36,high,weather,minor,1,1,0,,0.45
11637,Chennai,Tamil Nadu,12.879715,80.276723,2024-07-05,6:00,6,Friday,0,highway,6,0,rain,low,33,high,distraction,minor,2,2,0,,0.65
11638,Chennai,Tamil Nadu,12.942392,80.161793,2022-09-08,16:00,16,Thursday,0,highway,2,1,clear,high,20,low,overspeeding,minor,1,1,0,,0.1
11642,Chennai,Tamil Nadu,13.079611,80.112277,2022-08-01,13:00,13,Monday,0,urban,3,0,fog,low,40,low,weather,major,2,1,0,,0.45
11649,Chennai,Tamil Nadu,12.952569,80.165658,2022-12-05,15:00,15,Monday,0,rural,3,1,rain,medium,28,low,drunk driving,minor,4,0,0,,0.25
11651,Chennai,Tamil Nadu,12.926154,80.241053,2024-08-02,5:00,5,Friday,0,rural,1,1,fog,low,21,medium,weather,minor,1,0,0,,0.45
11653,Chennai,Tamil Nadu,12.914992,80.21331,2024-01-02,14:00,14,Tuesday,0,urban,4,1,fog,low,25,high,poor road,major,4,4,0,,0.65
11658,Chennai,Tamil Nadu,12.838888,80.213595,2025-03-18,13:00,13,Tuesday,0,urban,4,0,rain,medium,35,high,distraction,fatal,2,2,0,,0.65
11659,Chennai,Tamil Nadu,12.944334,80.299715,2023-06-10,20:00,20,Saturday,1,rural,6,1,rain,medium,24,medium,overspeeding,minor,4,3,0,,0.25
11681,Chennai,Tamil Nadu,13.096508,80.207408,2024-03-06,3:00,3,Wednesday,0,urban,5,1,fog,low,18,high,drunk driving,fatal,3,3,0,,0.85
11696,Chennai,Tamil Nadu,12.912536,80.284007,2024-03-24,9:00,9,Sunday,1,urban,5,0,rain,medium,27,high,overspeeding,fatal,3,3,1,,0.8
11705,Chennai,Tamil Nadu,13.069225,80.101232,2024-01-19,17:00,17,Friday,0,highway,5,0,rain,medium,24,high,poor road,minor,3,3,1,,0.6
11724,Chennai,Tamil Nadu,12.860898,80.239094,2022-01-28,13:00,13,Friday,0,highway,5,0,rain,low,33,medium,poor road,minor,1,1,0,,0.45
11739,Chennai,Tamil Nadu,12.906085,80.111298,2023-02-15,16:00,16,Wednesday,0,rural,6,0,clear,high,17,medium,drunk driving,fatal,5,5,0,,0.3
11740,Chennai,Tamil Nadu,12.936493,80.172994,2022-05-12,10:00,10,Thursday,0,highway,5,1,fog,low,15,high,weather,major,5,3,1,,0.8
11742,Chennai,Tamil Nadu,13.170302,80.116578,2023-11-25,8:00,8,Saturday,1,rural,4,1,clear,high,35,low,distraction,major,2,2,1,,0.25
11755,Chennai,Tamil Nadu,12.991049,80.105406,2024-09-07,2:00,2,Saturday,1,highway,2,1,rain,low,26,low,poor road,minor,5,4,0,,0.45
11767,Chennai,Tamil Nadu,13.121199,80.281447,2022-02-24,11:00,11,Thursday,0,urban,6,0,clear,high,18,low,drunk driving,fatal,2,2,0,,0.3
11774,Chennai,Tamil Nadu,12.986162,80.178485,2022-03-03,2:00,2,Thursday,0,highway,3,1,rain,medium,35,medium,drunk driving,minor,3,3,0,,0.25
11795,Chennai,Tamil Nadu,13.167224,80.108893,2022-07-26,21:00,21,Tuesday,0,rural,2,0,fog,low,39,medium,poor road,fatal,3,3,0,,0.65
11799,Chennai,Tamil Nadu,13.035917,80.126592,2024-08-10,21:00,21,Saturday,1,highway,3,0,rain,medium,27,high,overspeeding,minor,2,0,0,,0.45
11800,Chennai,Tamil Nadu,13.083858,80.249679,2024-05-12,22:00,22,Sunday,1,rural,5,0,clear,high,17,low,overspeeding,minor,3,1,0,,0.1
11812,Chennai,Tamil Nadu,12.922041,80.212293,2022-09-13,14:00,14,Tuesday,0,urban,5,0,fog,low,30,high,drunk driving,minor,2,1,0,,0.65
11828,Chennai,Tamil Nadu,13.057548,80.234556,2022-11-22,2:00,2,Tuesday,0,highway,1,1,rain,medium,36,low,poor road,fatal,5,5,0,,0.45
11837,Chennai,Tamil Nadu,13.03042,80.246426,2023-02-02,16:00,16,Thursday,0,rural,1,1,clear,high,32,low,weather,minor,2,1,0,,0.1
11852,Chennai,Tamil Nadu,12.887998,80.182543,2024-07-20,21:00,21,Saturday,1,highway,6,0,clear,high,32,low,poor road,minor,5,2,0,,0.1
11854,Chennai,Tamil Nadu,13.135988,80.102666,2025-01-19,15:00,15,Sunday,1,rural,4,1,clear,high,35,medium,distraction,major,5,2,0,,0.1
11859,Chennai,Tamil Nadu,13.164995,80.183531,2024-09-05,13:00,13,Thursday,0,urban,4,0,fog,low,16,medium,drunk driving,major,3,0,0,,0.45
11870,Chennai,Tamil Nadu,12.993106,80.262943,2022-12-20,9:00,9,Tuesday,0,urban,1,0,rain,low,30,high,poor road,fatal,5,5,1,,1.0
11876,Chennai,Tamil Nadu,12.812906,80.225267,2022-08-27,1:00,1,Saturday,1,rural,2,1,rain,medium,28,low,overspeeding,minor,4,1,0,,0.25
11878,Chennai,Tamil Nadu,13.084441,80.269087,2025-04-03,3:00,3,Thursday,0,urban,1,0,fog,low,38,low,weather,minor,3,2,0,,0.45
11880,Chennai,Tamil Nadu,12.890568,80.170619,2024-05-07,19:00,19,Tuesday,0,highway,1,1,clear,high,22,high,overspeeding,fatal,5,5,1,,0.65
11882,Chennai,Tamil Nadu,13.166549,80.136692,2023-04-25,5:00,5,Tuesday,0,highway,3,1,fog,low,15,high,weather,minor,4,4,0,,0.65
11894,Chennai,Tamil Nadu,13.192427,80.111319,2022-12-01,20:00,20,Thursday,0,urban,5,1,rain,medium,36,medium,distraction,fatal,4,4,0,,0.45
11900,Chennai,Tamil Nadu,13.067005,80.284703,2024-07-25,4:00,4,Thursday,0,rural,3,0,fog,low,29,high,overspeeding,minor,3,3,0,,0.65
11905,Chennai,Tamil Nadu,12.863992,80.201757,2023-05-24,12:00,12,Wednesday,0,highway,4,0,rain,low,15,high,weather,minor,1,0,0,,0.65
11907,Chennai,Tamil Nadu,13.084237,80.244546,2024-07-08,9:00,9,Monday,0,rural,4,0,clear,high,25,high,overspeeding,fatal,2,2,1,,0.65
11913,Chennai,Tamil Nadu,12.860824,80.208827,2023-01-13,1:00,1,Friday,0,highway,6,0,fog,low,28,low,drunk driving,minor,4,3,0,,0.45
11916,Chennai,Tamil Nadu,12.90839,80.196132,2023-03-01,0:00,0,Wednesday,0,highway,1,0,rain,low,22,low,overspeeding,minor,2,1,0,,0.45
11921,Chennai,Tamil Nadu,13.16747,80.24625,2024-04-10,16:00,16,Wednesday,0,urban,1,0,clear,high,23,medium,overspeeding,major,3,1,0,Eid,0.2
11935,Chennai,Tamil Nadu,12.921864,80.109281,2022-03-05,5:00,5,Saturday,1,highway,4,1,fog,low,18,high,overspeeding,fatal,3,3,0,,0.85
11938,Chennai,Tamil Nadu,12.910292,80.107992,2023-06-13,10:00,10,Tuesday,0,urban,4,1,fog,low,38,medium,weather,minor,4,0,1,,0.6
11944,Chennai,Tamil Nadu,13.162327,80.130708,2023-11-12,9:00,9,Sunday,1,rural,6,1,fog,low,39,high,distraction,major,5,0,1,Diwali,0.9
11946,Chennai,Tamil Nadu,12.841982,80.290927,2023-06-18,8:00,8,Sunday,1,urban,3,1,fog,low,37,medium,poor road,major,4,0,1,,0.6
11959,Chennai,Tamil Nadu,13.100146,80.1443,2022-01-24,2:00,2,Monday,0,urban,5,0,clear,high,20,low,poor road,major,1,0,0,,0.1
11990,Chennai,Tamil Nadu,12.92393,80.273705,2023-06-08,11:00,11,Thursday,0,rural,3,1,rain,medium,36,medium,distraction,minor,4,2,0,,0.25
11995,Chennai,Tamil Nadu,12.934501,80.248979,2024-03-28,13:00,13,Thursday,0,highway,3,1,fog,low,24,medium,drunk driving,minor,1,0,0,,0.45
12000,Chennai,Tamil Nadu,13.179835,80.26885,2024-07-12,0:00,0,Friday,0,highway,1,0,clear,high,15,low,distraction,major,4,3,0,,0.1
12017,Chennai,Tamil Nadu,12.870341,80.234878,2023-09-29,20:00,20,Friday,0,highway,1,0,rain,medium,26,high,drunk driving,minor,1,0,0,,0.45
12021,Chennai,Tamil Nadu,13.075441,80.106417,2022-12-13,14:00,14,Tuesday,0,highway,6,0,rain,low,40,low,overspeeding,minor,5,0,0,,0.45
12027,Chennai,Tamil Nadu,12.874527,80.132909,2022-04-12,2:00,2,Tuesday,0,urban,1,0,clear,high,17,low,weather,fatal,1,1,0,,0.3
12047,Chennai,Tamil Nadu,12.996671,80.291629,2024-07-17,7:00,7,Wednesday,0,highway,6,0,fog,low,35,medium,overspeeding,major,3,1,0,,0.45
12061,Chennai,Tamil Nadu,12.931938,80.103706,2023-10-22,3:00,3,Sunday,1,highway,1,0,rain,low,23,medium,poor road,major,3,3,0,,0.45
12063,Chennai,Tamil Nadu,12.938495,80.115258,2023-06-06,7:00,7,Tuesday,0,highway,2,0,clear,high,33,high,distraction,minor,5,5,0,,0.3
12064,Chennai,Tamil Nadu,12.84915,80.110328,2024-11-12,10:00,10,Tuesday,0,urban,4,1,clear,high,19,low,drunk driving,major,1,1,1,,0.25
12072,Chennai,Tamil Nadu,12.875314,80.169902,2022-05-02,4:00,4,Monday,0,highway,3,0,rain,medium,28,low,overspeeding,major,1,0,0,,0.25
12079,Chennai,Tamil Nadu,13.078691,80.282103,2023-08-28,1:00,1,Monday,0,rural,4,0,clear,high,29,medium,drunk driving,major,1,1,0,,0.1
12090,Chennai,Tamil Nadu,13.134195,80.148608,2024-08-23,20:00,20,Friday,0,rural,4,0,clear,high,35,medium,overspeeding,minor,5,0,0,,0.1
12097,Chennai,Tamil Nadu,13.009203,80.153276,2024-01-11,15:00,15,Thursday,0,highway,6,1,fog,low,33,high,distraction,minor,4,3,0,,0.65
12100,Chennai,Tamil Nadu,12.864929,80.248298,2024-09-09,3:00,3,Monday,0,rural,4,0,clear,high,18,low,weather,minor,2,1,0,,0.1
12101,Chennai,Tamil Nadu,13.157939,80.191374,2023-05-02,22:00,22,Tuesday,0,urban,4,1,rain,low,31,high,distraction,fatal,1,1,0,,0.85
12124,Chennai,Tamil Nadu,12.865392,80.256388,2022-05-29,11:00,11,Sunday,1,urban,2,0,clear,high,35,medium,drunk driving,minor,5,4,0,,0.1
12136,Chennai,Tamil Nadu,12.869058,80.103925,2022-08-24,1:00,1,Wednesday,0,highway,2,0,clear,high,25,low,distraction,minor,2,1,0,,0.1
12142,Chennai,Tamil Nadu,12.898931,80.202202,2022-04-07,6:00,6,Thursday,0,rural,1,0,fog,low,23,high,distraction,major,4,2,0,,0.65
12148,Chennai,Tamil Nadu,13.079684,80.200687,2023-05-16,22:00,22,Tuesday,0,rural,1,1,fog,low,15,medium,weather,minor,3,1,0,,0.45
12149,Chennai,Tamil Nadu,12.911029,80.118892,2023-07-14,3:00,3,Friday,0,highway,5,0,clear,high,22,low,overspeeding,minor,4,0,0,,0.1
12169,Chennai,Tamil Nadu,13.124099,80.290357,2024-12-02,3:00,3,Monday,0,highway,5,1,rain,medium,24,low,weather,major,3,2,0,,0.25
12202,Chennai,Tamil Nadu,13.192716,80.153085,2022-07-15,1:00,1,Friday,0,rural,1,1,clear,high,38,low,weather,major,1,1,0,,0.1
12207,Chennai,Tamil Nadu,13.147494,80.297726,2024-09-20,23:00,23,Friday,0,highway,2,1,rain,low,24,high,distraction,fatal,4,4,0,,0.85
12209,Chennai,Tamil Nadu,12.924246,80.192878,2022-02-16,14:00,14,Wednesday,0,urban,6,0,rain,medium,35,low,weather,minor,3,1,0,,0.25
12226,Chennai,Tamil Nadu,13.123928,80.11579,2023-09-12,12:00,12,Tuesday,0,highway,6,0,rain,low,26,high,overspeeding,minor,2,0,0,,0.65
12231,Chennai,Tamil Nadu,12.860606,80.149442,2022-02-21,13:00,13,Monday,0,highway,2,0,clear,high,21,medium,distraction,minor,5,5,0,,0.1
12237,Chennai,Tamil Nadu,12.918044,80.179627,2024-05-15,12:00,12,Wednesday,0,highway,4,0,rain,low,19,low,drunk driving,minor,4,0,0,,0.45
12249,Chennai,Tamil Nadu,13.032,80.297816,2022-05-29,12:00,12,Sunday,1,highway,2,1,rain,medium,20,high,poor road,minor,4,1,0,,0.45
12257,Chennai,Tamil Nadu,13.032946,80.298525,2022-12-08,23:00,23,Thursday,0,rural,2,0,clear,high,35,medium,weather,minor,3,2,0,,0.1
12259,Chennai,Tamil Nadu,13.161164,80.21271,2023-05-11,9:00,9,Thursday,0,highway,6,1,rain,low,29,medium,poor road,minor,3,3,1,,0.6
12260,Chennai,Tamil Nadu,13.106089,80.162482,2023-10-07,12:00,12,Saturday,1,highway,5,0,clear,high,36,medium,weather,major,2,0,0,,0.1
12265,Chennai,Tamil Nadu,12.99687,80.202554,2023-06-01,9:00,9,Thursday,0,rural,5,1,rain,medium,19,high,drunk driving,minor,2,1,1,,0.6
12267,Chennai,Tamil Nadu,13.071613,80.151915,2023-02-22,18:00,18,Wednesday,0,urban,5,1,fog,low,16,high,weather,fatal,4,4,1,,1.0
12277,Chennai,Tamil Nadu,12.833404,80.2831,2025-01-13,22:00,22,Monday,0,highway,2,0,rain,medium,37,medium,weather,major,3,0,0,,0.25
12282,Chennai,Tamil Nadu,13.078486,80.193554,2023-08-20,10:00,10,Sunday,1,highway,4,0,fog,low,38,high,poor road,fatal,5,5,1,,1.0
12285,Chennai,Tamil Nadu,13.051847,80.244627,2023-02-25,23:00,23,Saturday,1,rural,3,1,clear,high,18,medium,drunk driving,minor,4,3,0,,0.1
12295,Chennai,Tamil Nadu,12.956928,80.145248,2023-10-14,22:00,22,Saturday,1,urban,6,1,rain,medium,20,low,weather,major,1,1,0,,0.25
12299,Chennai,Tamil Nadu,12.913429,80.231224,2024-07-23,15:00,15,Tuesday,0,highway,2,1,rain,low,21,medium,weather,minor,3,0,0,,0.45
12303,Chennai,Tamil Nadu,13.020627,80.14898,2023-02-04,11:00,11,Saturday,1,rural,4,1,fog,low,30,high,distraction,major,5,4,0,,0.65
12326,Chennai,Tamil Nadu,12.847786,80.220555,2024-12-03,0:00,0,Tuesday,0,rural,3,0,fog,low,37,low,drunk driving,minor,4,0,0,,0.45
12332,Chennai,Tamil Nadu,12.872384,80.292335,2024-11-20,5:00,5,Wednesday,0,rural,3,1,fog,low,16,medium,poor road,minor,1,1,0,,0.45
12353,Chennai,Tamil Nadu,13.100182,80.284169,2022-08-29,13:00,13,Monday,0,highway,2,1,clear,high,40,high,overspeeding,minor,2,0,0,,0.3
12361,Chennai,Tamil Nadu,12.867262,80.226758,2022-01-25,1:00,1,Tuesday,0,rural,6,0,rain,low,23,low,distraction,major,5,4,0,,0.45
12366,Chennai,Tamil Nadu,12.851034,80.200384,2022-04-05,4:00,4,Tuesday,0,urban,5,1,rain,medium,16,low,distraction,minor,5,3,0,,0.25
12374,Chennai,Tamil Nadu,13.077679,80.251662,2022-10-31,22:00,22,Monday,0,rural,1,1,clear,high,19,high,weather,fatal,1,1,0,,0.5
12382,Chennai,Tamil Nadu,12.999501,80.189888,2025-03-01,15:00,15,Saturday,1,urban,4,1,rain,medium,23,medium,poor road,minor,4,1,0,,0.25
12388,Chennai,Tamil Nadu,13.095805,80.263634,2023-02-09,11:00,11,Thursday,0,highway,5,1,clear,high,15,medium,distraction,major,2,0,0,,0.1
12392,Chennai,Tamil Nadu,13.042688,80.12339,2022-09-02,23:00,23,Friday,0,urban,5,1,clear,high,31,high,overspeeding,fatal,5,5,0,,0.5
12394,Chennai,Tamil Nadu,13.101102,80.154241,2022-02-23,7:00,7,Wednesday,0,urban,1,1,rain,medium,25,medium,overspeeding,minor,1,1,0,,0.25
12396,Chennai,Tamil Nadu,12.850924,80.133031,2023-04-02,16:00,16,Sunday,1,rural,3,1,rain,medium,26,low,drunk driving,major,2,0,0,,0.25
12402,Chennai,Tamil Nadu,12.937205,80.159383,2024-12-06,23:00,23,Friday,0,highway,2,0,fog,low,16,high,weather,fatal,2,2,0,,0.85
12433,Chennai,Tamil Nadu,12.946745,80.278111,2024-12-21,4:00,4,Saturday,1,highway,6,0,fog,low,38,medium,overspeeding,major,3,0,0,,0.45
12434,Chennai,Tamil Nadu,13.062981,80.142158,2024-01-15,9:00,9,Monday,0,highway,1,0,clear,high,36,high,poor road,minor,3,1,1,,0.45
12435,Chennai,Tamil Nadu,12.969482,80.172901,2023-04-02,4:00,4,Sunday,1,urban,5,0,clear,high,19,low,overspeeding,minor,1,0,0,,0.1
12441,Chennai,Tamil Nadu,13.110877,80.275132,2023-02-19,16:00,16,Sunday,1,rural,5,1,fog,low,19,medium,overspeeding,minor,3,0,0,,0.45
12458,Chennai,Tamil Nadu,12.895122,80.193236,2025-01-13,20:00,20,Monday,0,highway,5,0,rain,low,38,low,drunk driving,fatal,5,5,0,,0.65
12460,Chennai,Tamil Nadu,12.911609,80.175742,2025-02-02,9:00,9,Sunday,1,urban,3,1,rain,medium,22,high,weather,major,2,1,1,,0.6
12464,Chennai,Tamil Nadu,13.188372,80.210934,2024-03-06,13:00,13,Wednesday,0,urban,2,0,rain,low,24,low,drunk driving,minor,2,0,0,,0.45
12469,Chennai,Tamil Nadu,12.963297,80.236183,2022-07-21,7:00,7,Thursday,0,urban,1,0,fog,low,21,high,distraction,minor,4,4,0,,0.65
12470,Chennai,Tamil Nadu,12.944866,80.29704,2024-11-22,5:00,5,Friday,0,highway,3,1,rain,medium,20,high,distraction,major,4,0,0,,0.45
12473,Chennai,Tamil Nadu,13.07733,80.286983,2023-07-09,5:00,5,Sunday,1,highway,4,0,clear,high,15,medium,overspeeding,minor,5,5,0,,0.1
12486,Chennai,Tamil Nadu,12.976929,80.210919,2023-10-02,21:00,21,Monday,0,urban,1,1,rain,medium,15,low,drunk driving,major,5,5,0,,0.25
12502,Chennai,Tamil Nadu,12.952854,80.109839,2024-04-12,2:00,2,Friday,0,highway,3,1,rain,low,27,low,weather,fatal,2,2,0,,0.65
12509,Chennai,Tamil Nadu,12.977825,80.148657,2024-08-29,21:00,21,Thursday,0,highway,4,1,clear,high,17,low,drunk driving,minor,3,0,0,,0.1
12518,Chennai,Tamil Nadu,12.907477,80.287235,2023-11-14,1:00,1,Tuesday,0,urban,2,1,rain,low,22,low,poor road,fatal,5,5,0,,0.65
12539,Chennai,Tamil Nadu,13.180664,80.174604,2023-11-10,18:00,18,Friday,0,rural,3,0,rain,medium,28,medium,drunk driving,major,5,5,1,,0.4
12549,Chennai,Tamil Nadu,12.801703,80.259737,2022-12-17,14:00,14,Saturday,1,rural,5,0,rain,low,16,medium,weather,minor,4,4,0,,0.45
12550,Chennai,Tamil Nadu,13.007891,80.196701,2022-12-14,11:00,11,Wednesday,0,urban,1,1,fog,low,35,low,drunk driving,fatal,2,2,0,,0.65
12553,Chennai,Tamil Nadu,13.071945,80.257515,2025-02-02,8:00,8,Sunday,1,urban,4,0,rain,medium,32,low,weather,fatal,4,4,1,,0.6
12554,Chennai,Tamil Nadu,12.928241,80.210666,2024-03-29,14:00,14,Friday,0,rural,3,1,rain,medium,23,low,drunk driving,major,4,3,0,,0.25
12559,Chennai,Tamil Nadu,12.912691,80.228027,2022-01-03,1:00,1,Monday,0,highway,2,0,rain,low,36,low,drunk driving,minor,3,1,0,,0.45
12560,Chennai,Tamil Nadu,13.100289,80.135114,2022-12-10,6:00,6,Saturday,1,rural,2,1,clear,high,31,high,overspeeding,major,4,1,0,,0.3
12565,Chennai,Tamil Nadu,12.814518,80.126388,2025-01-31,12:00,12,Friday,0,highway,4,0,clear,high,37,low,distraction,major,5,4,0,,0.1
12573,Chennai,Tamil Nadu,12.96236,80.293919,2024-05-09,11:00,11,Thursday,0,rural,6,0,clear,high,19,low,weather,minor,4,2,0,,0.1
12586,Chennai,Tamil Nadu,13.167503,80.178014,2024-03-23,23:00,23,Saturday,1,urban,5,1,fog,low,36,low,distraction,minor,5,1,0,,0.45
12600,Chennai,Tamil Nadu,13.106815,80.243752,2022-07-20,8:00,8,Wednesday,0,highway,5,1,rain,low,35,high,overspeeding,major,3,1,1,,0.8
12601,Chennai,Tamil Nadu,12.890594,80.296356,2024-08-03,0:00,0,Saturday,1,highway,1,0,clear,high,31,low,drunk driving,major,4,1,0,,0.1
12610,Chennai,Tamil Nadu,12.8937,80.222464,2024-11-23,21:00,21,Saturday,1,rural,3,0,fog,low,30,medium,distraction,fatal,5,5,0,,0.65
12616,Chennai,Tamil Nadu,12.877095,80.159084,2024-10-22,14:00,14,Tuesday,0,rural,4,0,fog,low,32,high,poor road,minor,2,0,0,,0.65
12619,Chennai,Tamil Nadu,13.149515,80.200354,2024-01-12,3:00,3,Friday,0,rural,2,0,rain,low,34,medium,distraction,fatal,5,5,0,,0.65
12624,Chennai,Tamil Nadu,13.168722,80.197227,2024-04-19,22:00,22,Friday,0,urban,2,1,rain,low,20,medium,drunk driving,major,3,1,0,,0.45
12627,Chennai,Tamil Nadu,12.94464,80.160041,2023-01-13,4:00,4,Friday,0,rural,1,1,rain,medium,20,low,poor road,fatal,5,5,0,,0.45
12635,Chennai,Tamil Nadu,13.088535,80.21828,2023-09-21,7:00,7,Thursday,0,rural,5,1,clear,high,24,medium,overspeeding,major,2,2,0,,0.1
12637,Chennai,Tamil Nadu,13.041334,80.279128,2024-08-23,1:00,1,Friday,0,rural,1,0,fog,low,25,low,weather,major,5,1,0,,0.45
12642,Chennai,Tamil Nadu,13.143127,80.205066,2023-12-22,21:00,21,Friday,0,highway,2,1,fog,low,25,medium,overspeeding,minor,2,0,0,,0.45
12646,Chennai,Tamil Nadu,12.87751,80.143024,2024-07-20,10:00,10,Saturday,1,urban,6,0,clear,high,15,medium,weather,minor,4,4,1,,0.25
12677,Chennai,Tamil Nadu,13.077685,80.163328,2023-01-29,13:00,13,Sunday,1,highway,3,1,clear,high,37,medium,overspeeding,fatal,5,5,0,,0.3
12680,Chennai,Tamil Nadu,12.867476,80.158719,2024-11-26,8:00,8,Tuesday,0,highway,5,1,clear,high,33,high,poor road,minor,2,0,1,,0.45
12688,Chennai,Tamil Nadu,12.80087,80.220097,2024-12-30,7:00,7,Monday,0,urban,2,1,clear,high,36,high,overspeeding,minor,3,3,0,,0.3
12689,Chennai,Tamil Nadu,12.9767,80.23682,2024-07-04,23:00,23,Thursday,0,highway,4,0,rain,low,21,high,poor road,major,1,0,0,,0.65
12693,Chennai,Tamil Nadu,13.06871,80.223766,2023-03-10,16:00,16,Friday,0,urban,4,1,fog,low,31,medium,drunk driving,minor,4,3,0,,0.45
12698,Chennai,Tamil Nadu,12.852723,80.217595,2024-06-22,5:00,5,Saturday,1,rural,5,0,rain,low,19,medium,overspeeding,fatal,2,2,0,,0.65
12700,Chennai,Tamil Nadu,13.019148,80.172093,2024-03-01,23:00,23,Friday,0,rural,2,1,fog,low,26,low,weather,minor,4,0,0,,0.45
12703,Chennai,Tamil Nadu,12.867469,80.25476,2025-01-08,15:00,15,Wednesday,0,highway,2,0,fog,low,24,medium,distraction,minor,1,1,0,,0.45
12704,Chennai,Tamil Nadu,12.800801,80.238261,2023-07-12,8:00,8,Wednesday,0,rural,4,0,fog,low,29,high,poor road,major,5,3,1,,0.8
12722,Chennai,Tamil Nadu,12.904693,80.109235,2024-09-21,10:00,10,Saturday,1,urban,3,0,fog,low,27,medium,overspeeding,minor,2,0,1,,0.6
12735,Chennai,Tamil Nadu,13.059593,80.101338,2023-09-04,23:00,23,Monday,0,urban,3,1,clear,high,25,low,drunk driving,minor,2,2,0,,0.1
12744,Chennai,Tamil Nadu,12.873311,80.104112,2024-07-05,6:00,6,Friday,0,urban,6,0,fog,low,24,high,distraction,major,1,1,0,,0.65
12755,Chennai,Tamil Nadu,13.141821,80.256709,2024-03-29,11:00,11,Friday,0,urban,2,0,clear,high,36,high,overspeeding,minor,4,0,0,,0.3
12759,Chennai,Tamil Nadu,12.868978,80.160185,2023-03-25,3:00,3,Saturday,1,highway,6,0,fog,low,31,low,distraction,major,5,3,0,,0.45
12795,Chennai,Tamil Nadu,12.8535,80.119011,2023-12-15,5:00,5,Friday,0,rural,4,0,fog,low,23,high,poor road,minor,4,1,0,,0.65
12815,Chennai,Tamil Nadu,13.068499,80.279264,2022-12-10,9:00,9,Saturday,1,rural,5,0,rain,low,26,high,distraction,minor,4,3,1,,0.8
12816,Chennai,Tamil Nadu,13.063923,80.131614,2022-10-28,3:00,3,Friday,0,urban,3,1,clear,high,36,low,poor road,major,1,0,0,,0.1
12819,Chennai,Tamil Nadu,12.90389,80.279929,2024-03-17,13:00,13,Sunday,1,highway,1,1,clear,high,30,medium,distraction,minor,5,5,0,,0.1
12820,Chennai,Tamil Nadu,12.994286,80.270301,2022-11-04,10:00,10,Friday,0,urban,4,0,clear,high,30,medium,poor road,minor,5,0,1,,0.25
12829,Chennai,Tamil Nadu,12.833346,80.220794,2024-02-09,16:00,16,Friday,0,urban,6,1,rain,low,39,low,drunk driving,major,4,3,0,,0.45
12835,Chennai,Tamil Nadu,12.831109,80.156496,2023-01-05,19:00,19,Thursday,0,rural,5,1,clear,high,29,high,drunk driving,minor,5,5,1,,0.45
12839,Chennai,Tamil Nadu,13.026848,80.243879,2022-02-16,1:00,1,Wednesday,0,urban,2,1,fog,low,19,high,drunk driving,minor,2,0,0,,0.65
12851,Chennai,Tamil Nadu,12.968565,80.148948,2023-07-29,23:00,23,Saturday,1,rural,6,0,clear,high,32,high,distraction,fatal,5,5,0,,0.5
12856,Chennai,Tamil Nadu,13.093869,80.295687,2024-07-13,15:00,15,Saturday,1,rural,5,0,rain,medium,17,medium,overspeeding,minor,2,1,0,,0.25
12867,Chennai,Tamil Nadu,12.94758,80.184054,2022-10-25,9:00,9,Tuesday,0,rural,6,1,fog,low,31,high,drunk driving,minor,4,3,1,,0.8
12870,Chennai,Tamil Nadu,13.178112,80.297999,2023-11-08,20:00,20,Wednesday,0,rural,6,1,clear,high,40,high,drunk driving,minor,1,0,0,,0.3
12875,Chennai,Tamil Nadu,13.136361,80.119296,2022-09-15,8:00,8,Thursday,0,rural,1,1,rain,medium,36,medium,overspeeding,fatal,4,4,1,,0.6
12876,Chennai,Tamil Nadu,13.150916,80.283619,2024-11-06,9:00,9,Wednesday,0,highway,6,1,rain,low,39,medium,drunk driving,major,1,0,1,,0.6
12880,Chennai,Tamil Nadu,13.150888,80.270501,2022-11-03,19:00,19,Thursday,0,highway,3,1,rain,low,39,high,distraction,minor,3,2,1,,0.8
12902,Chennai,Tamil Nadu,12.985379,80.270569,2023-11-21,13:00,13,Tuesday,0,urban,3,0,rain,medium,40,low,overspeeding,minor,4,0,0,,0.25
12903,Chennai,Tamil Nadu,13.195001,80.229505,2022-07-10,1:00,1,Sunday,1,highway,3,0,fog,low,39,low,weather,minor,3,0,0,,0.45
12905,Chennai,Tamil Nadu,13.085415,80.289871,2024-10-20,8:00,8,Sunday,1,rural,3,1,clear,high,27,medium,overspeeding,major,4,2,1,,0.25
12916,Chennai,Tamil Nadu,12.852457,80.292709,2022-11-07,0:00,0,Monday,0,highway,4,0,fog,low,39,low,overspeeding,major,4,3,0,,0.45
12918,Chennai,Tamil Nadu,12.965845,80.165688,2025-02-09,7:00,7,Sunday,1,rural,5,0,fog,low,29,medium,drunk driving,fatal,2,2,0,,0.65
12921,Chennai,Tamil Nadu,12.811634,80.123316,2022-05-26,21:00,21,Thursday,0,highway,4,0,rain,medium,17,medium,overspeeding,minor,4,1,0,,0.25
12924,Chennai,Tamil Nadu,12.89541,80.166982,2024-08-13,13:00,13,Tuesday,0,highway,4,0,fog,low,30,high,drunk driving,minor,2,2,0,,0.65
12938,Chennai,Tamil Nadu,13.167099,80.128024,2024-01-18,20:00,20,Thursday,0,urban,1,1,rain,low,30,medium,drunk driving,minor,4,0,0,,0.45
12942,Chennai,Tamil Nadu,13.161844,80.260374,2023-03-03,22:00,22,Friday,0,urban,1,0,fog,low,20,low,weather,minor,5,2,0,,0.45
12948,Chennai,Tamil Nadu,12.962523,80.283353,2024-06-22,12:00,12,Saturday,1,highway,3,1,rain,medium,25,high,drunk driving,minor,4,2,0,,0.45
12955,Chennai,Tamil Nadu,13.087712,80.208296,2022-07-23,15:00,15,Saturday,1,rural,1,1,clear,high,16,medium,overspeeding,major,1,1,0,,0.1
12957,Chennai,Tamil Nadu,12.853724,80.134211,2022-02-04,10:00,10,Friday,0,urban,3,0,fog,low,36,medium,overspeeding,minor,3,0,1,,0.6
12967,Chennai,Tamil Nadu,12.976507,80.195901,2024-07-10,17:00,17,Wednesday,0,highway,6,0,fog,low,23,high,weather,minor,3,1,1,,0.8
12977,Chennai,Tamil Nadu,13.02009,80.268284,2023-03-22,23:00,23,Wednesday,0,rural,5,0,clear,high,24,medium,drunk driving,major,2,0,0,,0.1
12994,Chennai,Tamil Nadu,12.887348,80.211761,2023-03-30,4:00,4,Thursday,0,highway,3,1,rain,medium,22,low,distraction,major,3,3,0,,0.25
13014,Chennai,Tamil Nadu,12.88784,80.197874,2023-05-05,13:00,13,Friday,0,rural,2,0,clear,high,32,medium,poor road,minor,4,4,0,,0.1
13015,Chennai,Tamil Nadu,12.857455,80.136116,2023-02-18,2:00,2,Saturday,1,highway,3,1,clear,high,23,low,weather,minor,3,3,0,,0.1
13023,Chennai,Tamil Nadu,12.967702,80.295155,2024-08-13,12:00,12,Tuesday,0,highway,2,1,rain,low,31,high,poor road,major,2,2,0,,0.65
13028,Chennai,Tamil Nadu,13.126716,80.156956,2024-04-13,4:00,4,Saturday,1,rural,5,0,rain,low,16,low,drunk driving,major,2,1,0,,0.45
13030,Chennai,Tamil Nadu,12.812191,80.142315,2022-08-21,20:00,20,Sunday,1,highway,3,1,clear,high,22,high,distraction,minor,2,2,0,,0.3
13040,Chennai,Tamil Nadu,13.139122,80.24962,2023-08-04,14:00,14,Friday,0,rural,5,0,clear,high,25,low,drunk driving,minor,5,2,0,,0.1
13054,Chennai,Tamil Nadu,13.179898,80.112331,2023-05-31,19:00,19,Wednesday,0,rural,6,0,clear,high,37,medium,weather,major,1,0,1,,0.25
13082,Chennai,Tamil Nadu,13.175725,80.196125,2022-08-02,14:00,14,Tuesday,0,rural,4,0,rain,medium,39,medium,distraction,fatal,5,5,0,,0.45
13105,Chennai,Tamil Nadu,12.965027,80.149211,2022-07-08,13:00,13,Friday,0,highway,5,0,fog,low,26,medium,drunk driving,major,4,3,0,,0.45
13111,Chennai,Tamil Nadu,12.965089,80.146046,2024-01-18,5:00,5,Thursday,0,urban,6,1,fog,low,30,low,drunk driving,minor,2,2,0,,0.45
13112,Chennai,Tamil Nadu,13.171261,80.192267,2023-08-29,16:00,16,Tuesday,0,urban,1,1,fog,low,38,low,weather,minor,2,0,0,,0.45
13116,Chennai,Tamil Nadu,12.806813,80.192773,2023-05-30,5:00,5,Tuesday,0,urban,2,0,fog,low,20,low,distraction,minor,5,2,0,,0.45
13128,Chennai,Tamil Nadu,13.131103,80.257868,2025-02-24,23:00,23,Monday,0,urban,4,0,fog,low,33,low,poor road,major,2,2,0,,0.45
13131,Chennai,Tamil Nadu,12.975673,80.121732,2024-08-10,2:00,2,Saturday,1,urban,2,1,clear,high,20,low,weather,major,5,1,0,,0.1
13142,Chennai,Tamil Nadu,12.831189,80.192564,2022-09-26,16:00,16,Monday,0,highway,2,0,rain,low,27,low,drunk driving,fatal,2,2,0,,0.65
13152,Chennai,Tamil Nadu,12.992053,80.168095,2022-01-26,1:00,1,Wednesday,0,rural,5,0,fog,low,40,low,weather,major,5,5,0,,0.45
13159,Chennai,Tamil Nadu,13.049683,80.244644,2023-05-17,11:00,11,Wednesday,0,rural,2,0,clear,high,31,low,drunk driving,minor,5,3,0,,0.1
13182,Chennai,Tamil Nadu,13.064044,80.263184,2022-03-08,4:00,4,Tuesday,0,highway,6,0,fog,low,18,low,drunk driving,minor,3,0,0,,0.45
13195,Chennai,Tamil Nadu,12.928537,80.229234,2022-06-23,9:00,9,Thursday,0,urban,3,1,rain,medium,20,high,poor road,major,1,1,1,,0.6
13196,Chennai,Tamil Nadu,13.081149,80.198629,2024-02-23,18:00,18,Friday,0,urban,4,0,fog,low,38,high,distraction,major,3,0,1,,0.8
13197,Chennai,Tamil Nadu,13.122178,80.294473,2022-09-10,22:00,22,Saturday,1,urban,3,0,clear,high,27,low,poor road,minor,1,1,0,,0.1
13212,Chennai,Tamil Nadu,13.187612,80.222992,2022-09-01,4:00,4,Thursday,0,urban,2,1,fog,low,33,low,weather,major,1,0,0,,0.45
13228,Chennai,Tamil Nadu,12.853393,80.104599,2024-10-07,17:00,17,Monday,0,highway,4,1,rain,low,28,high,overspeeding,minor,2,1,1,,0.8
13229,Chennai,Tamil Nadu,13.145466,80.234747,2023-07-06,1:00,1,Thursday,0,rural,5,1,fog,low,24,medium,overspeeding,fatal,4,4,0,,0.65
13234,Chennai,Tamil Nadu,12.87009,80.290313,2023-08-23,0:00,0,Wednesday,0,highway,5,1,clear,high,27,low,poor road,minor,5,4,0,,0.1
13236,Chennai,Tamil Nadu,12.922886,80.296839,2023-04-27,19:00,19,Thursday,0,highway,1,1,rain,medium,24,high,overspeeding,major,2,1,1,,0.6
13241,Chennai,Tamil Nadu,13.101871,80.186764,2023-02-10,4:00,4,Friday,0,rural,5,0,clear,high,37,low,drunk driving,minor,4,4,0,,0.1
13242,Chennai,Tamil Nadu,12.995013,80.172539,2024-01-18,6:00,6,Thursday,0,rural,5,1,clear,high,28,medium,distraction,minor,5,3,0,,0.1
13244,Chennai,Tamil Nadu,13.176601,80.150477,2023-11-02,21:00,21,Thursday,0,rural,5,1,clear,high,29,low,weather,fatal,2,2,0,,0.3
13247,Chennai,Tamil Nadu,13.111386,80.145106,2024-08-03,4:00,4,Saturday,1,rural,5,0,rain,low,26,medium,poor road,minor,1,1,0,,0.45
13254,Chennai,Tamil Nadu,13.028347,80.235216,2023-01-09,5:00,5,Monday,0,urban,6,0,rain,medium,27,high,poor road,minor,5,0,0,,0.45
13261,Chennai,Tamil Nadu,13.119425,80.183125,2023-06-04,16:00,16,Sunday,1,urban,2,0,fog,low,35,medium,drunk driving,fatal,4,4,0,,0.65
13265,Chennai,Tamil Nadu,12.883825,80.14831,2024-02-23,8:00,8,Friday,0,rural,6,0,fog,low,18,low,overspeeding,major,2,0,1,,0.6
13294,Chennai,Tamil Nadu,12.873761,80.104533,2022-09-04,5:00,5,Sunday,1,urban,1,1,rain,low,24,high,poor road,minor,4,2,0,,0.65
13300,Chennai,Tamil Nadu,13.154857,80.259716,2023-04-25,20:00,20,Tuesday,0,urban,5,1,clear,high,34,medium,poor road,minor,5,2,0,,0.1
13301,Chennai,Tamil Nadu,13.158031,80.28661,2022-06-11,7:00,7,Saturday,1,highway,1,0,rain,low,39,high,poor road,minor,3,0,0,,0.65
13306,Chennai,Tamil Nadu,13.143126,80.111435,2025-04-07,13:00,13,Monday,0,highway,5,0,rain,low,29,low,drunk driving,major,4,0,0,,0.45
13307,Chennai,Tamil Nadu,12.86642,80.247011,2022-04-11,15:00,15,Monday,0,rural,5,1,clear,high,18,medium,overspeeding,minor,4,3,0,,0.1
13308,Chennai,Tamil Nadu,12.935516,80.290446,2022-05-30,19:00,19,Monday,0,urban,1,0,fog,low,20,medium,drunk driving,minor,3,1,1,,0.6
13314,Chennai,Tamil Nadu,13.184891,80.192189,2022-06-18,7:00,7,Saturday,1,highway,2,0,fog,low,40,medium,poor road,minor,4,3,0,,0.45
13325,Chennai,Tamil Nadu,13.051258,80.103184,2023-07-29,9:00,9,Saturday,1,urban,1,1,fog,low,15,high,overspeeding,major,4,1,1,,0.8
13332,Chennai,Tamil Nadu,13.024471,80.114351,2022-09-09,1:00,1,Friday,0,highway,6,1,fog,low,19,low,poor road,minor,1,0,0,,0.45
13333,Chennai,Tamil Nadu,12.988246,80.230443,2025-03-25,17:00,17,Tuesday,0,urban,1,0,rain,low,29,high,poor road,minor,3,1,1,,0.8
13341,Chennai,Tamil Nadu,13.182327,80.160139,2023-04-22,14:00,14,Saturday,1,urban,4,1,fog,low,33,high,drunk driving,major,5,5,0,Eid,0.75
13351,Chennai,Tamil Nadu,13.118676,80.26437,2023-03-07,11:00,11,Tuesday,0,rural,5,0,fog,low,16,medium,drunk driving,minor,4,2,0,,0.45
13353,Chennai,Tamil Nadu,13.052711,80.15408,2022-02-05,16:00,16,Saturday,1,rural,6,0,fog,low,36,medium,overspeeding,major,5,3,0,,0.45
13354,Chennai,Tamil Nadu,13.017286,80.248118,2023-04-02,13:00,13,Sunday,1,highway,2,1,fog,low,29,low,poor road,major,3,0,0,,0.45
13360,Chennai,Tamil Nadu,13.049284,80.173524,2023-06-17,7:00,7,Saturday,1,rural,6,1,fog,low,29,medium,drunk driving,fatal,5,5,0,,0.65
13361,Chennai,Tamil Nadu,13.146122,80.136593,2023-06-24,6:00,6,Saturday,1,rural,1,1,clear,high,37,high,overspeeding,minor,4,1,0,,0.3
13364,Chennai,Tamil Nadu,13.028769,80.221408,2022-06-11,12:00,12,Saturday,1,urban,2,1,clear,high,31,high,poor road,fatal,5,5,0,,0.5
13370,Chennai,Tamil Nadu,13.141882,80.243839,2024-10-28,20:00,20,Monday,0,highway,5,0,clear,high,31,high,drunk driving,major,4,2,0,,0.3
13374,Chennai,Tamil Nadu,13.12483,80.128971,2023-12-23,3:00,3,Saturday,1,urban,5,1,clear,high,32,medium,poor road,minor,5,5,0,,0.1
13382,Chennai,Tamil Nadu,13.174736,80.296224,2022-04-21,5:00,5,Thursday,0,urban,3,1,clear,high,24,high,poor road,minor,3,1,0,,0.3
13384,Chennai,Tamil Nadu,13.11371,80.129011,2023-05-17,22:00,22,Wednesday,0,rural,6,0,fog,low,29,high,poor road,minor,3,3,0,,0.65
13390,Chennai,Tamil Nadu,12.857817,80.141229,2024-12-06,7:00,7,Friday,0,urban,6,1,rain,low,29,high,drunk driving,major,2,0,0,,0.65
13392,Chennai,Tamil Nadu,12.849132,80.268607,2023-08-18,18:00,18,Friday,0,rural,5,1,clear,high,26,high,weather,major,4,4,1,,0.45
13393,Chennai,Tamil Nadu,13.106673,80.189015,2025-03-15,12:00,12,Saturday,1,highway,3,1,clear,high,19,high,poor road,major,1,1,0,,0.3
13394,Chennai,Tamil Nadu,12.993408,80.289274,2023-07-10,17:00,17,Monday,0,rural,1,0,rain,low,32,high,distraction,minor,1,1,1,,0.8
13414,Chennai,Tamil Nadu,12.868863,80.161858,2022-12-22,15:00,15,Thursday,0,urban,6,1,fog,low,36,high,drunk driving,major,3,1,0,,0.65
13415,Chennai,Tamil Nadu,13.057102,80.179772,2022-10-15,10:00,10,Saturday,1,rural,2,0,rain,medium,20,medium,poor road,fatal,5,5,1,,0.6
13418,Chennai,Tamil Nadu,12.841634,80.154449,2024-10-10,6:00,6,Thursday,0,highway,5,0,clear,high,37,low,distraction,fatal,5,5,0,,0.3
13426,Chennai,Tamil Nadu,12.972081,80.212188,2023-12-09,5:00,5,Saturday,1,rural,2,0,fog,low,15,low,poor road,minor,5,0,0,,0.45
13427,Chennai,Tamil Nadu,13.057738,80.257326,2023-12-08,14:00,14,Friday,0,highway,6,0,rain,medium,19,medium,overspeeding,minor,4,1,0,,0.25
13443,Chennai,Tamil Nadu,12.919143,80.149866,2022-10-11,8:00,8,Tuesday,0,highway,2,1,fog,low,30,high,drunk driving,major,3,2,1,,0.8
13464,Chennai,Tamil Nadu,12.925918,80.229733,2022-01-17,6:00,6,Monday,0,highway,3,1,clear,high,24,low,weather,minor,5,5,0,,0.1
13468,Chennai,Tamil Nadu,13.014101,80.1717,2024-06-25,13:00,13,Tuesday,0,highway,1,0,rain,low,17,low,drunk driving,major,4,1,0,,0.45
13469,Chennai,Tamil Nadu,12.886495,80.169046,2024-02-03,2:00,2,Saturday,1,highway,6,0,fog,low,17,low,distraction,major,1,0,0,,0.45
13477,Chennai,Tamil Nadu,12.85436,80.229715,2024-01-14,2:00,2,Sunday,1,highway,3,0,rain,medium,38,medium,overspeeding,major,5,0,0,,0.25
13492,Chennai,Tamil Nadu,13.07037,80.230058,2024-05-13,8:00,8,Monday,0,rural,2,0,rain,low,16,medium,drunk driving,minor,1,1,1,,0.6
13510,Chennai,Tamil Nadu,12.881423,80.161193,2023-01-18,9:00,9,Wednesday,0,highway,4,0,fog,low,25,medium,poor road,minor,2,0,1,,0.6
13512,Chennai,Tamil Nadu,13.088466,80.296021,2023-11-26,10:00,10,Sunday,1,urban,1,1,fog,low,17,high,distraction,major,3,2,1,,0.8
13513,Chennai,Tamil Nadu,12.811355,80.238355,2023-12-25,13:00,13,Monday,0,rural,5,1,rain,medium,27,high,overspeeding,minor,5,3,0,,0.45
13532,Chennai,Tamil Nadu,12.971747,80.294139,2024-03-02,2:00,2,Saturday,1,rural,3,1,fog,low,25,low,distraction,minor,2,0,0,,0.45
13534,Chennai,Tamil Nadu,13.03233,80.157759,2024-06-21,22:00,22,Friday,0,rural,3,1,clear,high,32,high,drunk driving,fatal,1,1,0,,0.5
13539,Chennai,Tamil Nadu,13.041202,80.281153,2022-02-19,7:00,7,Saturday,1,rural,3,1,fog,low,23,high,distraction,fatal,1,1,0,,0.85
13557,Chennai,Tamil Nadu,12.908017,80.140963,2024-07-30,21:00,21,Tuesday,0,highway,2,1,clear,high,28,low,poor road,minor,1,0,0,,0.1
13575,Chennai,Tamil Nadu,12.93234,80.268296,2025-04-12,19:00,19,Saturday,1,highway,3,1,rain,low,39,high,poor road,major,1,0,1,,0.8
13576,Chennai,Tamil Nadu,12.908523,80.248354,2022-05-13,11:00,11,Friday,0,urban,5,0,rain,medium,31,high,drunk driving,minor,1,0,0,,0.45
13577,Chennai,Tamil Nadu,12.849379,80.172653,2023-12-09,16:00,16,Saturday,1,urban,2,0,rain,medium,18,medium,weather,major,4,3,0,,0.25
13601,Chennai,Tamil Nadu,13.091398,80.193519,2024-06-19,8:00,8,Wednesday,0,highway,3,1,clear,high,22,medium,weather,minor,5,1,1,,0.25
13604,Chennai,Tamil Nadu,12.880603,80.201582,2022-06-01,12:00,12,Wednesday,0,urban,6,0,rain,medium,17,high,overspeeding,major,3,1,0,,0.45
13620,Chennai,Tamil Nadu,13.10265,80.102363,2024-11-02,22:00,22,Saturday,1,rural,2,0,fog,low,32,low,drunk driving,major,2,2,0,,0.45
13622,Chennai,Tamil Nadu,13.148938,80.220411,2024-10-16,12:00,12,Wednesday,0,rural,4,0,clear,high,37,low,distraction,minor,2,2,0,,0.1
13623,Chennai,Tamil Nadu,13.004378,80.274034,2023-07-03,22:00,22,Monday,0,urban,6,1,rain,low,20,medium,weather,major,2,2,0,,0.45
13627,Chennai,Tamil Nadu,13.047202,80.145127,2025-02-19,5:00,5,Wednesday,0,rural,2,1,rain,low,37,high,overspeeding,major,1,0,0,,0.65
13639,Chennai,Tamil Nadu,12.877742,80.288727,2022-07-16,4:00,4,Saturday,1,highway,3,1,rain,medium,29,medium,drunk driving,fatal,3,3,0,,0.45
13642,Chennai,Tamil Nadu,13.038905,80.185469,2024-12-07,6:00,6,Saturday,1,urban,3,0,fog,low,23,medium,distraction,major,4,2,0,,0.45
13643,Chennai,Tamil Nadu,13.119173,80.291065,2025-02-03,16:00,16,Monday,0,urban,1,1,rain,low,29,low,drunk driving,major,5,2,0,,0.45
13645,Chennai,Tamil Nadu,12.877272,80.279205,2023-01-11,18:00,18,Wednesday,0,highway,4,1,rain,low,27,low,overspeeding,fatal,3,3,1,,0.8
13649,Chennai,Tamil Nadu,12.817413,80.140494,2024-09-03,21:00,21,Tuesday,0,urban,5,0,rain,medium,24,medium,distraction,minor,3,2,0,,0.25
13691,Chennai,Tamil Nadu,12.978496,80.241726,2022-01-14,18:00,18,Friday,0,highway,2,0,rain,medium,39,medium,overspeeding,minor,3,1,1,,0.4
13708,Chennai,Tamil Nadu,13.062309,80.276004,2024-12-26,4:00,4,Thursday,0,urban,3,0,rain,medium,28,low,weather,major,5,2,0,,0.25
13711,Chennai,Tamil Nadu,12.839816,80.194798,2023-11-28,0:00,0,Tuesday,0,rural,2,0,clear,high,23,low,poor road,major,1,0,0,,0.1
13716,Chennai,Tamil Nadu,12.982977,80.295456,2024-12-30,10:00,10,Monday,0,highway,2,1,rain,medium,19,medium,weather,minor,2,1,1,,0.4
13724,Chennai,Tamil Nadu,12.924873,80.114047,2023-03-06,10:00,10,Monday,0,highway,5,1,clear,high,16,high,drunk driving,minor,5,0,1,,0.45
13725,Chennai,Tamil Nadu,13.075732,80.122892,2022-11-21,9:00,9,Monday,0,urban,4,0,rain,low,26,medium,distraction,minor,5,4,1,,0.6
13730,Chennai,Tamil Nadu,13.159443,80.154746,2024-04-11,19:00,19,Thursday,0,rural,2,1,clear,high,26,high,poor road,major,3,1,1,,0.45
13733,Chennai,Tamil Nadu,12.827359,80.211666,2024-10-19,8:00,8,Saturday,1,urban,6,0,fog,low,30,high,weather,minor,2,0,1,,0.8
13738,Chennai,Tamil Nadu,12.863937,80.154696,2024-12-30,16:00,16,Monday,0,urban,6,0,clear,high,21,low,drunk driving,major,4,1,0,,0.1
13743,Chennai,Tamil Nadu,12.968555,80.19417,2024-06-20,1:00,1,Thursday,0,highway,2,0,rain,low,18,low,drunk driving,major,1,0,0,,0.45
13755,Chennai,Tamil Nadu,13.073741,80.186251,2022-08-28,2:00,2,Sunday,1,rural,6,1,fog,low,28,low,overspeeding,minor,4,4,0,,0.45
13756,Chennai,Tamil Nadu,13.150478,80.202649,2024-07-11,18:00,18,Thursday,0,highway,5,0,fog,low,20,high,drunk driving,minor,4,4,1,,0.8
13764,Chennai,Tamil Nadu,13.006368,80.118311,2024-03-27,12:00,12,Wednesday,0,highway,5,0,rain,low,19,medium,distraction,minor,4,4,0,,0.45
13768,Chennai,Tamil Nadu,12.930674,80.278466,2022-04-19,2:00,2,Tuesday,0,urban,4,1,clear,high,35,low,poor road,minor,1,1,0,,0.1
13771,Chennai,Tamil Nadu,13.051093,80.296247,2023-07-10,12:00,12,Monday,0,rural,2,1,clear,high,39,high,weather,major,2,1,0,,0.3
13792,Chennai,Tamil Nadu,12.935145,80.151698,2023-05-02,15:00,15,Tuesday,0,urban,1,0,clear,high,34,high,overspeeding,minor,3,3,0,,0.3
13794,Chennai,Tamil Nadu,12.920702,80.160033,2023-11-26,23:00,23,Sunday,1,urban,1,1,fog,low,32,low,overspeeding,minor,4,3,0,,0.45
13802,Chennai,Tamil Nadu,12.939178,80.177931,2023-12-19,9:00,9,Tuesday,0,rural,5,1,rain,medium,31,high,distraction,minor,2,2,1,,0.6
13819,Chennai,Tamil Nadu,12.865142,80.204872,2022-04-25,5:00,5,Monday,0,rural,3,0,fog,low,22,low,overspeeding,fatal,1,1,0,,0.65
13825,Chennai,Tamil Nadu,13.098513,80.128277,2024-04-10,12:00,12,Wednesday,0,urban,3,1,rain,low,22,high,overspeeding,minor,4,3,0,Eid,0.75
13827,Chennai,Tamil Nadu,13.006168,80.293946,2024-08-29,1:00,1,Thursday,0,urban,6,0,rain,low,17,low,weather,major,5,4,0,,0.45
13833,Chennai,Tamil Nadu,13.095082,80.241801,2024-02-15,5:00,5,Thursday,0,urban,5,0,rain,medium,19,high,distraction,minor,4,3,0,,0.45
13834,Chennai,Tamil Nadu,12.876442,80.183867,2023-01-18,19:00,19,Wednesday,0,highway,2,0,rain,medium,31,high,distraction,minor,5,1,1,,0.6
13836,Chennai,Tamil Nadu,13.046776,80.136086,2022-05-15,19:00,19,Sunday,1,highway,6,1,clear,high,39,medium,weather,fatal,2,2,1,,0.45
13843,Chennai,Tamil Nadu,12.943812,80.259902,2024-06-11,10:00,10,Tuesday,0,highway,4,1,fog,low,16,high,drunk driving,major,5,5,1,,0.8
13850,Chennai,Tamil Nadu,13.051413,80.238321,2022-04-10,18:00,18,Sunday,1,rural,6,1,fog,low,34,medium,weather,major,5,1,1,,0.6
13860,Chennai,Tamil Nadu,13.149644,80.140835,2024-04-23,14:00,14,Tuesday,0,highway,5,0,clear,high,16,medium,poor road,major,4,2,0,,0.1
13871,Chennai,Tamil Nadu,13.135613,80.20324,2023-03-24,14:00,14,Friday,0,rural,3,0,rain,low,35,high,overspeeding,fatal,5,5,0,,0.85
13874,Chennai,Tamil Nadu,12.80424,80.244675,2023-03-22,3:00,3,Wednesday,0,rural,2,1,clear,high,24,medium,overspeeding,minor,5,1,0,,0.1
13875,Chennai,Tamil Nadu,13.165904,80.143318,2025-03-02,14:00,14,Sunday,1,highway,4,1,fog,low,40,low,drunk driving,minor,3,2,0,,0.45
13880,Chennai,Tamil Nadu,13.197582,80.165089,2023-05-31,17:00,17,Wednesday,0,rural,2,1,fog,low,30,low,distraction,minor,3,2,1,,0.6
13886,Chennai,Tamil Nadu,12.831948,80.241758,2024-07-25,16:00,16,Thursday,0,urban,3,1,rain,medium,37,medium,overspeeding,minor,4,3,0,,0.25
13905,Chennai,Tamil Nadu,13.052743,80.227326,2022-03-08,13:00,13,Tuesday,0,rural,2,0,rain,low,20,medium,poor road,major,3,3,0,,0.45
13906,Chennai,Tamil Nadu,13.19718,80.219582,2023-06-19,18:00,18,Monday,0,urban,1,1,rain,low,39,high,distraction,major,4,0,1,,0.8
13909,Chennai,Tamil Nadu,13.179823,80.236223,2022-08-01,7:00,7,Monday,0,rural,2,1,clear,high,19,medium,overspeeding,minor,3,1,0,,0.1
13914,Chennai,Tamil Nadu,13.028309,80.212614,2022-02-24,2:00,2,Thursday,0,urban,6,0,clear,high,31,low,distraction,minor,1,0,0,,0.1
13917,Chennai,Tamil Nadu,12.889445,80.281937,2022-02-01,23:00,23,Tuesday,0,highway,2,1,fog,low,31,high,weather,major,3,2,0,,0.65
13924,Chennai,Tamil Nadu,12.894591,80.133396,2022-08-04,10:00,10,Thursday,0,rural,1,1,clear,high,25,high,drunk driving,minor,3,2,1,,0.45
13928,Chennai,Tamil Nadu,12.836117,80.164574,2023-10-24,14:00,14,Tuesday,0,rural,3,0,fog,low,20,medium,distraction,major,3,2,0,,0.45
13954,Chennai,Tamil Nadu,13.138406,80.277152,2022-12-02,12:00,12,Friday,0,highway,1,1,clear,high,27,medium,overspeeding,minor,2,2,0,,0.1
13963,Chennai,Tamil Nadu,13.09313,80.119059,2024-07-01,11:00,11,Monday,0,urban,4,0,rain,low,30,low,overspeeding,major,1,0,0,,0.45
13975,Chennai,Tamil Nadu,13.01475,80.288792,2024-12-28,14:00,14,Saturday,1,rural,5,0,fog,low,22,medium,drunk driving,major,1,0,0,,0.45
13976,Chennai,Tamil Nadu,13.0091,80.237206,2022-06-13,15:00,15,Monday,0,rural,2,0,rain,low,28,high,poor road,minor,1,1,0,,0.65
13983,Chennai,Tamil Nadu,13.029601,80.287879,2022-01-03,2:00,2,Monday,0,highway,5,1,fog,low,30,low,overspeeding,minor,1,1,0,,0.45
13993,Chennai,Tamil Nadu,13.120345,80.231139,2025-01-27,15:00,15,Monday,0,highway,3,0,fog,low,21,high,overspeeding,major,1,0,0,,0.65
14010,Chennai,Tamil Nadu,13.125651,80.231278,2023-07-21,6:00,6,Friday,0,rural,1,0,rain,medium,26,medium,distraction,fatal,3,3,0,,0.45
14024,Chennai,Tamil Nadu,12.988778,80.248651,2023-06-02,2:00,2,Friday,0,rural,6,0,rain,medium,15,high,drunk driving,minor,2,2,0,,0.45
14051,Chennai,Tamil Nadu,13.008398,80.13598,2025-02-08,10:00,10,Saturday,1,highway,5,0,clear,high,35,medium,weather,fatal,2,2,1,,0.45
14065,Chennai,Tamil Nadu,13.046071,80.193047,2023-06-02,13:00,13,Friday,0,rural,3,0,clear,high,38,low,overspeeding,major,5,0,0,,0.1
14076,Chennai,Tamil Nadu,13.025452,80.298788,2024-04-12,18:00,18,Friday,0,highway,4,1,clear,high,20,medium,distraction,minor,5,2,1,,0.25
14083,Chennai,Tamil Nadu,12.914034,80.214605,2025-03-11,2:00,2,Tuesday,0,urban,5,1,rain,low,24,low,overspeeding,major,1,1,0,,0.45
14091,Chennai,Tamil Nadu,12.851776,80.10612,2022-05-21,1:00,1,Saturday,1,rural,2,0,rain,medium,20,low,poor road,major,5,4,0,,0.25
14099,Chennai,Tamil Nadu,13.046763,80.11623,2022-12-18,20:00,20,Sunday,1,highway,6,0,fog,low,29,low,drunk driving,minor,1,0,0,,0.45
14129,Chennai,Tamil Nadu,12.95177,80.273328,2023-03-23,17:00,17,Thursday,0,highway,1,1,fog,low,24,high,poor road,minor,4,0,1,,0.8
14137,Chennai,Tamil Nadu,12.973785,80.237619,2024-02-04,20:00,20,Sunday,1,urban,6,1,fog,low,20,low,distraction,minor,4,2,0,,0.45
14148,Chennai,Tamil Nadu,13.165411,80.279786,2024-08-10,6:00,6,Saturday,1,urban,1,0,rain,low,39,low,overspeeding,minor,2,1,0,,0.45
14149,Chennai,Tamil Nadu,13.03998,80.246692,2023-02-21,19:00,19,Tuesday,0,highway,6,0,clear,high,39,high,overspeeding,fatal,4,4,1,,0.65
14152,Chennai,Tamil Nadu,13.190659,80.193874,2024-02-07,20:00,20,Wednesday,0,highway,6,0,clear,high,17,medium,overspeeding,fatal,4,4,0,,0.3
14160,Chennai,Tamil Nadu,13.154227,80.278917,2024-02-14,11:00,11,Wednesday,0,rural,5,1,clear,high,39,high,poor road,minor,2,1,0,,0.3
14180,Chennai,Tamil Nadu,13.166652,80.263692,2023-08-27,20:00,20,Sunday,1,urban,3,0,rain,low,40,medium,weather,major,2,2,0,,0.45
14181,Chennai,Tamil Nadu,12.800942,80.141466,2023-07-22,12:00,12,Saturday,1,highway,4,1,fog,low,38,low,poor road,major,5,3,0,,0.45
14194,Chennai,Tamil Nadu,13.142182,80.11182,2022-05-21,19:00,19,Saturday,1,urban,6,0,rain,low,15,medium,weather,minor,2,0,1,,0.6
14202,Chennai,Tamil Nadu,13.159211,80.181916,2022-06-25,8:00,8,Saturday,1,rural,3,1,clear,high,23,high,overspeeding,minor,1,0,1,,0.45
14203,Chennai,Tamil Nadu,13.157396,80.228192,2022-11-13,4:00,4,Sunday,1,rural,4,1,rain,medium,40,medium,overspeeding,major,3,0,0,,0.25
14206,Chennai,Tamil Nadu,12.979066,80.273212,2022-11-03,17:00,17,Thursday,0,urban,6,0,clear,high,32,medium,overspeeding,major,1,0,1,,0.25
14207,Chennai,Tamil Nadu,13.039418,80.154205,2022-05-06,22:00,22,Friday,0,urban,6,0,rain,medium,36,medium,drunk driving,minor,5,2,0,,0.25
14220,Chennai,Tamil Nadu,12.882172,80.121464,2025-03-28,19:00,19,Friday,0,rural,6,1,clear,high,23,high,weather,fatal,3,3,1,,0.65
14223,Chennai,Tamil Nadu,12.87214,80.201684,2022-01-22,19:00,19,Saturday,1,urban,6,0,clear,high,29,high,distraction,major,4,2,1,,0.45
14224,Chennai,Tamil Nadu,13.110136,80.209585,2022-07-30,14:00,14,Saturday,1,urban,5,1,fog,low,20,low,weather,major,1,0,0,,0.45
14228,Chennai,Tamil Nadu,13.154369,80.23715,2024-08-21,8:00,8,Wednesday,0,urban,4,0,fog,low,34,medium,poor road,fatal,4,4,1,,0.8
14237,Chennai,Tamil Nadu,12.922551,80.183236,2023-12-14,1:00,1,Thursday,0,highway,1,1,clear,high,39,medium,poor road,major,1,0,0,,0.1
14247,Chennai,Tamil Nadu,12.800172,80.202976,2022-05-07,15:00,15,Saturday,1,rural,6,0,rain,low,31,high,overspeeding,minor,4,1,0,,0.65
14254,Chennai,Tamil Nadu,13.139523,80.133251,2024-02-03,18:00,18,Saturday,1,rural,5,0,fog,low,23,medium,drunk driving,major,3,0,1,,0.6
14258,Chennai,Tamil Nadu,13.087683,80.157743,2022-04-01,2:00,2,Friday,0,urban,4,1,rain,low,21,low,weather,minor,3,1,0,,0.45
14267,Chennai,Tamil Nadu,12.920658,80.162856,2023-06-29,21:00,21,Thursday,0,rural,1,0,rain,low,35,low,drunk driving,fatal,3,3,0,,0.65
14274,Chennai,Tamil Nadu,12.825889,80.154246,2024-02-04,13:00,13,Sunday,1,urban,3,1,clear,high,36,medium,weather,fatal,1,1,0,,0.3
14281,Chennai,Tamil Nadu,12.866139,80.12884,2024-04-24,15:00,15,Wednesday,0,rural,4,1,rain,low,31,medium,distraction,minor,5,2,0,,0.45
14288,Chennai,Tamil Nadu,13.051843,80.101492,2024-04-12,13:00,13,Friday,0,urban,5,0,fog,low,33,low,distraction,minor,5,4,0,,0.45
14292,Chennai,Tamil Nadu,13.068349,80.230709,2024-12-01,1:00,1,Sunday,1,urban,2,0,clear,high,18,low,drunk driving,minor,3,1,0,,0.1
14296,Chennai,Tamil Nadu,12.843655,80.272743,2023-03-27,14:00,14,Monday,0,highway,4,0,clear,high,22,medium,overspeeding,major,1,1,0,,0.1
14298,Chennai,Tamil Nadu,12.833923,80.163219,2023-05-25,11:00,11,Thursday,0,urban,6,0,clear,high,25,high,drunk driving,minor,2,1,0,,0.3
14303,Chennai,Tamil Nadu,12.931767,80.284451,2022-05-11,7:00,7,Wednesday,0,highway,1,0,clear,high,30,high,weather,fatal,3,3,0,,0.5
14307,Chennai,Tamil Nadu,13.014725,80.28455,2023-11-09,13:00,13,Thursday,0,rural,4,0,clear,high,22,medium,weather,fatal,4,4,0,,0.3
14314,Chennai,Tamil Nadu,12.918807,80.242905,2022-08-18,3:00,3,Thursday,0,highway,4,1,fog,low,23,low,distraction,major,2,0,0,,0.45
14322,Chennai,Tamil Nadu,13.121918,80.212704,2023-07-13,2:00,2,Thursday,0,highway,3,1,clear,high,25,low,poor road,minor,1,0,0,,0.1
14332,Chennai,Tamil Nadu,12.879266,80.115344,2022-11-03,8:00,8,Thursday,0,rural,1,0,fog,low,18,high,poor road,major,4,4,1,,0.8
14345,Chennai,Tamil Nadu,13.015211,80.128287,2023-02-02,7:00,7,Thursday,0,urban,4,1,clear,high,38,high,weather,major,4,0,0,,0.3
14354,Chennai,Tamil Nadu,12.973632,80.231892,2023-10-21,15:00,15,Saturday,1,highway,5,1,clear,high,30,high,drunk driving,minor,3,1,0,,0.3
14361,Chennai,Tamil Nadu,13.150243,80.104897,2025-01-26,14:00,14,Sunday,1,highway,3,1,rain,medium,31,medium,overspeeding,major,4,0,0,,0.25
14365,Chennai,Tamil Nadu,13.11053,80.222482,2024-05-20,0:00,0,Monday,0,urban,5,0,fog,low,27,low,weather,minor,3,0,0,,0.45
14377,Chennai,Tamil Nadu,12.866592,80.202012,2025-02-16,6:00,6,Sunday,1,urban,4,1,rain,low,35,medium,overspeeding,major,3,2,0,,0.45
14382,Chennai,Tamil Nadu,12.891836,80.196124,2024-10-25,17:00,17,Friday,0,highway,4,1,fog,low,30,high,poor road,major,3,0,1,,0.8
14392,Chennai,Tamil Nadu,12.884653,80.143177,2022-01-29,0:00,0,Saturday,1,highway,5,0,rain,medium,40,medium,drunk driving,minor,1,0,0,,0.25
14402,Chennai,Tamil Nadu,12.921164,80.228145,2023-05-01,18:00,18,Monday,0,urban,1,1,fog,low,28,medium,drunk driving,fatal,4,4,1,,0.8
14405,Chennai,Tamil Nadu,12.91112,80.204511,2023-08-08,19:00,19,Tuesday,0,rural,3,0,fog,low,24,medium,weather,minor,3,3,1,,0.6
14429,Chennai,Tamil Nadu,13.029565,80.224152,2023-06-18,18:00,18,Sunday,1,urban,4,0,clear,high,21,high,drunk driving,minor,5,2,1,,0.45
14433,Chennai,Tamil Nadu,13.164782,80.18063,2022-09-01,13:00,13,Thursday,0,rural,1,1,fog,low,25,high,poor road,minor,2,2,0,,0.65
14435,Chennai,Tamil Nadu,12.937817,80.143175,2022-06-15,11:00,11,Wednesday,0,urban,1,1,clear,high,19,high,overspeeding,minor,2,0,0,,0.3
14448,Chennai,Tamil Nadu,12.823168,80.230318,2024-03-24,4:00,4,Sunday,1,highway,4,1,fog,low,21,low,overspeeding,minor,4,2,0,,0.45
14465,Chennai,Tamil Nadu,13.05718,80.135709,2023-10-25,14:00,14,Wednesday,0,rural,2,1,rain,low,28,high,weather,major,2,1,0,,0.65
14475,Chennai,Tamil Nadu,12.830601,80.14151,2025-01-04,17:00,17,Saturday,1,urban,2,1,fog,low,26,low,overspeeding,minor,2,1,1,,0.6
14487,Chennai,Tamil Nadu,13.187995,80.215274,2024-01-14,15:00,15,Sunday,1,urban,3,1,fog,low,18,high,weather,fatal,4,4,0,,0.85
14495,Chennai,Tamil Nadu,12.810815,80.25759,2024-05-24,19:00,19,Friday,0,rural,3,1,clear,high,40,high,overspeeding,minor,3,3,1,,0.45
14518,Chennai,Tamil Nadu,12.871762,80.175839,2022-11-25,13:00,13,Friday,0,urban,6,1,clear,high,17,high,distraction,minor,2,1,0,,0.3
14532,Chennai,Tamil Nadu,12.876382,80.267796,2024-05-19,2:00,2,Sunday,1,highway,3,0,fog,low,21,low,overspeeding,minor,4,4,0,,0.45
14538,Chennai,Tamil Nadu,12.838685,80.249522,2022-02-17,2:00,2,Thursday,0,rural,6,0,rain,medium,36,low,poor road,minor,1,1,0,,0.25
14559,Chennai,Tamil Nadu,12.92188,80.148539,2023-03-21,12:00,12,Tuesday,0,urban,1,1,rain,medium,30,high,drunk driving,minor,3,1,0,,0.45
14562,Chennai,Tamil Nadu,13.193015,80.260448,2023-11-29,11:00,11,Wednesday,0,highway,2,0,fog,low,25,medium,poor road,minor,2,2,0,,0.45
14579,Chennai,Tamil Nadu,12.96731,80.234345,2022-05-21,20:00,20,Saturday,1,urban,4,1,rain,medium,17,medium,poor road,minor,4,0,0,,0.25
14588,Chennai,Tamil Nadu,12.915714,80.290729,2022-01-14,5:00,5,Friday,0,urban,5,0,fog,low,36,low,poor road,minor,1,0,0,,0.45
14614,Chennai,Tamil Nadu,13.09512,80.128594,2022-01-13,5:00,5,Thursday,0,rural,4,0,fog,low,37,low,poor road,minor,1,1,0,,0.45
14618,Chennai,Tamil Nadu,13.078772,80.230615,2022-10-16,20:00,20,Sunday,1,highway,5,0,rain,medium,21,medium,drunk driving,minor,1,1,0,,0.25
14623,Chennai,Tamil Nadu,12.996277,80.262176,2024-04-01,21:00,21,Monday,0,highway,2,1,fog,low,35,medium,drunk driving,minor,3,0,0,,0.45
14652,Chennai,Tamil Nadu,12.893692,80.279595,2025-02-25,6:00,6,Tuesday,0,rural,3,0,clear,high,40,high,overspeeding,minor,3,0,0,,0.3
14654,Chennai,Tamil Nadu,13.131725,80.124711,2022-12-28,9:00,9,Wednesday,0,highway,6,1,fog,low,19,high,distraction,minor,1,0,1,,0.8
14655,Chennai,Tamil Nadu,12.985741,80.220575,2023-02-27,14:00,14,Monday,0,rural,2,0,fog,low,30,medium,overspeeding,minor,5,4,0,,0.45
14656,Chennai,Tamil Nadu,13.101753,80.155609,2022-11-23,14:00,14,Wednesday,0,rural,5,0,fog,low,32,medium,poor road,major,4,1,0,,0.45
14666,Chennai,Tamil Nadu,12.850283,80.25296,2024-10-27,8:00,8,Sunday,1,rural,4,1,rain,medium,39,medium,distraction,major,1,0,1,,0.4
14668,Chennai,Tamil Nadu,12.811172,80.106982,2024-08-16,13:00,13,Friday,0,urban,2,1,rain,medium,38,low,poor road,minor,3,3,0,,0.25
14675,Chennai,Tamil Nadu,13.142263,80.268495,2024-01-27,1:00,1,Saturday,1,urban,6,0,rain,low,32,high,distraction,major,3,2,0,,0.65
14684,Chennai,Tamil Nadu,12.801218,80.196291,2022-08-26,5:00,5,Friday,0,highway,2,1,fog,low,22,medium,distraction,minor,1,1,0,,0.45
14687,Chennai,Tamil Nadu,13.058866,80.265862,2023-03-13,22:00,22,Monday,0,urban,1,0,clear,high,15,high,poor road,fatal,4,4,0,,0.5
14693,Chennai,Tamil Nadu,13.125692,80.200039,2024-10-23,2:00,2,Wednesday,0,highway,5,0,rain,low,22,low,distraction,major,1,0,0,,0.45
14712,Chennai,Tamil Nadu,12.890401,80.143826,2024-03-07,12:00,12,Thursday,0,highway,3,0,fog,low,17,high,distraction,major,5,4,0,,0.65
14713,Chennai,Tamil Nadu,13.117704,80.262145,2022-05-01,18:00,18,Sunday,1,rural,3,0,clear,high,28,medium,weather,minor,4,0,1,,0.25
14717,Chennai,Tamil Nadu,13.121409,80.107424,2022-04-07,5:00,5,Thursday,0,rural,3,1,rain,low,34,high,drunk driving,minor,2,0,0,,0.65
14718,Chennai,Tamil Nadu,13.098505,80.164431,2022-02-12,6:00,6,Saturday,1,rural,5,1,fog,low,36,medium,poor road,minor,2,2,0,,0.45
14740,Chennai,Tamil Nadu,13.185296,80.172299,2022-07-13,5:00,5,Wednesday,0,highway,3,0,rain,medium,37,medium,drunk driving,fatal,5,5,0,,0.45
14743,Chennai,Tamil Nadu,13.012062,80.293363,2024-08-17,20:00,20,Saturday,1,rural,2,0,rain,low,40,high,weather,major,1,1,0,,0.65
14748,Chennai,Tamil Nadu,13.168976,80.21759,2022-04-27,5:00,5,Wednesday,0,highway,5,1,rain,medium,35,high,weather,major,2,0,0,,0.45
14753,Chennai,Tamil Nadu,13.014112,80.233219,2022-01-22,6:00,6,Saturday,1,rural,6,0,fog,low,26,low,distraction,minor,2,0,0,,0.45
14757,Chennai,Tamil Nadu,13.130378,80.210402,2025-01-14,19:00,19,Tuesday,0,highway,1,1,fog,low,21,high,poor road,major,3,3,1,,0.8
14759,Chennai,Tamil Nadu,13.170934,80.236157,2023-11-21,20:00,20,Tuesday,0,urban,2,1,rain,low,31,high,overspeeding,minor,4,2,0,,0.65
14762,Chennai,Tamil Nadu,12.891806,80.187451,2023-10-12,23:00,23,Thursday,0,urban,6,1,clear,high,30,low,drunk driving,minor,3,3,0,,0.1
14779,Chennai,Tamil Nadu,12.869722,80.234261,2023-11-29,6:00,6,Wednesday,0,urban,4,1,clear,high,34,high,drunk driving,fatal,2,2,0,,0.5
14788,Chennai,Tamil Nadu,13.197202,80.111838,2024-05-05,9:00,9,Sunday,1,highway,4,0,fog,low,18,high,weather,minor,2,0,1,,0.8
14810,Chennai,Tamil Nadu,12.88667,80.21678,2022-12-07,5:00,5,Wednesday,0,rural,4,0,rain,medium,15,high,distraction,major,3,1,0,,0.45
14819,Chennai,Tamil Nadu,13.075096,80.251033,2024-07-18,13:00,13,Thursday,0,highway,2,0,rain,low,37,high,drunk driving,minor,1,1,0,,0.65
14826,Chennai,Tamil Nadu,12.887818,80.193514,2023-06-12,10:00,10,Monday,0,urban,6,1,fog,low,22,high,drunk driving,minor,3,2,1,,0.8
14831,Chennai,Tamil Nadu,13.076951,80.268043,2024-02-08,3:00,3,Thursday,0,highway,2,1,rain,medium,25,low,distraction,major,3,1,0,,0.25
14858,Chennai,Tamil Nadu,12.948572,80.261677,2023-07-20,4:00,4,Thursday,0,highway,1,0,fog,low,26,medium,poor road,major,5,0,0,,0.45
14860,Chennai,Tamil Nadu,12.809652,80.255162,2024-06-03,13:00,13,Monday,0,rural,1,0,fog,low,22,medium,overspeeding,major,2,2,0,,0.45
14863,Chennai,Tamil Nadu,12.942968,80.277063,2022-09-20,7:00,7,Tuesday,0,urban,2,0,fog,low,35,medium,poor road,major,4,0,0,,0.45
14864,Chennai,Tamil Nadu,12.968336,80.120643,2024-08-09,7:00,7,Friday,0,highway,2,0,clear,high,29,low,poor road,minor,1,1,0,,0.1
14875,Chennai,Tamil Nadu,12.850028,80.191803,2022-05-06,13:00,13,Friday,0,rural,4,0,clear,high,29,low,weather,minor,5,3,0,,0.1
14891,Chennai,Tamil Nadu,13.014094,80.235826,2024-12-13,22:00,22,Friday,0,urban,4,1,clear,high,22,low,poor road,minor,5,2,0,,0.1
14900,Chennai,Tamil Nadu,13.108862,80.262289,2023-08-13,6:00,6,Sunday,1,highway,4,0,rain,medium,40,low,poor road,fatal,5,5,0,,0.45
14904,Chennai,Tamil Nadu,13.142371,80.275348,2022-06-25,6:00,6,Saturday,1,urban,6,0,clear,high,32,high,weather,minor,4,2,0,,0.3
14905,Chennai,Tamil Nadu,13.032528,80.279551,2022-01-27,17:00,17,Thursday,0,highway,3,1,clear,high,30,medium,distraction,major,1,1,1,,0.25
14906,Chennai,Tamil Nadu,12.8951,80.115992,2024-04-14,4:00,4,Sunday,1,highway,6,0,clear,high,16,low,distraction,minor,2,0,0,,0.1
14912,Chennai,Tamil Nadu,13.002041,80.281399,2022-09-14,4:00,4,Wednesday,0,rural,4,1,clear,high,18,medium,overspeeding,minor,3,2,0,,0.1
14914,Chennai,Tamil Nadu,13.02471,80.240896,2023-11-13,7:00,7,Monday,0,highway,4,1,fog,low,17,low,drunk driving,major,2,0,0,,0.45
14915,Chennai,Tamil Nadu,13.011333,80.20639,2023-10-07,17:00,17,Saturday,1,urban,6,1,rain,low,31,high,distraction,minor,2,0,1,,0.8
14936,Chennai,Tamil Nadu,12.888235,80.289915,2024-12-18,18:00,18,Wednesday,0,highway,3,1,clear,high,16,medium,distraction,minor,3,3,1,,0.25
14946,Chennai,Tamil Nadu,13.085631,80.152039,2022-12-14,10:00,10,Wednesday,0,highway,1,1,rain,medium,22,medium,distraction,major,2,1,1,,0.4
14966,Chennai,Tamil Nadu,13.010786,80.25302,2024-04-04,5:00,5,Thursday,0,urban,2,0,fog,low,37,medium,drunk driving,minor,5,1,0,,0.45
14978,Chennai,Tamil Nadu,13.195567,80.10394,2022-08-11,23:00,23,Thursday,0,highway,1,1,rain,medium,21,low,distraction,major,4,0,0,,0.25
14981,Chennai,Tamil Nadu,12.842082,80.21975,2024-12-10,17:00,17,Tuesday,0,rural,5,1,fog,low,25,high,poor road,minor,1,1,1,,0.8
14985,Chennai,Tamil Nadu,12.810635,80.272388,2023-05-06,18:00,18,Saturday,1,urban,6,0,clear,high,19,high,weather,major,3,2,1,,0.45
15018,Chennai,Tamil Nadu,13.02641,80.190833,2022-07-21,19:00,19,Thursday,0,urban,1,1,rain,medium,17,medium,overspeeding,minor,4,3,1,,0.4
15020,Chennai,Tamil Nadu,13.137159,80.299944,2023-07-19,16:00,16,Wednesday,0,highway,2,0,clear,high,32,low,overspeeding,major,5,2,0,,0.1
15023,Chennai,Tamil Nadu,13.086777,80.163297,2022-05-26,18:00,18,Thursday,0,urban,5,1,clear,high,40,low,distraction,minor,1,1,1,,0.25
15025,Chennai,Tamil Nadu,12.933516,80.230036,2023-08-05,7:00,7,Saturday,1,rural,1,0,rain,low,21,high,overspeeding,major,3,1,0,,0.65
15029,Chennai,Tamil Nadu,13.111892,80.134878,2024-05-09,20:00,20,Thursday,0,highway,4,1,rain,low,16,medium,drunk driving,minor,2,0,0,,0.45
15032,Chennai,Tamil Nadu,13.186232,80.210351,2023-12-15,5:00,5,Friday,0,rural,1,0,clear,high,15,low,weather,major,4,0,0,,0.1
15044,Chennai,Tamil Nadu,12.960448,80.226851,2024-08-21,17:00,17,Wednesday,0,highway,5,1,rain,medium,18,high,drunk driving,minor,4,2,1,,0.6
15046,Chennai,Tamil Nadu,12.958422,80.16674,2023-03-30,21:00,21,Thursday,0,rural,5,1,rain,low,19,medium,distraction,fatal,1,1,0,,0.65
15048,Chennai,Tamil Nadu,12.818957,80.118459,2023-11-01,3:00,3,Wednesday,0,highway,4,1,fog,low,21,low,weather,major,4,4,0,,0.45
15054,Chennai,Tamil Nadu,13.119351,80.149221,2024-04-21,8:00,8,Sunday,1,urban,2,1,fog,low,20,medium,poor road,minor,3,3,1,,0.6
15069,Chennai,Tamil Nadu,12.918618,80.265582,2023-09-15,11:00,11,Friday,0,rural,5,1,clear,high,40,high,overspeeding,minor,3,0,0,,0.3
15082,Chennai,Tamil Nadu,12.876471,80.188374,2022-08-30,17:00,17,Tuesday,0,rural,1,1,fog,low,18,medium,drunk driving,minor,4,0,1,,0.6
15084,Chennai,Tamil Nadu,12.830023,80.145382,2022-09-26,17:00,17,Monday,0,urban,4,0,clear,high,35,medium,weather,fatal,3,3,1,,0.45
15086,Chennai,Tamil Nadu,13.117888,80.234359,2022-11-01,6:00,6,Tuesday,0,rural,6,1,clear,high,40,low,distraction,minor,2,1,0,,0.1
15092,Chennai,Tamil Nadu,12.806614,80.293066,2024-06-04,1:00,1,Tuesday,0,rural,3,1,clear,high,27,low,distraction,major,4,0,0,,0.1
15100,Chennai,Tamil Nadu,12.862939,80.24123,2023-01-14,20:00,20,Saturday,1,urban,2,0,clear,high,38,medium,weather,major,4,4,0,,0.1
15104,Chennai,Tamil Nadu,12.95565,80.125308,2022-02-06,17:00,17,Sunday,1,rural,4,1,fog,low,19,medium,overspeeding,minor,3,0,1,,0.6
15110,Chennai,Tamil Nadu,12.801996,80.156999,2022-11-22,9:00,9,Tuesday,0,urban,4,0,clear,high,20,high,drunk driving,minor,4,3,1,,0.45
15114,Chennai,Tamil Nadu,12.857907,80.153369,2024-12-10,23:00,23,Tuesday,0,rural,4,0,rain,medium,20,high,drunk driving,minor,2,1,0,,0.45
15121,Chennai,Tamil Nadu,12.883651,80.165502,2024-03-24,13:00,13,Sunday,1,highway,5,0,clear,high,31,medium,overspeeding,minor,4,1,0,,0.1
15152,Chennai,Tamil Nadu,13.008102,80.163526,2024-04-14,8:00,8,Sunday,1,urban,4,0,clear,high,19,medium,overspeeding,fatal,5,5,1,,0.45
15155,Chennai,Tamil Nadu,12.923608,80.226417,2022-10-03,0:00,0,Monday,0,rural,4,1,rain,low,37,high,poor road,minor,5,5,0,,0.65
15157,Chennai,Tamil Nadu,13.163492,80.195077,2023-07-24,2:00,2,Monday,0,rural,2,0,fog,low,24,low,distraction,fatal,2,2,0,,0.65
15161,Chennai,Tamil Nadu,12.887717,80.179216,2022-02-19,2:00,2,Saturday,1,urban,2,1,clear,high,36,low,weather,minor,1,1,0,,0.1
15163,Chennai,Tamil Nadu,12.983207,80.186019,2022-07-04,9:00,9,Monday,0,urban,5,1,clear,high,30,low,distraction,minor,4,2,1,,0.25
15166,Chennai,Tamil Nadu,12.955431,80.220658,2024-02-04,12:00,12,Sunday,1,rural,4,0,fog,low,36,high,drunk driving,fatal,1,1,0,,0.85
15179,Chennai,Tamil Nadu,12.865384,80.159664,2025-01-24,17:00,17,Friday,0,highway,2,1,rain,medium,39,medium,poor road,major,2,2,1,,0.4
15185,Chennai,Tamil Nadu,13.078326,80.298377,2023-01-29,16:00,16,Sunday,1,highway,1,0,clear,high,34,low,weather,minor,1,1,0,,0.1
15214,Chennai,Tamil Nadu,12.821203,80.13778,2025-04-01,15:00,15,Tuesday,0,urban,3,1,clear,high,16,high,drunk driving,minor,3,1,0,,0.3
15223,Chennai,Tamil Nadu,13.16468,80.149857,2023-11-26,11:00,11,Sunday,1,rural,4,1,clear,high,15,medium,distraction,minor,1,1,0,,0.1
15227,Chennai,Tamil Nadu,12.816609,80.112288,2023-01-04,1:00,1,Wednesday,0,urban,3,0,clear,high,35,high,weather,major,3,0,0,,0.3
15229,Chennai,Tamil Nadu,13.191099,80.2506,2023-12-10,12:00,12,Sunday,1,rural,5,0,clear,high,30,low,overspeeding,minor,3,0,0,,0.1
15251,Chennai,Tamil Nadu,13.046644,80.218301,2022-04-26,7:00,7,Tuesday,0,highway,5,0,clear,high,28,low,distraction,minor,1,1,0,,0.1
15261,Chennai,Tamil Nadu,13.137664,80.101653,2023-08-17,7:00,7,Thursday,0,highway,4,0,fog,low,33,high,weather,minor,5,2,0,,0.65
15280,Chennai,Tamil Nadu,12.893498,80.161096,2022-05-12,19:00,19,Thursday,0,rural,5,1,rain,low,35,high,weather,major,3,2,1,,0.8
15300,Chennai,Tamil Nadu,12.804217,80.222019,2022-09-05,4:00,4,Monday,0,urban,1,1,fog,low,28,low,drunk driving,minor,5,1,0,,0.45
15305,Chennai,Tamil Nadu,13.00938,80.222105,2024-11-13,21:00,21,Wednesday,0,rural,6,0,fog,low,38,medium,distraction,major,2,0,0,,0.45
15315,Chennai,Tamil Nadu,13.164668,80.257302,2022-07-14,16:00,16,Thursday,0,urban,5,0,clear,high,33,high,weather,minor,4,4,0,,0.3
15317,Chennai,Tamil Nadu,13.006454,80.28,2022-12-18,21:00,21,Sunday,1,rural,4,1,rain,medium,37,medium,distraction,major,3,1,0,,0.25
15320,Chennai,Tamil Nadu,12.974968,80.169045,2024-12-14,4:00,4,Saturday,1,highway,4,1,rain,medium,29,medium,poor road,minor,2,1,0,,0.25
15324,Chennai,Tamil Nadu,13.047732,80.181312,2024-02-20,9:00,9,Tuesday,0,rural,1,1,fog,low,24,high,poor road,minor,4,2,1,,0.8
15327,Chennai,Tamil Nadu,13.083746,80.225425,2022-05-13,5:00,5,Friday,0,urban,5,1,rain,low,15,high,distraction,major,2,2,0,,0.65
15343,Chennai,Tamil Nadu,13.195995,80.247978,2023-02-17,11:00,11,Friday,0,urban,4,0,rain,low,16,high,poor road,minor,4,1,0,,0.65
15367,Chennai,Tamil Nadu,12.914521,80.223339,2025-04-11,8:00,8,Friday,0,highway,4,0,clear,high,24,high,overspeeding,minor,2,0,1,,0.45
15374,Chennai,Tamil Nadu,12.991821,80.299229,2024-02-04,5:00,5,Sunday,1,highway,4,0,fog,low,34,high,poor road,fatal,5,5,0,,0.85
15392,Chennai,Tamil Nadu,12.863243,80.15837,2023-02-27,17:00,17,Monday,0,urban,2,1,fog,low,24,high,weather,minor,5,4,1,,0.8
15398,Chennai,Tamil Nadu,13.182986,80.204255,2022-10-27,18:00,18,Thursday,0,rural,4,0,rain,low,15,high,overspeeding,fatal,3,3,1,,1.0
15406,Chennai,Tamil Nadu,12.920124,80.109919,2023-01-31,9:00,9,Tuesday,0,rural,1,0,rain,low,18,medium,overspeeding,minor,3,1,1,,0.6
15411,Chennai,Tamil Nadu,12.972874,80.12903,2022-06-12,9:00,9,Sunday,1,rural,3,0,clear,high,29,high,poor road,minor,2,2,1,,0.45
15413,Chennai,Tamil Nadu,12.991017,80.109462,2022-11-27,20:00,20,Sunday,1,urban,5,0,clear,high,30,low,weather,fatal,5,5,0,,0.3
15415,Chennai,Tamil Nadu,12.88067,80.143687,2022-10-30,13:00,13,Sunday,1,highway,2,1,clear,high,17,medium,distraction,minor,4,3,0,,0.1
15425,Chennai,Tamil Nadu,12.9831,80.282037,2022-09-14,15:00,15,Wednesday,0,urban,2,0,fog,low,30,low,drunk driving,minor,2,0,0,,0.45
15426,Chennai,Tamil Nadu,13.183587,80.263581,2022-05-23,2:00,2,Monday,0,urban,6,1,clear,high,37,low,distraction,fatal,5,5,0,,0.3
15428,Chennai,Tamil Nadu,13.013041,80.159,2023-05-11,8:00,8,Thursday,0,highway,6,0,rain,medium,17,medium,poor road,major,4,2,1,,0.4
15431,Chennai,Tamil Nadu,12.884422,80.152359,2023-12-26,5:00,5,Tuesday,0,urban,2,1,rain,medium,37,high,distraction,minor,2,0,0,,0.45
15437,Chennai,Tamil Nadu,12.909236,80.202712,2022-11-08,22:00,22,Tuesday,0,urban,2,1,fog,low,22,low,overspeeding,minor,3,1,0,,0.45
15439,Chennai,Tamil Nadu,13.188013,80.109279,2024-10-25,8:00,8,Friday,0,urban,6,1,fog,low,34,high,drunk driving,minor,3,0,1,,0.8
15441,Chennai,Tamil Nadu,13.159481,80.271551,2022-05-12,15:00,15,Thursday,0,rural,4,1,fog,low,30,high,poor road,minor,3,2,0,,0.65
15442,Chennai,Tamil Nadu,12.817729,80.229107,2024-09-23,19:00,19,Monday,0,urban,2,0,rain,low,20,medium,overspeeding,major,2,2,1,,0.6
15444,Chennai,Tamil Nadu,12.901662,80.196219,2022-05-15,5:00,5,Sunday,1,highway,5,1,rain,medium,32,low,weather,fatal,2,2,0,,0.45
15450,Chennai,Tamil Nadu,12.893705,80.20836,2023-03-25,20:00,20,Saturday,1,urban,6,0,rain,medium,19,high,weather,minor,1,0,0,,0.45
15456,Chennai,Tamil Nadu,12.802317,80.102702,2022-04-22,7:00,7,Friday,0,rural,1,0,clear,high,17,medium,distraction,minor,1,1,0,,0.1
15462,Chennai,Tamil Nadu,13.037331,80.168016,2022-04-30,12:00,12,Saturday,1,highway,5,0,fog,low,38,low,weather,minor,3,2,0,,0.45
15464,Chennai,Tamil Nadu,12.952301,80.220096,2024-04-04,22:00,22,Thursday,0,highway,6,0,clear,high,37,high,weather,minor,1,1,0,,0.3
15474,Chennai,Tamil Nadu,13.058756,80.195367,2022-03-02,22:00,22,Wednesday,0,rural,2,0,rain,low,19,medium,poor road,fatal,2,2,0,,0.65
15479,Chennai,Tamil Nadu,12.987576,80.124527,2022-01-22,17:00,17,Saturday,1,rural,2,1,rain,medium,30,low,poor road,minor,3,1,1,,0.4
15480,Chennai,Tamil Nadu,13.092675,80.222162,2022-08-06,5:00,5,Saturday,1,highway,5,0,clear,high,32,high,poor road,major,4,1,0,,0.3
15482,Chennai,Tamil Nadu,13.025235,80.243186,2022-05-16,17:00,17,Monday,0,highway,1,0,fog,low,39,high,weather,major,1,1,1,,0.8
15486,Chennai,Tamil Nadu,12.813021,80.170097,2022-02-02,6:00,6,Wednesday,0,highway,3,0,rain,medium,16,high,drunk driving,minor,5,5,0,,0.45
15489,Chennai,Tamil Nadu,12.96724,80.189785,2023-10-19,9:00,9,Thursday,0,highway,5,0,clear,high,22,high,drunk driving,minor,1,0,1,,0.45
15490,Chennai,Tamil Nadu,12.916065,80.11553,2022-03-11,11:00,11,Friday,0,rural,4,1,fog,low,17,high,weather,fatal,5,5,0,,0.85
15495,Chennai,Tamil Nadu,13.034513,80.280161,2024-03-10,23:00,23,Sunday,1,rural,3,0,clear,high,30,low,overspeeding,minor,5,1,0,,0.1
15499,Chennai,Tamil Nadu,12.965526,80.22029,2022-08-25,1:00,1,Thursday,0,highway,2,1,clear,high,33,low,poor road,major,4,4,0,,0.1
15502,Chennai,Tamil Nadu,13.029983,80.179607,2024-06-21,23:00,23,Friday,0,urban,3,0,clear,high,38,medium,drunk driving,major,2,1,0,,0.1
15509,Chennai,Tamil Nadu,13.141626,80.204147,2024-01-23,7:00,7,Tuesday,0,highway,6,0,fog,low,36,medium,overspeeding,minor,2,1,0,,0.45
15544,Chennai,Tamil Nadu,13.167549,80.13751,2022-11-05,10:00,10,Saturday,1,rural,6,0,fog,low,33,medium,overspeeding,major,2,1,1,,0.6
15557,Chennai,Tamil Nadu,12.861949,80.148359,2022-06-08,6:00,6,Wednesday,0,rural,2,0,rain,medium,38,high,weather,major,1,0,0,,0.45
15573,Chennai,Tamil Nadu,13.054212,80.167588,2022-07-28,5:00,5,Thursday,0,rural,5,0,rain,medium,19,high,distraction,minor,5,0,0,,0.45
15577,Chennai,Tamil Nadu,12.848007,80.20793,2023-08-13,5:00,5,Sunday,1,highway,3,1,clear,high,24,low,weather,fatal,3,3,0,,0.3
15589,Chennai,Tamil Nadu,12.997809,80.156798,2024-12-01,14:00,14,Sunday,1,rural,1,0,rain,low,34,medium,drunk driving,major,3,0,0,,0.45
15592,Chennai,Tamil Nadu,13.018973,80.157542,2025-03-27,4:00,4,Thursday,0,urban,4,0,rain,low,28,low,distraction,major,4,3,0,,0.45
15602,Chennai,Tamil Nadu,13.160185,80.204003,2022-10-25,15:00,15,Tuesday,0,urban,4,0,rain,medium,29,low,poor road,minor,1,0,0,,0.25
15605,Chennai,Tamil Nadu,13.198772,80.161101,2022-11-16,1:00,1,Wednesday,0,rural,5,0,clear,high,24,low,poor road,minor,3,1,0,,0.1
15607,Chennai,Tamil Nadu,13.106466,80.155149,2025-03-15,11:00,11,Saturday,1,urban,6,1,fog,low,20,high,weather,minor,2,1,0,,0.65
15628,Chennai,Tamil Nadu,12.883625,80.275326,2023-10-25,16:00,16,Wednesday,0,highway,1,1,fog,low,40,low,drunk driving,minor,4,3,0,,0.45
15633,Chennai,Tamil Nadu,13.158392,80.100144,2023-03-19,7:00,7,Sunday,1,rural,4,0,clear,high,26,high,drunk driving,fatal,4,4,0,,0.5
15643,Chennai,Tamil Nadu,12.819596,80.151577,2024-12-16,17:00,17,Monday,0,highway,5,0,clear,high,35,low,weather,minor,2,0,1,,0.25
15658,Chennai,Tamil Nadu,12.890577,80.10972,2022-05-05,10:00,10,Thursday,0,rural,4,1,rain,medium,35,high,poor road,major,4,2,1,,0.6
15666,Chennai,Tamil Nadu,12.919245,80.232077,2023-10-31,7:00,7,Tuesday,0,urban,3,0,fog,low,22,medium,poor road,major,3,3,0,,0.45
15679,Chennai,Tamil Nadu,13.070323,80.136761,2023-08-14,18:00,18,Monday,0,highway,4,1,clear,high,22,high,overspeeding,major,3,2,1,,0.45
15683,Chennai,Tamil Nadu,13.024168,80.170508,2024-11-05,12:00,12,Tuesday,0,urban,6,1,clear,high,37,high,weather,major,4,4,0,,0.3
15684,Chennai,Tamil Nadu,13.078194,80.273055,2024-08-18,17:00,17,Sunday,1,highway,6,0,rain,medium,38,high,distraction,major,2,2,1,,0.6
15721,Chennai,Tamil Nadu,12.866792,80.144502,2023-06-19,21:00,21,Monday,0,highway,5,0,clear,high,32,medium,drunk driving,major,5,2,0,,0.1
15724,Chennai,Tamil Nadu,13.104147,80.167077,2022-11-21,23:00,23,Monday,0,urban,1,1,fog,low,28,high,drunk driving,minor,5,5,0,,0.65
15742,Chennai,Tamil Nadu,12.909653,80.186383,2023-08-11,0:00,0,Friday,0,rural,3,0,clear,high,33,low,distraction,fatal,2,2,0,,0.3
15747,Chennai,Tamil Nadu,12.974692,80.255887,2023-11-30,18:00,18,Thursday,0,highway,2,1,clear,high,35,medium,overspeeding,minor,5,1,1,,0.25
15754,Chennai,Tamil Nadu,13.097721,80.137652,2023-02-25,17:00,17,Saturday,1,rural,1,1,rain,medium,34,high,weather,minor,1,0,1,,0.6
15783,Chennai,Tamil Nadu,12.99929,80.230672,2023-11-20,0:00,0,Monday,0,rural,1,1,fog,low,35,low,drunk driving,minor,5,0,0,,0.45
15790,Chennai,Tamil Nadu,13.167796,80.203502,2022-11-29,17:00,17,Tuesday,0,urban,2,0,fog,low,32,high,overspeeding,fatal,5,5,1,,1.0
15797,Chennai,Tamil Nadu,12.892181,80.12953,2022-06-22,13:00,13,Wednesday,0,rural,3,1,fog,low,40,low,distraction,major,2,2,0,,0.45
15801,Chennai,Tamil Nadu,12.918454,80.116294,2023-12-08,15:00,15,Friday,0,urban,6,1,fog,low,15,high,overspeeding,minor,4,0,0,,0.65
15803,Chennai,Tamil Nadu,12.871169,80.112055,2022-04-21,18:00,18,Thursday,0,urban,5,1,clear,high,25,medium,drunk driving,minor,3,1,1,,0.25
15812,Chennai,Tamil Nadu,13.017884,80.180292,2024-02-20,1:00,1,Tuesday,0,highway,4,0,fog,low,38,low,weather,minor,2,0,0,,0.45
15819,Chennai,Tamil Nadu,12.895781,80.165828,2022-03-07,14:00,14,Monday,0,rural,2,0,clear,high,36,high,poor road,minor,5,2,0,,0.3
15833,Chennai,Tamil Nadu,12.801191,80.288122,2024-05-03,18:00,18,Friday,0,highway,5,1,fog,low,24,high,distraction,major,2,1,1,,0.8
15845,Chennai,Tamil Nadu,13.094786,80.130328,2023-08-29,10:00,10,Tuesday,0,highway,3,0,rain,medium,25,high,distraction,minor,3,1,1,,0.6
15846,Chennai,Tamil Nadu,13.193955,80.193922,2024-11-18,14:00,14,Monday,0,highway,3,1,fog,low,37,low,overspeeding,major,4,3,0,,0.45
15851,Chennai,Tamil Nadu,12.979471,80.198665,2023-04-23,11:00,11,Sunday,1,urban,1,1,clear,high,37,high,weather,minor,5,3,0,,0.3
15854,Chennai,Tamil Nadu,12.869385,80.115294,2022-09-21,7:00,7,Wednesday,0,highway,4,0,rain,low,17,medium,overspeeding,minor,1,1,0,,0.45
15872,Chennai,Tamil Nadu,12.996411,80.115814,2022-06-10,23:00,23,Friday,0,urban,5,0,rain,medium,18,medium,drunk driving,major,1,1,0,,0.25
15878,Chennai,Tamil Nadu,12.881856,80.158849,2024-07-04,20:00,20,Thursday,0,urban,1,0,clear,high,34,medium,overspeeding,minor,2,2,0,,0.1
15879,Chennai,Tamil Nadu,12.832924,80.104734,2022-05-07,7:00,7,Saturday,1,rural,2,0,fog,low,28,high,weather,minor,5,0,0,,0.65
15880,Chennai,Tamil Nadu,13.100474,80.22328,2022-06-02,18:00,18,Thursday,0,rural,1,1,clear,high,35,high,distraction,minor,3,0,1,,0.45
15883,Chennai,Tamil Nadu,12.805075,80.27142,2022-01-10,19:00,19,Monday,0,rural,1,0,fog,low,17,medium,weather,minor,5,0,1,,0.6
15885,Chennai,Tamil Nadu,12.915258,80.278309,2024-10-09,1:00,1,Wednesday,0,urban,2,0,rain,low,31,low,weather,minor,1,0,0,,0.45
15919,Chennai,Tamil Nadu,13.091861,80.159561,2023-12-04,3:00,3,Monday,0,highway,2,1,rain,low,19,low,poor road,minor,4,3,0,,0.45
15931,Chennai,Tamil Nadu,13.09198,80.160893,2024-10-24,19:00,19,Thursday,0,urban,5,0,clear,high,26,medium,distraction,minor,1,1,1,,0.25
15941,Chennai,Tamil Nadu,13.058442,80.119815,2022-08-16,11:00,11,Tuesday,0,rural,6,0,fog,low,22,medium,poor road,major,1,0,0,,0.45
15944,Chennai,Tamil Nadu,13.09258,80.220451,2022-05-10,17:00,17,Tuesday,0,urban,1,1,fog,low,29,low,poor road,minor,3,2,1,,0.6
15947,Chennai,Tamil Nadu,13.193687,80.256982,2023-02-24,18:00,18,Friday,0,highway,1,1,rain,low,35,high,distraction,minor,4,1,1,,0.8
15952,Chennai,Tamil Nadu,12.845553,80.2981,2025-04-12,16:00,16,Saturday,1,rural,1,1,rain,medium,38,low,overspeeding,minor,2,1,0,,0.25
15964,Chennai,Tamil Nadu,13.191212,80.118254,2022-01-08,19:00,19,Saturday,1,rural,6,0,rain,low,29,medium,drunk driving,major,5,3,1,,0.6
15970,Chennai,Tamil Nadu,12.801016,80.217138,2022-03-06,7:00,7,Sunday,1,urban,3,1,clear,high,17,low,weather,major,3,1,0,,0.1
15975,Chennai,Tamil Nadu,12.897537,80.211553,2022-10-05,9:00,9,Wednesday,0,rural,3,0,clear,high,29,medium,weather,minor,1,0,1,,0.25
15979,Chennai,Tamil Nadu,13.092675,80.267006,2025-01-12,12:00,12,Sunday,1,highway,1,0,clear,high,40,medium,distraction,minor,5,3,0,,0.1
16035,Chennai,Tamil Nadu,13.092817,80.156688,2022-12-16,1:00,1,Friday,0,highway,3,0,rain,low,30,low,distraction,major,4,4,0,,0.45
16045,Chennai,Tamil Nadu,13.006897,80.271778,2023-09-14,6:00,6,Thursday,0,rural,4,1,clear,high,16,low,drunk driving,major,1,0,0,,0.1
16053,Chennai,Tamil Nadu,13.195516,80.292707,2023-12-28,9:00,9,Thursday,0,urban,5,0,fog,low,27,medium,drunk driving,minor,4,4,1,,0.6
16054,Chennai,Tamil Nadu,12.838863,80.153621,2023-11-23,10:00,10,Thursday,0,highway,5,0,clear,high,21,high,overspeeding,minor,5,1,1,,0.45
16069,Chennai,Tamil Nadu,13.056556,80.108164,2022-07-18,23:00,23,Monday,0,rural,3,0,fog,low,24,low,poor road,minor,5,3,0,,0.45
16105,Chennai,Tamil Nadu,12.805184,80.24874,2023-05-11,13:00,13,Thursday,0,rural,5,0,clear,high,34,low,overspeeding,major,1,0,0,,0.1
16111,Chennai,Tamil Nadu,12.997024,80.172945,2025-01-11,1:00,1,Saturday,1,highway,1,0,rain,low,22,low,distraction,major,2,2,0,,0.45
16112,Chennai,Tamil Nadu,12.84512,80.206861,2024-09-06,16:00,16,Friday,0,rural,4,0,fog,low,39,low,distraction,minor,1,0,0,,0.45
16137,Chennai,Tamil Nadu,12.965475,80.114007,2024-03-07,12:00,12,Thursday,0,rural,4,1,rain,medium,36,medium,distraction,fatal,5,5,0,,0.45
16151,Chennai,Tamil Nadu,13.191128,80.119249,2022-06-11,11:00,11,Saturday,1,rural,6,1,clear,high,30,medium,poor road,minor,2,2,0,,0.1
16169,Chennai,Tamil Nadu,13.092315,80.279596,2024-01-02,2:00,2,Tuesday,0,highway,1,0,clear,high,25,low,weather,minor,2,1,0,,0.1
16174,Chennai,Tamil Nadu,13.121351,80.255185,2023-06-16,20:00,20,Friday,0,rural,4,0,rain,low,20,low,drunk driving,major,1,1,0,,0.45
16180,Chennai,Tamil Nadu,12.874943,80.165694,2024-05-08,10:00,10,Wednesday,0,highway,2,0,rain,low,22,high,drunk driving,major,5,3,1,,0.8
16189,Chennai,Tamil Nadu,13.03984,80.26039,2023-08-02,0:00,0,Wednesday,0,urban,6,1,fog,low,32,medium,overspeeding,fatal,5,5,0,,0.65
16198,Chennai,Tamil Nadu,13.137648,80.130647,2023-03-04,14:00,14,Saturday,1,rural,4,0,rain,low,23,low,overspeeding,minor,5,1,0,,0.45
16200,Chennai,Tamil Nadu,13.145224,80.102416,2024-12-22,6:00,6,Sunday,1,rural,2,1,fog,low,19,high,distraction,major,4,0,0,,0.65
16202,Chennai,Tamil Nadu,13.175368,80.174069,2023-03-03,18:00,18,Friday,0,urban,6,1,fog,low,38,medium,drunk driving,minor,5,4,1,,0.6
16217,Chennai,Tamil Nadu,13.040955,80.171113,2022-06-17,18:00,18,Friday,0,rural,2,0,fog,low,33,medium,drunk driving,minor,1,0,1,,0.6
16228,Chennai,Tamil Nadu,12.854054,80.227132,2022-01-10,6:00,6,Monday,0,highway,6,1,clear,high,18,medium,drunk driving,major,2,0,0,,0.1
16235,Chennai,Tamil Nadu,12.881778,80.282507,2023-01-23,9:00,9,Monday,0,rural,3,0,rain,medium,29,medium,poor road,minor,1,0,1,,0.4
16240,Chennai,Tamil Nadu,13.0851,80.221693,2024-08-15,19:00,19,Thursday,0,highway,2,0,rain,medium,40,high,poor road,minor,2,0,1,,0.6
16254,Chennai,Tamil Nadu,12.918631,80.15447,2023-09-19,7:00,7,Tuesday,0,highway,6,1,fog,low,24,low,weather,fatal,2,2,0,,0.65
16255,Chennai,Tamil Nadu,13.179648,80.205093,2024-01-11,10:00,10,Thursday,0,highway,1,1,rain,medium,38,medium,drunk driving,major,4,1,1,,0.4
16261,Chennai,Tamil Nadu,12.999259,80.108613,2024-03-22,5:00,5,Friday,0,highway,6,0,fog,low,29,low,distraction,minor,5,0,0,,0.45
16272,Chennai,Tamil Nadu,13.08861,80.276669,2022-03-08,17:00,17,Tuesday,0,urban,2,0,fog,low,15,medium,drunk driving,major,4,2,1,,0.6
16277,Chennai,Tamil Nadu,13.01833,80.254082,2023-08-17,23:00,23,Thursday,0,rural,1,1,rain,medium,26,high,distraction,minor,2,0,0,,0.45
16280,Chennai,Tamil Nadu,13.073636,80.162206,2023-12-04,12:00,12,Monday,0,rural,2,1,clear,high,32,high,overspeeding,major,1,1,0,,0.3
16282,Chennai,Tamil Nadu,13.178541,80.15651,2023-04-15,16:00,16,Saturday,1,highway,3,0,rain,medium,30,low,distraction,fatal,2,2,0,,0.45
16290,Chennai,Tamil Nadu,13.10105,80.245131,2025-03-19,4:00,4,Wednesday,0,highway,6,1,rain,medium,16,low,overspeeding,minor,3,1,0,,0.25
16310,Chennai,Tamil Nadu,13.155631,80.138789,2022-03-21,8:00,8,Monday,0,rural,3,0,fog,low,32,high,overspeeding,minor,4,4,1,,0.8
16313,Chennai,Tamil Nadu,12.911426,80.245373,2023-05-21,5:00,5,Sunday,1,rural,4,1,rain,medium,22,high,weather,minor,5,1,0,,0.45
16316,Chennai,Tamil Nadu,12.918566,80.215767,2023-01-16,20:00,20,Monday,0,urban,3,0,rain,low,40,high,drunk driving,minor,2,0,0,,0.65
16318,Chennai,Tamil Nadu,12.816235,80.257122,2024-12-08,7:00,7,Sunday,1,highway,5,1,fog,low,16,medium,overspeeding,fatal,1,1,0,,0.65
16327,Chennai,Tamil Nadu,12.815062,80.121472,2022-01-19,8:00,8,Wednesday,0,urban,2,0,fog,low,27,high,poor road,major,5,4,1,,0.8
16331,Chennai,Tamil Nadu,13.046575,80.244205,2022-11-22,15:00,15,Tuesday,0,highway,6,0,clear,high,34,high,weather,minor,1,0,0,,0.3
16334,Chennai,Tamil Nadu,12.882975,80.258976,2022-11-23,4:00,4,Wednesday,0,urban,3,0,clear,high,20,high,weather,minor,4,3,0,,0.3
16339,Chennai,Tamil Nadu,12.840434,80.180347,2022-12-07,5:00,5,Wednesday,0,rural,4,0,fog,low,20,high,overspeeding,minor,4,4,0,,0.65
16345,Chennai,Tamil Nadu,12.965741,80.225015,2022-03-13,3:00,3,Sunday,1,urban,4,0,clear,high,17,high,drunk driving,fatal,1,1,0,,0.5
16350,Chennai,Tamil Nadu,13.130248,80.129076,2022-03-06,8:00,8,Sunday,1,highway,6,1,fog,low,25,medium,poor road,major,3,1,1,,0.6
16354,Chennai,Tamil Nadu,13.125041,80.23071,2024-11-18,11:00,11,Monday,0,urban,1,1,rain,low,23,medium,poor road,minor,2,1,0,,0.45
16356,Chennai,Tamil Nadu,12.80541,80.202007,2022-03-25,16:00,16,Friday,0,urban,3,0,clear,high,20,high,poor road,fatal,3,3,0,,0.5
16364,Chennai,Tamil Nadu,13.107108,80.178339,2022-09-09,23:00,23,Friday,0,highway,6,0,rain,medium,33,medium,drunk driving,minor,5,2,0,,0.25
16365,Chennai,Tamil Nadu,12.98104,80.144686,2022-07-13,11:00,11,Wednesday,0,highway,1,1,clear,high,22,medium,drunk driving,fatal,1,1,0,,0.3
16366,Chennai,Tamil Nadu,13.079234,80.148653,2025-01-24,4:00,4,Friday,0,urban,4,1,fog,low,26,high,drunk driving,major,1,0,0,,0.65
16367,Chennai,Tamil Nadu,13.043837,80.199927,2023-05-09,23:00,23,Tuesday,0,rural,1,1,rain,low,18,high,drunk driving,minor,3,1,0,,0.65
16370,Chennai,Tamil Nadu,12.873403,80.173509,2022-09-11,4:00,4,Sunday,1,highway,1,0,clear,high,20,low,drunk driving,minor,5,2,0,,0.1
16376,Chennai,Tamil Nadu,12.849027,80.170492,2023-09-06,4:00,4,Wednesday,0,highway,5,1,clear,high,16,low,weather,minor,2,2,0,,0.1
16379,Chennai,Tamil Nadu,12.897717,80.146945,2023-09-07,21:00,21,Thursday,0,urban,2,0,rain,medium,26,low,weather,minor,3,2,0,,0.25
16384,Chennai,Tamil Nadu,12.972323,80.1764,2022-04-05,20:00,20,Tuesday,0,rural,5,0,fog,low,17,medium,overspeeding,major,5,5,0,,0.45
16386,Chennai,Tamil Nadu,13.101995,80.109353,2024-03-27,3:00,3,Wednesday,0,highway,1,1,fog,low,19,low,poor road,major,5,0,0,,0.45
16396,Chennai,Tamil Nadu,12.875969,80.162546,2022-12-09,3:00,3,Friday,0,urban,4,1,clear,high,25,low,weather,minor,4,3,0,,0.1
16421,Chennai,Tamil Nadu,12.988979,80.169063,2025-03-29,8:00,8,Saturday,1,rural,3,1,clear,high,37,medium,distraction,minor,5,3,1,,0.25
16430,Chennai,Tamil Nadu,12.900198,80.291387,2024-11-28,12:00,12,Thursday,0,urban,6,1,rain,medium,40,medium,drunk driving,minor,1,0,0,,0.25
16431,Chennai,Tamil Nadu,12.973886,80.234749,2024-11-01,20:00,20,Friday,0,highway,4,1,rain,low,29,low,drunk driving,major,4,4,0,Diwali,0.55
16434,Chennai,Tamil Nadu,12.962644,80.214702,2025-03-21,8:00,8,Friday,0,rural,3,0,rain,low,35,medium,weather,minor,5,0,1,,0.6
16435,Chennai,Tamil Nadu,13.194435,80.137615,2023-06-09,1:00,1,Friday,0,highway,4,0,fog,low,19,low,drunk driving,fatal,2,2,0,,0.65
16444,Chennai,Tamil Nadu,12.897143,80.147059,2022-11-17,5:00,5,Thursday,0,highway,3,1,rain,low,18,low,poor road,major,1,1,0,,0.45
16453,Chennai,Tamil Nadu,12.859067,80.231287,2022-12-09,8:00,8,Friday,0,urban,4,1,clear,high,22,high,distraction,minor,1,0,1,,0.45
16473,Chennai,Tamil Nadu,12.967919,80.148835,2024-07-28,16:00,16,Sunday,1,highway,3,1,clear,high,38,high,overspeeding,minor,5,0,0,,0.3
16475,Chennai,Tamil Nadu,13.139419,80.246339,2023-11-24,8:00,8,Friday,0,urban,6,1,fog,low,38,medium,weather,major,2,1,1,,0.6
16485,Chennai,Tamil Nadu,12.953824,80.134336,2024-07-31,20:00,20,Wednesday,0,rural,4,0,clear,high,38,high,overspeeding,fatal,1,1,0,,0.5
16488,Chennai,Tamil Nadu,12.981873,80.11758,2022-07-03,10:00,10,Sunday,1,highway,4,1,fog,low,31,medium,overspeeding,minor,1,0,1,,0.6
16491,Chennai,Tamil Nadu,12.827032,80.260169,2023-08-08,15:00,15,Tuesday,0,highway,6,1,clear,high,34,high,weather,major,2,0,0,,0.3
16492,Chennai,Tamil Nadu,12.918301,80.270504,2022-02-22,20:00,20,Tuesday,0,urban,2,0,fog,low,32,medium,distraction,minor,2,2,0,,0.45
16499,Chennai,Tamil Nadu,12.867412,80.276954,2023-10-07,6:00,6,Saturday,1,urban,2,0,clear,high,15,low,overspeeding,minor,1,1,0,,0.1
16515,Chennai,Tamil Nadu,12.933995,80.284802,2023-11-15,17:00,17,Wednesday,0,urban,4,0,rain,medium,32,high,weather,minor,1,1,1,,0.6
16518,Chennai,Tamil Nadu,13.009604,80.268339,2022-01-11,4:00,4,Tuesday,0,highway,1,0,rain,low,28,low,distraction,major,4,3,0,,0.45
16523,Chennai,Tamil Nadu,12.993674,80.146481,2024-09-19,21:00,21,Thursday,0,urban,2,0,rain,low,37,medium,distraction,major,2,1,0,,0.45
16530,Chennai,Tamil Nadu,13.037607,80.281533,2022-09-24,14:00,14,Saturday,1,highway,3,0,fog,low,27,low,overspeeding,minor,3,0,0,,0.45
16534,Chennai,Tamil Nadu,12.877372,80.130571,2022-02-14,15:00,15,Monday,0,urban,3,1,clear,high,31,low,drunk driving,minor,3,0,0,,0.1
16537,Chennai,Tamil Nadu,12.824306,80.266807,2023-05-25,3:00,3,Thursday,0,highway,5,1,clear,high,33,low,weather,minor,5,5,0,,0.1
16539,Chennai,Tamil Nadu,12.874424,80.27908,2022-09-23,6:00,6,Friday,0,rural,5,1,fog,low,25,low,distraction,minor,1,0,0,,0.45
16565,Chennai,Tamil Nadu,12.813195,80.258743,2024-01-23,7:00,7,Tuesday,0,rural,4,0,fog,low,37,low,poor road,major,2,0,0,,0.45
16566,Chennai,Tamil Nadu,12.907287,80.134381,2022-06-08,10:00,10,Wednesday,0,rural,1,0,fog,low,23,high,poor road,major,4,0,1,,0.8
16579,Chennai,Tamil Nadu,12.849283,80.110101,2023-08-21,21:00,21,Monday,0,highway,1,1,fog,low,40,medium,weather,fatal,3,3,0,,0.65
16580,Chennai,Tamil Nadu,13.133708,80.133141,2024-07-02,13:00,13,Tuesday,0,highway,6,1,clear,high,35,high,overspeeding,fatal,1,1,0,,0.5
16585,Chennai,Tamil Nadu,12.845166,80.195101,2023-08-16,0:00,0,Wednesday,0,highway,6,0,rain,low,25,medium,poor road,major,2,1,0,,0.45
16587,Chennai,Tamil Nadu,13.191628,80.173012,2023-10-14,6:00,6,Saturday,1,urban,1,1,rain,medium,26,high,overspeeding,major,3,3,0,,0.45
16605,Chennai,Tamil Nadu,12.987802,80.242276,2022-06-24,22:00,22,Friday,0,highway,1,0,rain,medium,39,low,distraction,minor,2,2,0,,0.25
16608,Chennai,Tamil Nadu,12.968312,80.276717,2023-04-08,12:00,12,Saturday,1,rural,5,0,rain,medium,22,medium,distraction,minor,2,2,0,,0.25
16624,Chennai,Tamil Nadu,13.184386,80.248288,2022-06-10,15:00,15,Friday,0,urban,1,1,fog,low,21,high,weather,minor,1,0,0,,0.65
16627,Chennai,Tamil Nadu,13.044436,80.130103,2022-07-17,1:00,1,Sunday,1,highway,6,0,fog,low,15,low,distraction,minor,1,0,0,,0.45
16629,Chennai,Tamil Nadu,12.886489,80.138818,2023-08-16,3:00,3,Wednesday,0,urban,5,0,fog,low,30,medium,weather,minor,2,0,0,,0.45
16642,Chennai,Tamil Nadu,12.971146,80.213738,2023-09-25,7:00,7,Monday,0,urban,3,1,rain,medium,15,high,drunk driving,major,2,2,0,,0.45
16651,Chennai,Tamil Nadu,12.828512,80.133987,2024-08-11,21:00,21,Sunday,1,rural,4,1,fog,low,17,high,overspeeding,minor,1,0,0,,0.65
16653,Chennai,Tamil Nadu,12.952349,80.103007,2023-10-26,11:00,11,Thursday,0,highway,1,0,clear,high,21,medium,poor road,minor,4,4,0,,0.1
16674,Chennai,Tamil Nadu,12.849446,80.297604,2023-12-09,21:00,21,Saturday,1,highway,5,0,rain,low,22,high,weather,minor,2,0,0,,0.65
16683,Chennai,Tamil Nadu,12.94667,80.185878,2024-10-25,21:00,21,Friday,0,highway,5,0,fog,low,15,medium,poor road,major,2,2,0,,0.45
16688,Chennai,Tamil Nadu,13.126361,80.289865,2022-07-26,7:00,7,Tuesday,0,highway,1,1,rain,low,19,low,poor road,fatal,5,5,0,,0.65
16719,Chennai,Tamil Nadu,12.813764,80.191471,2024-04-01,15:00,15,Monday,0,rural,6,0,clear,high,19,high,drunk driving,major,1,0,0,,0.3
16724,Chennai,Tamil Nadu,13.089018,80.111256,2023-09-10,14:00,14,Sunday,1,urban,3,1,clear,high,34,high,distraction,major,3,2,0,,0.3
16729,Chennai,Tamil Nadu,13.187476,80.180457,2023-08-09,5:00,5,Wednesday,0,urban,6,0,clear,high,35,low,poor road,minor,1,1,0,,0.1
16733,Chennai,Tamil Nadu,12.880903,80.139741,2023-06-05,7:00,7,Monday,0,urban,4,1,clear,high,24,low,weather,minor,4,0,0,,0.1
16735,Chennai,Tamil Nadu,12.994312,80.138095,2022-10-20,0:00,0,Thursday,0,urban,6,1,rain,low,28,low,distraction,major,5,0,0,,0.45
16737,Chennai,Tamil Nadu,13.062732,80.280599,2025-01-20,16:00,16,Monday,0,highway,6,1,rain,low,38,low,distraction,fatal,2,2,0,,0.65
16738,Chennai,Tamil Nadu,12.9363,80.222427,2024-04-15,10:00,10,Monday,0,urban,3,0,rain,medium,24,high,weather,minor,5,0,1,,0.6
16740,Chennai,Tamil Nadu,12.968219,80.229248,2025-01-29,15:00,15,Wednesday,0,highway,2,0,clear,high,35,low,weather,major,3,1,0,,0.1
16741,Chennai,Tamil Nadu,13.17805,80.175991,2024-11-14,23:00,23,Thursday,0,highway,1,0,fog,low,18,low,overspeeding,minor,2,1,0,,0.45
16743,Chennai,Tamil Nadu,13.162024,80.251256,2023-08-22,16:00,16,Tuesday,0,rural,6,1,clear,high,39,medium,poor road,major,3,1,0,,0.1
16758,Chennai,Tamil Nadu,13.104889,80.113963,2024-03-08,2:00,2,Friday,0,highway,2,0,fog,low,38,medium,distraction,minor,1,0,0,,0.45
16775,Chennai,Tamil Nadu,13.187486,80.295193,2023-05-26,8:00,8,Friday,0,highway,3,0,rain,low,40,medium,weather,minor,4,2,1,,0.6
16785,Chennai,Tamil Nadu,12.81503,80.186578,2022-05-03,17:00,17,Tuesday,0,rural,2,0,rain,medium,21,high,overspeeding,minor,1,0,1,,0.6
16788,Chennai,Tamil Nadu,13.051037,80.198698,2022-09-03,8:00,8,Saturday,1,rural,4,1,rain,low,19,medium,poor road,minor,4,3,1,,0.6
16794,Chennai,Tamil Nadu,12.850964,80.291119,2023-12-01,16:00,16,Friday,0,highway,4,0,rain,medium,15,low,distraction,minor,2,0,0,,0.25
16812,Chennai,Tamil Nadu,13.117165,80.233718,2023-01-16,4:00,4,Monday,0,rural,6,0,clear,high,34,low,overspeeding,major,5,4,0,,0.1
16824,Chennai,Tamil Nadu,13.057256,80.233416,2022-02-25,17:00,17,Friday,0,rural,6,1,fog,low,30,high,drunk driving,minor,4,0,1,,0.8
16826,Chennai,Tamil Nadu,12.955882,80.100871,2024-10-14,11:00,11,Monday,0,rural,1,1,clear,high,24,high,distraction,minor,3,3,0,,0.3
16827,Chennai,Tamil Nadu,12.80205,80.158222,2024-02-02,10:00,10,Friday,0,urban,5,1,clear,high,23,medium,poor road,minor,1,1,1,,0.25
16837,Chennai,Tamil Nadu,12.942028,80.277695,2023-10-26,18:00,18,Thursday,0,urban,1,0,rain,low,17,high,drunk driving,minor,4,2,1,,0.8
16840,Chennai,Tamil Nadu,12.886677,80.218082,2025-01-24,1:00,1,Friday,0,highway,1,1,clear,high,25,low,drunk driving,minor,2,0,0,,0.1
16852,Chennai,Tamil Nadu,13.120891,80.275907,2022-10-17,15:00,15,Monday,0,highway,5,0,clear,high,24,high,distraction,minor,4,2,0,,0.3
16853,Chennai,Tamil Nadu,12.953251,80.207009,2023-04-12,22:00,22,Wednesday,0,highway,4,0,fog,low,24,medium,distraction,minor,5,4,0,,0.45
16854,Chennai,Tamil Nadu,12.939586,80.148113,2022-06-16,22:00,22,Thursday,0,highway,5,1,rain,medium,27,low,drunk driving,major,1,1,0,,0.25
16863,Chennai,Tamil Nadu,12.955045,80.205038,2022-03-20,16:00,16,Sunday,1,rural,6,1,rain,medium,39,low,overspeeding,minor,4,4,0,,0.25
16865,Chennai,Tamil Nadu,13.190021,80.21108,2024-01-30,19:00,19,Tuesday,0,rural,1,1,rain,medium,15,high,distraction,minor,4,2,1,,0.6
16868,Chennai,Tamil Nadu,13.04818,80.137772,2022-06-20,15:00,15,Monday,0,urban,5,1,fog,low,35,high,poor road,minor,1,0,0,,0.65
16875,Chennai,Tamil Nadu,13.147869,80.280214,2022-10-06,6:00,6,Thursday,0,rural,2,1,fog,low,38,low,poor road,major,4,4,0,,0.45
16878,Chennai,Tamil Nadu,12.911509,80.26876,2022-04-08,0:00,0,Friday,0,rural,6,1,fog,low,28,low,poor road,minor,2,2,0,,0.45
16880,Chennai,Tamil Nadu,12.976309,80.246611,2023-12-03,23:00,23,Sunday,1,highway,1,1,rain,medium,37,high,overspeeding,minor,3,0,0,,0.45
16882,Chennai,Tamil Nadu,12.849654,80.104844,2023-02-20,8:00,8,Monday,0,highway,5,1,fog,low,31,high,drunk driving,minor,1,1,1,,0.8
16884,Chennai,Tamil Nadu,13.178857,80.253626,2024-07-18,16:00,16,Thursday,0,urban,5,1,fog,low,22,low,distraction,minor,3,2,0,,0.45
16896,Chennai,Tamil Nadu,13.037226,80.178989,2024-03-04,6:00,6,Monday,0,highway,5,0,clear,high,23,medium,weather,major,3,2,0,,0.1
16940,Chennai,Tamil Nadu,13.136642,80.281024,2024-05-30,4:00,4,Thursday,0,rural,5,1,clear,high,39,low,overspeeding,fatal,2,2,0,,0.3
16943,Chennai,Tamil Nadu,13.165433,80.293757,2023-07-30,1:00,1,Sunday,1,highway,6,1,fog,low,27,low,weather,major,2,0,0,,0.45
16944,Chennai,Tamil Nadu,12.887267,80.105737,2022-03-29,12:00,12,Tuesday,0,urban,4,0,fog,low,22,medium,distraction,major,2,1,0,,0.45
16953,Chennai,Tamil Nadu,13.106191,80.113591,2023-09-27,11:00,11,Wednesday,0,urban,5,1,rain,medium,29,low,overspeeding,fatal,1,1,0,,0.45
16964,Chennai,Tamil Nadu,12.902664,80.291512,2023-11-01,20:00,20,Wednesday,0,urban,4,1,clear,high,34,medium,distraction,major,2,1,0,,0.1
16966,Chennai,Tamil Nadu,12.835812,80.137797,2023-08-16,2:00,2,Wednesday,0,rural,4,1,fog,low,27,medium,poor road,minor,3,2,0,,0.45
16969,Chennai,Tamil Nadu,12.842498,80.142717,2023-01-30,10:00,10,Monday,0,highway,2,1,rain,low,24,high,distraction,minor,5,4,1,,0.8
16973,Chennai,Tamil Nadu,13.138892,80.2674,2024-10-19,7:00,7,Saturday,1,urban,1,1,fog,low,18,medium,drunk driving,major,3,0,0,,0.45
16975,Chennai,Tamil Nadu,13.142398,80.250873,2022-07-24,15:00,15,Sunday,1,rural,4,1,fog,low,30,high,overspeeding,minor,5,0,0,,0.65
16979,Chennai,Tamil Nadu,12.974188,80.128211,2022-10-06,2:00,2,Thursday,0,rural,5,1,fog,low,37,medium,overspeeding,minor,1,0,0,,0.45
16992,Chennai,Tamil Nadu,13.197436,80.237455,2023-08-04,4:00,4,Friday,0,highway,5,1,clear,high,17,low,weather,minor,1,1,0,,0.1
17002,Chennai,Tamil Nadu,12.946172,80.203091,2023-02-11,14:00,14,Saturday,1,rural,2,1,fog,low,17,medium,drunk driving,minor,2,2,0,,0.45
17012,Chennai,Tamil Nadu,12.939106,80.205161,2025-03-11,6:00,6,Tuesday,0,highway,4,1,clear,high,25,low,poor road,minor,4,3,0,,0.1
17044,Chennai,Tamil Nadu,13.068989,80.238866,2024-07-27,23:00,23,Saturday,1,highway,6,1,rain,medium,15,high,overspeeding,major,5,2,0,,0.45
17052,Chennai,Tamil Nadu,12.985948,80.208651,2024-10-07,5:00,5,Monday,0,rural,4,0,rain,low,18,medium,distraction,major,4,4,0,,0.45
17055,Chennai,Tamil Nadu,13.188415,80.16828,2023-03-27,9:00,9,Monday,0,rural,2,1,clear,high,16,high,overspeeding,major,1,1,1,,0.45
17057,Chennai,Tamil Nadu,13.018989,80.172617,2022-06-07,12:00,12,Tuesday,0,highway,3,1,fog,low,17,high,poor road,minor,2,0,0,,0.65
17068,Chennai,Tamil Nadu,12.954557,80.216106,2024-04-01,16:00,16,Monday,0,rural,2,1,fog,low,33,medium,distraction,minor,4,2,0,,0.45
17069,Chennai,Tamil Nadu,12.995462,80.268444,2025-01-19,4:00,4,Sunday,1,urban,6,1,rain,low,40,low,distraction,minor,2,0,0,,0.45
17076,Chennai,Tamil Nadu,13.084462,80.256426,2022-10-29,1:00,1,Saturday,1,rural,2,0,rain,medium,18,low,overspeeding,minor,1,1,0,,0.25
17078,Chennai,Tamil Nadu,13.142261,80.127245,2025-02-11,3:00,3,Tuesday,0,rural,4,1,rain,medium,25,low,poor road,major,4,2,0,,0.25
17084,Chennai,Tamil Nadu,13.132281,80.206986,2022-06-10,11:00,11,Friday,0,rural,4,0,rain,medium,16,low,poor road,major,2,2,0,,0.25
17095,Chennai,Tamil Nadu,12.840158,80.239357,2024-10-24,10:00,10,Thursday,0,highway,2,1,fog,low,32,high,drunk driving,minor,4,2,1,,0.8
17097,Chennai,Tamil Nadu,13.160666,80.282147,2023-01-27,0:00,0,Friday,0,highway,2,1,clear,high,30,medium,weather,major,3,3,0,,0.1
17104,Chennai,Tamil Nadu,12.861319,80.101084,2024-07-20,1:00,1,Saturday,1,urban,4,1,fog,low,18,low,poor road,minor,3,1,0,,0.45
17106,Chennai,Tamil Nadu,12.842658,80.154615,2023-07-28,0:00,0,Friday,0,urban,1,1,fog,low,18,low,overspeeding,minor,4,0,0,,0.45
17107,Chennai,Tamil Nadu,13.063075,80.293194,2022-01-21,11:00,11,Friday,0,urban,2,0,fog,low,23,low,distraction,minor,5,5,0,,0.45
17108,Chennai,Tamil Nadu,13.148914,80.116967,2023-06-04,11:00,11,Sunday,1,rural,5,0,rain,low,19,low,weather,minor,4,3,0,,0.45
17112,Chennai,Tamil Nadu,13.190008,80.237277,2024-08-15,4:00,4,Thursday,0,rural,5,1,fog,low,24,low,weather,major,3,0,0,,0.45
17114,Chennai,Tamil Nadu,13.114423,80.287278,2024-12-18,4:00,4,Wednesday,0,urban,5,0,rain,low,40,low,distraction,minor,1,1,0,,0.45
17123,Chennai,Tamil Nadu,12.966793,80.283132,2022-07-26,22:00,22,Tuesday,0,urban,3,1,clear,high,26,low,distraction,major,3,3,0,,0.1
17129,Chennai,Tamil Nadu,13.159889,80.130565,2023-02-07,17:00,17,Tuesday,0,urban,4,1,fog,low,16,high,drunk driving,minor,4,0,1,,0.8
17132,Chennai,Tamil Nadu,13.178757,80.102697,2023-05-11,1:00,1,Thursday,0,highway,3,0,fog,low,29,low,poor road,minor,5,4,0,,0.45
17133,Chennai,Tamil Nadu,13.160133,80.186104,2022-04-18,20:00,20,Monday,0,rural,4,1,rain,low,16,high,poor road,minor,3,1,0,,0.65
17153,Chennai,Tamil Nadu,13.002151,80.240259,2024-08-30,2:00,2,Friday,0,urban,4,1,fog,low,26,medium,poor road,fatal,1,1,0,,0.65
17159,Chennai,Tamil Nadu,12.911418,80.120296,2022-04-16,20:00,20,Saturday,1,rural,2,1,rain,medium,31,high,poor road,minor,4,4,0,,0.45
17163,Chennai,Tamil Nadu,13.082904,80.143477,2024-07-27,17:00,17,Saturday,1,urban,1,1,rain,medium,25,medium,weather,major,3,2,1,,0.4
17170,Chennai,Tamil Nadu,13.018029,80.14211,2023-05-06,8:00,8,Saturday,1,highway,4,0,rain,low,15,high,distraction,minor,5,2,1,,0.8
17173,Chennai,Tamil Nadu,12.974625,80.193678,2024-04-11,9:00,9,Thursday,0,rural,6,0,fog,low,37,high,weather,major,5,5,1,,0.8
17186,Chennai,Tamil Nadu,13.037808,80.14181,2022-04-09,7:00,7,Saturday,1,highway,2,0,rain,low,18,low,overspeeding,minor,5,5,0,,0.45
17191,Chennai,Tamil Nadu,12.961039,80.232411,2022-06-04,21:00,21,Saturday,1,highway,5,1,rain,medium,21,low,weather,minor,5,1,0,,0.25
17194,Chennai,Tamil Nadu,12.867406,80.178225,2024-07-21,3:00,3,Sunday,1,urban,2,0,rain,low,30,low,weather,major,4,3,0,,0.45
17205,Chennai,Tamil Nadu,13.085188,80.182538,2023-04-15,2:00,2,Saturday,1,highway,4,0,fog,low,19,medium,distraction,major,3,0,0,,0.45
17207,Chennai,Tamil Nadu,13.129196,80.193715,2022-02-18,7:00,7,Friday,0,highway,2,0,clear,high,34,medium,overspeeding,minor,1,0,0,,0.1
17208,Chennai,Tamil Nadu,13.161637,80.200877,2023-02-11,21:00,21,Saturday,1,urban,3,1,rain,low,22,low,overspeeding,major,3,0,0,,0.45
17210,Chennai,Tamil Nadu,12.932051,80.148993,2024-02-06,16:00,16,Tuesday,0,urban,5,1,clear,high,23,low,distraction,minor,2,1,0,,0.1
17213,Chennai,Tamil Nadu,12.828765,80.296039,2022-09-13,11:00,11,Tuesday,0,highway,4,1,fog,low,34,low,distraction,major,5,5,0,,0.45
17225,Chennai,Tamil Nadu,13.096246,80.20086,2024-02-29,15:00,15,Thursday,0,highway,4,0,clear,high,22,high,weather,minor,5,1,0,,0.3
17239,Chennai,Tamil Nadu,12.88687,80.181937,2022-12-09,11:00,11,Friday,0,rural,1,0,clear,high,21,low,distraction,major,5,4,0,,0.1
17246,Chennai,Tamil Nadu,12.85634,80.186779,2022-09-27,10:00,10,Tuesday,0,highway,2,1,rain,medium,30,medium,weather,minor,2,1,1,,0.4
17247,Chennai,Tamil Nadu,12.932109,80.114453,2023-04-03,17:00,17,Monday,0,highway,6,0,rain,medium,30,high,drunk driving,minor,2,2,1,,0.6
17249,Chennai,Tamil Nadu,12.86077,80.275781,2023-01-21,12:00,12,Saturday,1,highway,1,0,fog,low,26,high,overspeeding,minor,4,4,0,,0.65
17259,Chennai,Tamil Nadu,13.013129,80.169931,2023-09-01,21:00,21,Friday,0,highway,1,0,rain,low,15,high,weather,major,1,1,0,,0.65
17260,Chennai,Tamil Nadu,12.855269,80.246658,2023-07-19,8:00,8,Wednesday,0,rural,1,1,rain,low,32,high,distraction,fatal,5,5,1,,1.0
17261,Chennai,Tamil Nadu,13.014346,80.274885,2024-01-31,0:00,0,Wednesday,0,rural,4,0,fog,low,20,high,poor road,major,2,2,0,,0.65
17264,Chennai,Tamil Nadu,12.975701,80.277032,2023-06-04,17:00,17,Sunday,1,highway,5,1,rain,medium,30,medium,poor road,minor,4,3,1,,0.4
17284,Chennai,Tamil Nadu,13.109277,80.183736,2022-07-29,5:00,5,Friday,0,rural,1,0,rain,low,29,low,distraction,minor,3,2,0,,0.45
17286,Chennai,Tamil Nadu,13.159649,80.229451,2023-11-20,1:00,1,Monday,0,highway,1,1,fog,low,27,low,poor road,minor,2,0,0,,0.45
17294,Chennai,Tamil Nadu,12.833706,80.224993,2025-04-15,2:00,2,Tuesday,0,urban,2,0,clear,high,36,high,weather,minor,4,3,0,,0.3
17301,Chennai,Tamil Nadu,12.87291,80.104413,2025-02-05,21:00,21,Wednesday,0,urban,3,0,rain,medium,16,medium,overspeeding,minor,5,4,0,,0.25
17305,Chennai,Tamil Nadu,13.170603,80.212088,2024-12-24,2:00,2,Tuesday,0,urban,3,1,rain,low,36,low,distraction,minor,1,0,0,,0.45
17306,Chennai,Tamil Nadu,13.063082,80.162996,2023-01-29,6:00,6,Sunday,1,rural,6,1,clear,high,37,high,weather,minor,4,3,0,,0.3
17315,Chennai,Tamil Nadu,12.826897,80.23261,2024-02-15,21:00,21,Thursday,0,rural,6,1,rain,medium,18,medium,drunk driving,fatal,5,5,0,,0.45
17348,Chennai,Tamil Nadu,13.157007,80.270059,2023-05-04,0:00,0,Thursday,0,rural,5,1,fog,low,19,low,weather,minor,1,1,0,,0.45
17355,Chennai,Tamil Nadu,12.892252,80.203265,2024-01-21,14:00,14,Sunday,1,urban,2,1,fog,low,34,high,weather,fatal,4,4,0,,0.85
17356,Chennai,Tamil Nadu,13.033616,80.253634,2023-07-07,16:00,16,Friday,0,rural,3,0,fog,low,34,low,weather,major,2,2,0,,0.45
17358,Chennai,Tamil Nadu,13.105067,80.276132,2022-01-14,7:00,7,Friday,0,rural,5,0,rain,medium,35,high,poor road,major,2,2,0,,0.45
17363,Chennai,Tamil Nadu,13.135522,80.262746,2024-02-10,19:00,19,Saturday,1,rural,3,1,fog,low,35,high,overspeeding,minor,4,2,1,,0.8
17387,Chennai,Tamil Nadu,13.153691,80.16884,2024-10-31,5:00,5,Thursday,0,urban,4,1,rain,medium,32,low,distraction,fatal,1,1,0,,0.45
17403,Chennai,Tamil Nadu,13.088758,80.236654,2023-08-15,1:00,1,Tuesday,0,urban,1,0,clear,high,32,low,overspeeding,major,1,1,0,,0.1
17409,Chennai,Tamil Nadu,12.966488,80.267471,2024-04-26,3:00,3,Friday,0,urban,6,0,rain,low,33,medium,weather,minor,5,1,0,,0.45
17414,Chennai,Tamil Nadu,13.112656,80.168481,2025-01-07,22:00,22,Tuesday,0,highway,3,0,clear,high,31,high,weather,major,2,2,0,,0.3
17417,Chennai,Tamil Nadu,12.929311,80.258333,2022-01-06,20:00,20,Thursday,0,rural,6,0,rain,low,35,high,overspeeding,minor,5,1,0,,0.65
17418,Chennai,Tamil Nadu,12.918468,80.190253,2022-06-24,18:00,18,Friday,0,highway,3,0,clear,high,21,high,poor road,minor,2,0,1,,0.45
17423,Chennai,Tamil Nadu,13.001722,80.115891,2022-11-25,2:00,2,Friday,0,rural,3,1,clear,high,26,low,distraction,minor,1,1,0,,0.1
17439,Chennai,Tamil Nadu,13.003846,80.216374,2024-08-31,11:00,11,Saturday,1,rural,5,0,rain,low,30,high,poor road,major,4,4,0,,0.65
17440,Chennai,Tamil Nadu,13.161023,80.102297,2025-04-11,13:00,13,Friday,0,rural,3,1,fog,low,15,medium,distraction,minor,3,1,0,,0.45
17445,Chennai,Tamil Nadu,12.868244,80.249891,2025-03-22,16:00,16,Saturday,1,rural,4,0,rain,medium,40,high,overspeeding,major,3,0,0,,0.45
17462,Chennai,Tamil Nadu,13.172036,80.213495,2024-01-18,20:00,20,Thursday,0,urban,3,1,clear,high,36,medium,weather,major,2,2,0,,0.1
17465,Chennai,Tamil Nadu,13.067424,80.15322,2022-07-06,18:00,18,Wednesday,0,rural,3,1,fog,low,38,low,drunk driving,minor,2,1,1,,0.6
17466,Chennai,Tamil Nadu,12.930265,80.251814,2024-07-23,3:00,3,Tuesday,0,urban,3,1,fog,low,23,medium,drunk driving,fatal,3,3,0,,0.65
17492,Chennai,Tamil Nadu,13.02439,80.277352,2023-08-22,23:00,23,Tuesday,0,urban,4,1,clear,high,37,low,drunk driving,major,3,3,0,,0.1
17497,Chennai,Tamil Nadu,13.187547,80.214467,2024-04-21,5:00,5,Sunday,1,rural,5,0,clear,high,18,high,weather,minor,4,3,0,,0.3
17504,Chennai,Tamil Nadu,12.987301,80.234577,2022-04-13,8:00,8,Wednesday,0,highway,2,1,clear,high,32,high,distraction,minor,3,3,1,,0.45
17511,Chennai,Tamil Nadu,13.145787,80.1339,2022-07-23,20:00,20,Saturday,1,urban,3,1,fog,low,25,medium,overspeeding,minor,1,0,0,,0.45
17544,Chennai,Tamil Nadu,13.163963,80.193234,2023-08-12,7:00,7,Saturday,1,highway,5,1,fog,low,36,high,distraction,major,4,4,0,,0.65
17545,Chennai,Tamil Nadu,13.006283,80.285474,2024-09-10,7:00,7,Tuesday,0,highway,4,0,rain,low,25,high,overspeeding,minor,5,2,0,,0.65
17549,Chennai,Tamil Nadu,13.126959,80.17735,2023-12-16,0:00,0,Saturday,1,urban,1,0,fog,low,19,low,overspeeding,minor,4,4,0,,0.45
17562,Chennai,Tamil Nadu,12.939459,80.12713,2022-03-13,22:00,22,Sunday,1,rural,5,1,rain,low,30,high,poor road,minor,2,0,0,,0.65
17575,Chennai,Tamil Nadu,13.196773,80.202719,2023-10-09,0:00,0,Monday,0,urban,6,0,fog,low,16,high,distraction,major,5,0,0,,0.65
17583,Chennai,Tamil Nadu,13.060488,80.19499,2022-11-04,10:00,10,Friday,0,highway,1,0,clear,high,20,high,overspeeding,minor,2,2,1,,0.45
17585,Chennai,Tamil Nadu,13.163024,80.259394,2024-10-31,6:00,6,Thursday,0,highway,1,0,fog,low,22,medium,weather,minor,5,0,0,,0.45
17599,Chennai,Tamil Nadu,12.974117,80.162698,2022-07-21,6:00,6,Thursday,0,urban,6,1,fog,low,16,high,poor road,major,2,2,0,,0.65
17603,Chennai,Tamil Nadu,13.055432,80.177971,2022-08-04,14:00,14,Thursday,0,rural,3,1,clear,high,30,medium,poor road,minor,1,0,0,,0.1
17605,Chennai,Tamil Nadu,13.174388,80.296166,2024-12-11,9:00,9,Wednesday,0,urban,5,0,clear,high,40,high,drunk driving,minor,4,2,1,,0.45
17607,Chennai,Tamil Nadu,13.005987,80.117543,2023-01-12,2:00,2,Thursday,0,urban,1,1,rain,low,19,low,poor road,fatal,2,2,0,,0.65
17629,Chennai,Tamil Nadu,13.184974,80.224829,2022-02-18,0:00,0,Friday,0,urban,6,1,rain,medium,16,medium,weather,minor,3,1,0,,0.25
17634,Chennai,Tamil Nadu,13.145876,80.178955,2024-04-26,7:00,7,Friday,0,rural,6,1,clear,high,35,low,drunk driving,minor,1,0,0,,0.1
17637,Chennai,Tamil Nadu,13.151811,80.11911,2023-04-21,0:00,0,Friday,0,rural,5,0,clear,high,23,high,poor road,minor,5,4,0,,0.3
17638,Chennai,Tamil Nadu,12.834737,80.225502,2023-12-23,19:00,19,Saturday,1,rural,1,0,fog,low,24,medium,poor road,minor,3,1,1,,0.6
17640,Chennai,Tamil Nadu,13.19905,80.16957,2022-04-07,9:00,9,Thursday,0,urban,5,1,clear,high,21,medium,distraction,major,2,1,1,,0.25
17648,Chennai,Tamil Nadu,12.993089,80.23991,2024-10-08,11:00,11,Tuesday,0,rural,2,1,clear,high,23,low,weather,fatal,1,1,0,,0.3
17650,Chennai,Tamil Nadu,13.055468,80.182905,2023-01-20,4:00,4,Friday,0,rural,5,0,rain,low,32,low,weather,minor,3,0,0,,0.45
17651,Chennai,Tamil Nadu,12.810773,80.267494,2023-01-31,16:00,16,Tuesday,0,urban,4,0,rain,low,28,low,distraction,minor,5,5,0,,0.45
17654,Chennai,Tamil Nadu,13.002322,80.114379,2023-08-11,19:00,19,Friday,0,rural,4,1,fog,low,29,medium,overspeeding,minor,5,2,1,,0.6
17655,Chennai,Tamil Nadu,12.971181,80.227909,2022-10-16,17:00,17,Sunday,1,rural,6,0,clear,high,33,medium,poor road,minor,4,1,1,,0.25
17666,Chennai,Tamil Nadu,12.887064,80.163779,2023-04-28,20:00,20,Friday,0,rural,4,1,clear,high,24,high,distraction,minor,2,1,0,,0.3
17670,Chennai,Tamil Nadu,13.037159,80.101168,2024-08-31,6:00,6,Saturday,1,highway,6,0,fog,low,37,low,distraction,fatal,5,5,0,,0.65
17674,Chennai,Tamil Nadu,13.049995,80.128536,2022-06-21,11:00,11,Tuesday,0,rural,6,0,fog,low,38,low,drunk driving,minor,4,3,0,,0.45
17690,Chennai,Tamil Nadu,12.81668,80.165614,2024-06-13,10:00,10,Thursday,0,urban,6,0,fog,low,34,high,overspeeding,minor,1,1,1,,0.8
17693,Chennai,Tamil Nadu,12.917392,80.190901,2022-06-03,14:00,14,Friday,0,urban,2,0,rain,medium,38,high,weather,minor,3,1,0,,0.45
17701,Chennai,Tamil Nadu,12.860092,80.289435,2024-04-30,5:00,5,Tuesday,0,rural,3,0,fog,low,27,high,drunk driving,major,3,0,0,,0.65
17710,Chennai,Tamil Nadu,13.136544,80.189784,2022-11-16,16:00,16,Wednesday,0,rural,4,0,fog,low,29,low,overspeeding,major,3,3,0,,0.45
17749,Chennai,Tamil Nadu,13.164204,80.247913,2022-12-22,23:00,23,Thursday,0,highway,1,0,clear,high,32,low,overspeeding,major,5,4,0,,0.1
17750,Chennai,Tamil Nadu,12.848647,80.194002,2022-01-01,3:00,3,Saturday,1,rural,2,1,rain,low,32,medium,drunk driving,major,2,1,0,,0.45
17759,Chennai,Tamil Nadu,13.138932,80.266297,2024-02-01,18:00,18,Thursday,0,rural,3,1,clear,high,31,high,weather,fatal,2,2,1,,0.65
17771,Chennai,Tamil Nadu,12.917828,80.285236,2022-04-29,6:00,6,Friday,0,highway,5,1,clear,high,35,medium,distraction,major,3,3,0,,0.1
17777,Chennai,Tamil Nadu,13.173078,80.261539,2024-08-19,9:00,9,Monday,0,rural,5,0,fog,low,23,low,distraction,major,1,1,1,,0.6
17778,Chennai,Tamil Nadu,13.099156,80.23634,2023-07-30,18:00,18,Sunday,1,urban,1,1,fog,low,35,medium,drunk driving,minor,2,0,1,,0.6
17784,Chennai,Tamil Nadu,12.896954,80.212237,2023-08-26,15:00,15,Saturday,1,rural,3,0,fog,low,23,medium,drunk driving,fatal,5,5,0,,0.65
17785,Chennai,Tamil Nadu,12.8993,80.145296,2022-05-14,19:00,19,Saturday,1,urban,2,0,clear,high,24,medium,drunk driving,minor,4,1,1,,0.25
17791,Chennai,Tamil Nadu,12.903055,80.248006,2022-02-07,7:00,7,Monday,0,urban,4,0,fog,low,32,high,drunk driving,fatal,1,1,0,,0.85
17800,Chennai,Tamil Nadu,12.867718,80.22025,2024-10-10,4:00,4,Thursday,0,urban,5,1,fog,low,15,low,distraction,fatal,2,2,0,,0.65
17801,Chennai,Tamil Nadu,12.885702,80.250511,2022-12-11,10:00,10,Sunday,1,urban,5,0,fog,low,18,high,poor road,minor,4,2,1,,0.8
17802,Chennai,Tamil Nadu,12.822006,80.208105,2024-04-11,8:00,8,Thursday,0,rural,5,1,clear,high,19,high,weather,minor,4,4,1,,0.45
17803,Chennai,Tamil Nadu,13.198179,80.209213,2022-05-21,1:00,1,Saturday,1,highway,6,1,clear,high,21,low,drunk driving,minor,3,0,0,,0.1
17808,Chennai,Tamil Nadu,12.813072,80.283457,2024-06-29,5:00,5,Saturday,1,rural,6,0,fog,low,34,low,distraction,minor,2,1,0,,0.45
17822,Chennai,Tamil Nadu,12.873524,80.262542,2024-03-15,20:00,20,Friday,0,urban,2,0,rain,low,20,low,distraction,minor,5,1,0,,0.45
17825,Chennai,Tamil Nadu,13.060157,80.237754,2022-05-12,9:00,9,Thursday,0,rural,4,1,clear,high,21,high,distraction,major,2,0,1,,0.45
17828,Chennai,Tamil Nadu,13.154714,80.110486,2022-08-22,6:00,6,Monday,0,highway,4,0,rain,medium,18,low,weather,minor,3,1,0,,0.25
17843,Chennai,Tamil Nadu,12.95374,80.246025,2024-12-18,10:00,10,Wednesday,0,rural,2,0,clear,high,23,high,weather,major,5,4,1,,0.45
17847,Chennai,Tamil Nadu,12.923099,80.21146,2024-08-05,0:00,0,Monday,0,highway,3,0,rain,low,35,low,drunk driving,minor,5,1,0,,0.45
17851,Chennai,Tamil Nadu,13.165633,80.28981,2025-02-15,16:00,16,Saturday,1,urban,3,0,fog,low,20,high,overspeeding,minor,3,3,0,,0.65
17854,Chennai,Tamil Nadu,13.075457,80.299264,2022-05-25,21:00,21,Wednesday,0,highway,2,0,fog,low,26,medium,distraction,major,1,1,0,,0.45
17856,Chennai,Tamil Nadu,13.121511,80.201972,2023-07-18,13:00,13,Tuesday,0,urban,5,1,clear,high,39,medium,distraction,minor,5,1,0,,0.1
17862,Chennai,Tamil Nadu,12.971627,80.148316,2023-05-01,12:00,12,Monday,0,highway,4,1,clear,high,17,medium,weather,major,1,1,0,,0.1
17869,Chennai,Tamil Nadu,13.082595,80.261612,2023-06-06,15:00,15,Tuesday,0,urban,4,1,fog,low,22,high,drunk driving,minor,3,2,0,,0.65
17886,Chennai,Tamil Nadu,12.969963,80.23623,2022-09-05,10:00,10,Monday,0,highway,4,0,clear,high,37,medium,poor road,minor,2,1,1,,0.25
17890,Chennai,Tamil Nadu,13.037912,80.158295,2024-10-05,18:00,18,Saturday,1,highway,2,1,fog,low,36,high,overspeeding,major,4,0,1,,0.8
17902,Chennai,Tamil Nadu,13.043109,80.256148,2023-02-09,19:00,19,Thursday,0,urban,2,1,clear,high,33,high,overspeeding,minor,1,1,1,,0.45
17910,Chennai,Tamil Nadu,12.915709,80.133982,2025-02-07,22:00,22,Friday,0,urban,3,0,rain,low,33,high,drunk driving,minor,3,2,0,,0.65
17924,Chennai,Tamil Nadu,13.155528,80.219525,2024-12-22,8:00,8,Sunday,1,urban,3,0,clear,high,28,low,drunk driving,minor,1,1,1,,0.25
17932,Chennai,Tamil Nadu,12.991973,80.153887,2023-05-01,7:00,7,Monday,0,highway,4,0,fog,low,18,low,distraction,minor,3,3,0,,0.45
17938,Chennai,Tamil Nadu,12.835054,80.147781,2024-01-06,20:00,20,Saturday,1,urban,2,1,clear,high,19,low,weather,minor,3,3,0,,0.1
17939,Chennai,Tamil Nadu,13.005303,80.253336,2025-03-21,17:00,17,Friday,0,rural,2,1,rain,low,34,high,overspeeding,major,3,2,1,,0.8
17944,Chennai,Tamil Nadu,12.950513,80.235487,2024-01-12,20:00,20,Friday,0,urban,1,0,clear,high,22,medium,drunk driving,minor,1,0,0,,0.1
17948,Chennai,Tamil Nadu,12.850838,80.106233,2023-03-18,15:00,15,Saturday,1,urban,4,1,rain,medium,38,low,weather,minor,3,2,0,,0.25
17955,Chennai,Tamil Nadu,12.813706,80.248714,2024-01-26,15:00,15,Friday,0,urban,1,1,clear,high,30,medium,overspeeding,minor,2,0,0,,0.1
17965,Chennai,Tamil Nadu,13.046079,80.149334,2022-03-18,19:00,19,Friday,0,highway,6,1,rain,low,20,high,poor road,minor,3,3,1,,0.8
17977,Chennai,Tamil Nadu,13.189017,80.280497,2022-03-27,19:00,19,Sunday,1,highway,6,0,fog,low,19,high,drunk driving,minor,3,1,1,,0.8
17986,Chennai,Tamil Nadu,12.90489,80.19789,2022-09-18,11:00,11,Sunday,1,rural,5,0,fog,low,31,high,overspeeding,minor,1,0,0,,0.65
17987,Chennai,Tamil Nadu,13.06505,80.182482,2024-06-28,20:00,20,Friday,0,urban,3,1,rain,medium,36,low,overspeeding,major,1,1,0,,0.25
18015,Chennai,Tamil Nadu,13.068727,80.190784,2022-05-09,8:00,8,Monday,0,urban,6,1,rain,low,24,high,overspeeding,minor,1,1,1,,0.8
18018,Chennai,Tamil Nadu,12.935975,80.216547,2022-01-16,15:00,15,Sunday,1,urban,5,0,rain,medium,18,high,overspeeding,minor,4,4,0,,0.45
18032,Chennai,Tamil Nadu,12.825027,80.264249,2024-08-10,22:00,22,Saturday,1,urban,5,0,fog,low,36,low,weather,major,2,2,0,,0.45
18038,Chennai,Tamil Nadu,12.839024,80.284864,2023-09-23,8:00,8,Saturday,1,urban,5,0,clear,high,19,low,poor road,major,2,0,1,,0.25
18041,Chennai,Tamil Nadu,13.088616,80.148199,2022-11-22,23:00,23,Tuesday,0,highway,5,1,clear,high,40,high,weather,minor,3,3,0,,0.3
18046,Chennai,Tamil Nadu,12.913284,80.291148,2024-06-03,8:00,8,Monday,0,urban,3,1,fog,low,35,high,overspeeding,major,3,2,1,,0.8
18051,Chennai,Tamil Nadu,12.903098,80.280897,2023-08-13,17:00,17,Sunday,1,urban,4,1,fog,low,18,high,weather,major,1,1,1,,0.8
18060,Chennai,Tamil Nadu,13.102996,80.112178,2022-12-25,1:00,1,Sunday,1,rural,6,1,fog,low,23,low,overspeeding,major,1,1,0,,0.45
18065,Chennai,Tamil Nadu,13.04473,80.154626,2025-01-10,23:00,23,Friday,0,rural,3,0,rain,medium,38,low,overspeeding,major,1,0,0,,0.25
18068,Chennai,Tamil Nadu,12.956906,80.225744,2022-05-14,23:00,23,Saturday,1,urban,5,0,fog,low,40,high,weather,fatal,2,2,0,,0.85
18077,Chennai,Tamil Nadu,13.165112,80.111033,2023-10-18,2:00,2,Wednesday,0,urban,2,0,fog,low,31,low,distraction,minor,4,3,0,,0.45
18080,Chennai,Tamil Nadu,13.151831,80.181549,2024-11-13,12:00,12,Wednesday,0,rural,5,0,clear,high,27,low,weather,major,4,0,0,,0.1
18088,Chennai,Tamil Nadu,13.146989,80.196281,2023-04-24,13:00,13,Monday,0,urban,5,0,fog,low,38,low,weather,minor,5,4,0,,0.45
18091,Chennai,Tamil Nadu,12.921063,80.288021,2024-02-27,21:00,21,Tuesday,0,urban,4,0,fog,low,16,high,poor road,major,5,5,0,,0.65
18098,Chennai,Tamil Nadu,13.065539,80.269756,2022-06-16,2:00,2,Thursday,0,rural,4,0,fog,low,27,medium,weather,minor,3,1,0,,0.45
18110,Chennai,Tamil Nadu,13.149877,80.12083,2024-12-22,3:00,3,Sunday,1,rural,3,1,fog,low,26,low,overspeeding,fatal,2,2,0,,0.65
18126,Chennai,Tamil Nadu,12.848063,80.238803,2022-02-18,13:00,13,Friday,0,urban,6,0,fog,low,17,low,poor road,fatal,3,3,0,,0.65
18136,Chennai,Tamil Nadu,12.874065,80.280454,2022-05-16,2:00,2,Monday,0,urban,3,1,fog,low,20,medium,drunk driving,major,3,3,0,,0.45
18141,Chennai,Tamil Nadu,12.917644,80.206871,2025-03-18,4:00,4,Tuesday,0,rural,6,0,rain,medium,22,high,poor road,minor,3,1,0,,0.45
18153,Chennai,Tamil Nadu,12.834718,80.267942,2022-07-08,18:00,18,Friday,0,urban,2,0,clear,high,16,high,weather,minor,4,2,1,,0.45
18173,Chennai,Tamil Nadu,12.886935,80.293352,2022-04-24,17:00,17,Sunday,1,urban,2,0,fog,low,29,high,overspeeding,minor,3,1,1,,0.8
18174,Chennai,Tamil Nadu,13.060344,80.223861,2023-07-09,11:00,11,Sunday,1,urban,3,0,clear,high,33,high,poor road,major,3,2,0,,0.3
18187,Chennai,Tamil Nadu,13.160828,80.197208,2023-04-19,19:00,19,Wednesday,0,highway,4,1,rain,low,18,high,overspeeding,minor,1,1,1,,0.8
18190,Chennai,Tamil Nadu,12.971005,80.294975,2022-10-25,18:00,18,Tuesday,0,urban,6,0,clear,high,39,high,weather,minor,4,1,1,,0.45
18194,Chennai,Tamil Nadu,12.894583,80.177342,2024-11-18,22:00,22,Monday,0,highway,2,1,fog,low,36,medium,poor road,major,5,4,0,,0.45
18197,Chennai,Tamil Nadu,12.818733,80.194731,2023-04-08,13:00,13,Saturday,1,rural,3,1,rain,medium,21,medium,poor road,minor,3,1,0,,0.25
18202,Chennai,Tamil Nadu,12.963043,80.173922,2024-04-26,11:00,11,Friday,0,highway,4,0,rain,medium,35,medium,drunk driving,major,1,1,0,,0.25
18209,Chennai,Tamil Nadu,13.136882,80.163686,2022-11-17,14:00,14,Thursday,0,urban,1,1,clear,high,38,medium,distraction,minor,1,1,0,,0.1
18220,Chennai,Tamil Nadu,12.948934,80.290692,2022-11-29,13:00,13,Tuesday,0,rural,5,1,clear,high,25,medium,distraction,major,3,1,0,,0.1
18224,Chennai,Tamil Nadu,12.959496,80.116313,2023-10-25,0:00,0,Wednesday,0,highway,6,1,rain,low,16,low,drunk driving,major,2,0,0,,0.45
18235,Chennai,Tamil Nadu,12.83432,80.201562,2024-07-24,15:00,15,Wednesday,0,urban,2,1,rain,medium,17,high,distraction,minor,5,5,0,,0.45
18238,Chennai,Tamil Nadu,13.140466,80.261612,2024-12-17,6:00,6,Tuesday,0,urban,5,0,fog,low,27,high,drunk driving,minor,2,0,0,,0.65
18246,Chennai,Tamil Nadu,12.828836,80.212595,2024-05-20,19:00,19,Monday,0,urban,2,0,rain,medium,18,medium,poor road,fatal,4,4,1,,0.6
18247,Chennai,Tamil Nadu,13.067765,80.175312,2024-02-06,18:00,18,Tuesday,0,urban,6,1,rain,low,39,medium,drunk driving,major,2,2,1,,0.6
18254,Chennai,Tamil Nadu,12.906461,80.214816,2022-05-30,6:00,6,Monday,0,rural,5,1,rain,low,16,medium,poor road,fatal,4,4,0,,0.65
18281,Chennai,Tamil Nadu,13.08506,80.150247,2022-02-08,17:00,17,Tuesday,0,urban,5,0,clear,high,21,high,poor road,major,5,3,1,,0.45
18283,Chennai,Tamil Nadu,13.14941,80.143497,2023-12-01,8:00,8,Friday,0,rural,1,1,rain,medium,24,high,overspeeding,minor,3,3,1,,0.6
18291,Chennai,Tamil Nadu,13.152326,80.110816,2023-10-30,13:00,13,Monday,0,highway,3,1,clear,high,17,low,poor road,major,3,2,0,,0.1
18297,Chennai,Tamil Nadu,12.938806,80.18724,2024-06-14,10:00,10,Friday,0,urban,6,1,clear,high,21,high,distraction,major,4,4,1,,0.45
18305,Chennai,Tamil Nadu,13.065793,80.120392,2024-03-11,9:00,9,Monday,0,highway,6,0,rain,low,20,medium,weather,major,3,1,1,,0.6
18318,Chennai,Tamil Nadu,13.175476,80.205782,2023-08-03,8:00,8,Thursday,0,highway,1,0,fog,low,34,high,weather,major,1,0,1,,0.8
18328,Chennai,Tamil Nadu,12.899405,80.273684,2022-03-29,6:00,6,Tuesday,0,highway,6,0,fog,low,40,high,overspeeding,major,2,1,0,,0.65
18331,Chennai,Tamil Nadu,12.93343,80.172895,2025-02-10,11:00,11,Monday,0,rural,3,0,clear,high,28,high,drunk driving,fatal,1,1,0,,0.5
18332,Chennai,Tamil Nadu,13.127404,80.213149,2024-06-21,13:00,13,Friday,0,highway,1,0,rain,medium,20,medium,weather,major,2,2,0,,0.25
18337,Chennai,Tamil Nadu,12.9927,80.292161,2024-06-13,18:00,18,Thursday,0,urban,1,1,fog,low,34,high,distraction,major,1,1,1,,0.8
18339,Chennai,Tamil Nadu,12.927876,80.287188,2022-11-27,20:00,20,Sunday,1,rural,3,0,rain,low,27,low,weather,minor,2,1,0,,0.45
18340,Chennai,Tamil Nadu,12.999403,80.213598,2022-12-23,15:00,15,Friday,0,urban,5,0,clear,high,25,high,overspeeding,major,4,3,0,,0.3
18349,Chennai,Tamil Nadu,13.169345,80.289694,2022-09-19,4:00,4,Monday,0,highway,6,1,clear,high,29,low,distraction,major,3,1,0,,0.1
18363,Chennai,Tamil Nadu,12.902775,80.19886,2023-02-26,14:00,14,Sunday,1,highway,3,1,clear,high,32,high,distraction,major,2,0,0,,0.3
18387,Chennai,Tamil Nadu,13.134323,80.107228,2024-05-13,5:00,5,Monday,0,urban,6,1,fog,low,27,low,weather,minor,3,0,0,,0.45
18391,Chennai,Tamil Nadu,12.934194,80.267758,2023-06-29,22:00,22,Thursday,0,highway,1,0,clear,high,33,high,overspeeding,fatal,2,2,0,,0.5
18398,Chennai,Tamil Nadu,12.825091,80.189388,2023-02-23,11:00,11,Thursday,0,rural,3,1,fog,low,30,high,overspeeding,minor,1,1,0,,0.65
18399,Chennai,Tamil Nadu,13.19884,80.165682,2022-02-24,1:00,1,Thursday,0,urban,6,1,fog,low,21,low,weather,minor,1,0,0,,0.45
18408,Chennai,Tamil Nadu,12.863146,80.273804,2023-11-25,3:00,3,Saturday,1,rural,1,1,fog,low,34,low,drunk driving,minor,2,1,0,,0.45
18441,Chennai,Tamil Nadu,12.899228,80.178856,2022-06-03,20:00,20,Friday,0,highway,2,0,rain,medium,40,high,drunk driving,major,4,0,0,,0.45
18449,Chennai,Tamil Nadu,13.000227,80.225796,2024-08-04,14:00,14,Sunday,1,urban,5,1,rain,medium,28,high,distraction,minor,5,3,0,,0.45
18458,Chennai,Tamil Nadu,13.039335,80.202324,2023-01-20,22:00,22,Friday,0,urban,5,1,clear,high,19,high,overspeeding,minor,5,2,0,,0.3
18467,Chennai,Tamil Nadu,13.13704,80.255255,2022-03-27,2:00,2,Sunday,1,rural,4,1,rain,medium,38,low,overspeeding,major,1,1,0,,0.25
18474,Chennai,Tamil Nadu,12.811739,80.285293,2024-08-09,18:00,18,Friday,0,rural,3,1,rain,medium,25,medium,drunk driving,minor,2,2,1,,0.4
18477,Chennai,Tamil Nadu,13.064537,80.113732,2022-07-19,11:00,11,Tuesday,0,rural,1,0,clear,high,27,medium,poor road,fatal,4,4,0,,0.3
18484,Chennai,Tamil Nadu,13.087046,80.27154,2024-11-10,6:00,6,Sunday,1,highway,6,0,rain,low,32,high,drunk driving,major,2,2,0,,0.65
18487,Chennai,Tamil Nadu,13.117633,80.229699,2024-07-21,18:00,18,Sunday,1,highway,4,1,rain,medium,23,high,drunk driving,major,2,0,1,,0.6
18500,Chennai,Tamil Nadu,12.857748,80.185937,2022-04-01,4:00,4,Friday,0,urban,6,1,fog,low,17,low,weather,major,1,1,0,,0.45
18501,Chennai,Tamil Nadu,12.925288,80.220916,2023-04-10,15:00,15,Monday,0,urban,1,1,clear,high,40,medium,distraction,minor,2,0,0,,0.1
18508,Chennai,Tamil Nadu,13.107551,80.126413,2023-07-14,4:00,4,Friday,0,urban,5,1,rain,low,38,low,distraction,major,3,1,0,,0.45
18511,Chennai,Tamil Nadu,13.063369,80.274398,2023-07-03,23:00,23,Monday,0,rural,3,0,fog,low,29,high,drunk driving,major,5,1,0,,0.65
18515,Chennai,Tamil Nadu,13.14937,80.19541,2022-08-26,11:00,11,Friday,0,urban,5,1,clear,high,18,high,drunk driving,fatal,3,3,0,,0.5
18522,Chennai,Tamil Nadu,13.016871,80.144383,2024-03-03,17:00,17,Sunday,1,urban,1,0,clear,high,15,high,overspeeding,major,1,1,1,,0.45
18526,Chennai,Tamil Nadu,12.948804,80.158977,2022-02-26,13:00,13,Saturday,1,highway,6,1,clear,high,37,high,overspeeding,minor,1,1,0,,0.3
18536,Chennai,Tamil Nadu,12.938726,80.155003,2023-12-16,2:00,2,Saturday,1,rural,2,0,fog,low,26,low,distraction,minor,1,0,0,,0.45
18538,Chennai,Tamil Nadu,13.113517,80.252698,2022-05-06,19:00,19,Friday,0,rural,1,1,rain,medium,28,medium,weather,minor,2,2,1,,0.4
18541,Chennai,Tamil Nadu,13.129312,80.155801,2022-08-03,13:00,13,Wednesday,0,rural,2,0,rain,medium,22,medium,drunk driving,major,3,0,0,,0.25
18542,Chennai,Tamil Nadu,13.091356,80.161362,2023-06-11,21:00,21,Sunday,1,rural,5,0,fog,low,17,medium,drunk driving,major,4,3,0,,0.45
18544,Chennai,Tamil Nadu,13.144669,80.252112,2024-05-17,6:00,6,Friday,0,urban,2,1,rain,low,36,high,poor road,minor,2,2,0,,0.65
18545,Chennai,Tamil Nadu,13.108131,80.205146,2022-11-04,13:00,13,Friday,0,urban,3,0,clear,high,38,high,weather,major,4,4,0,,0.3
18559,Chennai,Tamil Nadu,12.938328,80.264324,2024-07-05,1:00,1,Friday,0,rural,5,0,rain,low,19,low,poor road,major,2,2,0,,0.45
18569,Chennai,Tamil Nadu,13.148812,80.193002,2022-09-23,23:00,23,Friday,0,rural,5,0,rain,medium,19,low,weather,major,5,2,0,,0.25
18572,Chennai,Tamil Nadu,13.137073,80.212321,2022-07-21,11:00,11,Thursday,0,urban,6,0,rain,low,33,high,overspeeding,major,4,0,0,,0.65
18577,Chennai,Tamil Nadu,12.855571,80.288607,2022-04-05,19:00,19,Tuesday,0,highway,6,1,rain,low,34,high,drunk driving,fatal,2,2,1,,1.0
18578,Chennai,Tamil Nadu,13.129419,80.251694,2023-04-24,6:00,6,Monday,0,rural,3,1,rain,low,20,high,weather,major,3,1,0,,0.65
18595,Chennai,Tamil Nadu,12.856864,80.254896,2024-01-09,14:00,14,Tuesday,0,urban,3,0,rain,medium,35,medium,distraction,fatal,4,4,0,,0.45
18596,Chennai,Tamil Nadu,13.177552,80.271978,2023-04-09,0:00,0,Sunday,1,rural,2,1,fog,low,36,low,weather,minor,3,1,0,,0.45
18609,Chennai,Tamil Nadu,13.035328,80.126412,2024-12-13,4:00,4,Friday,0,rural,5,0,clear,high,38,medium,poor road,minor,4,2,0,,0.1
18620,Chennai,Tamil Nadu,12.976976,80.118113,2022-11-06,10:00,10,Sunday,1,urban,4,0,fog,low,36,low,distraction,major,1,1,1,,0.6
18673,Chennai,Tamil Nadu,12.956086,80.245675,2023-04-28,19:00,19,Friday,0,highway,6,1,clear,high,22,high,weather,major,1,1,1,,0.45
18685,Chennai,Tamil Nadu,13.195793,80.152792,2023-10-09,23:00,23,Monday,0,highway,1,0,fog,low,37,medium,weather,minor,1,1,0,,0.45
18692,Chennai,Tamil Nadu,13.085224,80.162401,2023-05-09,1:00,1,Tuesday,0,highway,4,0,rain,medium,39,low,overspeeding,major,3,0,0,,0.25
18713,Chennai,Tamil Nadu,12.985624,80.296864,2025-03-02,0:00,0,Sunday,1,urban,6,0,rain,low,32,low,overspeeding,major,3,2,0,,0.45
18721,Chennai,Tamil Nadu,13.192886,80.22401,2022-07-09,5:00,5,Saturday,1,rural,4,0,fog,low,23,low,poor road,minor,5,1,0,,0.45
18725,Chennai,Tamil Nadu,12.91143,80.158485,2024-12-01,1:00,1,Sunday,1,urban,4,1,fog,low,28,low,poor road,minor,2,0,0,,0.45
18726,Chennai,Tamil Nadu,12.978876,80.247252,2023-07-05,4:00,4,Wednesday,0,highway,3,0,rain,medium,32,low,weather,minor,2,0,0,,0.25
18729,Chennai,Tamil Nadu,12.862923,80.238314,2022-01-14,21:00,21,Friday,0,rural,1,0,fog,low,28,medium,distraction,major,1,1,0,,0.45
18735,Chennai,Tamil Nadu,12.896466,80.275273,2022-11-11,22:00,22,Friday,0,rural,5,1,clear,high,21,low,drunk driving,minor,4,4,0,,0.1
18739,Chennai,Tamil Nadu,13.129491,80.145975,2023-07-01,17:00,17,Saturday,1,urban,3,1,rain,medium,20,medium,overspeeding,minor,5,2,1,,0.4
18740,Chennai,Tamil Nadu,13.084121,80.160535,2024-08-16,0:00,0,Friday,0,highway,1,1,clear,high,24,low,weather,minor,3,3,0,,0.1
18742,Chennai,Tamil Nadu,12.958364,80.213753,2025-01-07,19:00,19,Tuesday,0,urban,3,0,rain,low,19,low,drunk driving,minor,1,0,1,,0.6
18748,Chennai,Tamil Nadu,12.911841,80.263147,2022-02-22,13:00,13,Tuesday,0,rural,4,0,fog,low,18,high,drunk driving,major,2,1,0,,0.65
18756,Chennai,Tamil Nadu,13.008705,80.127153,2025-02-14,5:00,5,Friday,0,urban,5,1,fog,low,36,low,distraction,minor,4,2,0,,0.45
18762,Chennai,Tamil Nadu,12.951736,80.196706,2023-07-22,19:00,19,Saturday,1,rural,1,1,clear,high,30,high,distraction,major,2,0,1,,0.45
18765,Chennai,Tamil Nadu,12.853482,80.29045,2025-01-31,23:00,23,Friday,0,rural,4,1,fog,low,15,low,overspeeding,major,5,0,0,,0.45
18779,Chennai,Tamil Nadu,12.811775,80.263865,2023-08-10,13:00,13,Thursday,0,highway,6,1,clear,high,37,high,drunk driving,major,1,0,0,,0.3
18780,Chennai,Tamil Nadu,13.1836,80.204546,2024-02-14,3:00,3,Wednesday,0,highway,6,1,clear,high,28,low,distraction,minor,2,0,0,,0.1
18798,Chennai,Tamil Nadu,13.147831,80.169862,2023-10-23,15:00,15,Monday,0,highway,2,1,rain,low,16,low,distraction,minor,4,0,0,,0.45
18803,Chennai,Tamil Nadu,13.179172,80.27731,2022-11-20,1:00,1,Sunday,1,urban,1,1,rain,low,37,low,weather,minor,4,2,0,,0.45
18806,Chennai,Tamil Nadu,12.825219,80.119328,2022-06-17,1:00,1,Friday,0,rural,4,1,rain,medium,39,low,poor road,minor,3,3,0,,0.25
18812,Chennai,Tamil Nadu,12.961118,80.211546,2024-07-29,10:00,10,Monday,0,rural,1,1,fog,low,15,low,drunk driving,minor,1,0,1,,0.6
18818,Chennai,Tamil Nadu,12.8565,80.140439,2025-04-06,17:00,17,Sunday,1,urban,3,0,fog,low,39,low,drunk driving,fatal,3,3,1,,0.8
18819,Chennai,Tamil Nadu,13.158744,80.225029,2024-02-03,9:00,9,Saturday,1,highway,4,0,fog,low,15,high,drunk driving,minor,4,2,1,,0.8
18823,Chennai,Tamil Nadu,12.806666,80.103324,2023-01-24,21:00,21,Tuesday,0,urban,5,0,clear,high,19,high,overspeeding,minor,5,2,0,,0.3
18826,Chennai,Tamil Nadu,12.841709,80.181911,2022-09-13,17:00,17,Tuesday,0,highway,6,0,fog,low,32,medium,overspeeding,minor,2,1,1,,0.6
18827,Chennai,Tamil Nadu,13.194777,80.105977,2022-12-04,0:00,0,Sunday,1,highway,5,0,fog,low,18,low,poor road,major,5,3,0,,0.45
18850,Chennai,Tamil Nadu,12.88585,80.113457,2022-07-28,6:00,6,Thursday,0,highway,1,0,rain,low,21,medium,distraction,major,1,1,0,,0.45
18851,Chennai,Tamil Nadu,12.96161,80.257198,2023-02-24,0:00,0,Friday,0,highway,5,0,clear,high,37,low,drunk driving,minor,3,2,0,,0.1
18854,Chennai,Tamil Nadu,13.120666,80.134238,2023-12-16,9:00,9,Saturday,1,rural,4,1,rain,low,24,high,distraction,minor,2,0,1,,0.8
18872,Chennai,Tamil Nadu,12.926717,80.157702,2024-11-28,7:00,7,Thursday,0,rural,5,0,rain,low,31,low,overspeeding,major,2,2,0,,0.45
18877,Chennai,Tamil Nadu,12.805936,80.297207,2025-03-05,16:00,16,Wednesday,0,urban,6,1,clear,high,15,high,poor road,fatal,5,5,0,,0.5
18881,Chennai,Tamil Nadu,12.910577,80.284228,2023-08-17,15:00,15,Thursday,0,highway,4,0,rain,medium,31,low,overspeeding,minor,2,0,0,,0.25
18884,Chennai,Tamil Nadu,13.194847,80.186606,2023-05-18,20:00,20,Thursday,0,highway,2,1,fog,low,27,low,overspeeding,minor,2,2,0,,0.45
18885,Chennai,Tamil Nadu,13.18632,80.138826,2023-01-08,10:00,10,Sunday,1,urban,3,0,rain,medium,37,medium,overspeeding,minor,5,4,1,,0.4
18887,Chennai,Tamil Nadu,13.068688,80.222913,2024-12-11,16:00,16,Wednesday,0,highway,1,1,fog,low,15,medium,weather,minor,4,0,0,,0.45
18888,Chennai,Tamil Nadu,13.038614,80.249752,2023-11-03,3:00,3,Friday,0,rural,2,1,clear,high,27,low,drunk driving,minor,1,1,0,,0.1
18895,Chennai,Tamil Nadu,12.926831,80.270327,2023-09-14,19:00,19,Thursday,0,rural,1,1,fog,low,15,medium,poor road,minor,5,5,1,,0.6
18899,Chennai,Tamil Nadu,13.181668,80.235221,2022-11-12,7:00,7,Saturday,1,urban,1,0,rain,low,35,high,distraction,minor,4,1,0,,0.65
18905,Chennai,Tamil Nadu,13.010179,80.121949,2024-04-06,15:00,15,Saturday,1,highway,6,1,rain,low,37,low,overspeeding,major,2,0,0,,0.45
18906,Chennai,Tamil Nadu,13.098904,80.299763,2022-03-17,15:00,15,Thursday,0,urban,4,1,fog,low,15,medium,drunk driving,minor,2,2,0,,0.45
18916,Chennai,Tamil Nadu,12.830673,80.297633,2022-01-31,13:00,13,Monday,0,urban,6,0,clear,high,31,medium,drunk driving,fatal,5,5,0,,0.3
18922,Chennai,Tamil Nadu,12.842423,80.141298,2024-12-04,0:00,0,Wednesday,0,highway,2,1,clear,high,35,low,overspeeding,minor,5,0,0,,0.1
18925,Chennai,Tamil Nadu,12.843385,80.191578,2023-03-18,1:00,1,Saturday,1,urban,5,1,rain,low,22,medium,distraction,fatal,5,5,0,,0.65
18944,Chennai,Tamil Nadu,13.131907,80.158506,2022-12-19,18:00,18,Monday,0,rural,6,0,clear,high,30,high,drunk driving,major,4,2,1,,0.45
18949,Chennai,Tamil Nadu,13.126361,80.129537,2024-09-16,10:00,10,Monday,0,highway,4,1,rain,low,18,medium,overspeeding,minor,3,2,1,,0.6
18969,Chennai,Tamil Nadu,12.935345,80.232981,2024-01-11,2:00,2,Thursday,0,urban,1,0,fog,low,40,low,poor road,fatal,3,3,0,,0.65
18981,Chennai,Tamil Nadu,13.180056,80.26142,2024-02-12,11:00,11,Monday,0,highway,2,1,clear,high,38,low,distraction,major,1,1,0,,0.1
18995,Chennai,Tamil Nadu,12.899625,80.169433,2024-01-09,8:00,8,Tuesday,0,urban,1,0,fog,low,35,high,drunk driving,major,5,1,1,,0.8
19005,Chennai,Tamil Nadu,12.932261,80.210423,2023-02-04,19:00,19,Saturday,1,urban,2,0,rain,low,32,medium,distraction,major,1,0,1,,0.6
19014,Chennai,Tamil Nadu,13.035709,80.165067,2023-08-03,14:00,14,Thursday,0,highway,2,0,fog,low,29,high,distraction,minor,5,0,0,,0.65
19042,Chennai,Tamil Nadu,12.948615,80.224853,2024-11-12,22:00,22,Tuesday,0,highway,2,1,fog,low,35,high,distraction,major,3,3,0,,0.65
19046,Chennai,Tamil Nadu,12.912003,80.138254,2023-02-21,1:00,1,Tuesday,0,rural,4,0,clear,high,28,high,overspeeding,minor,3,0,0,,0.3
19051,Chennai,Tamil Nadu,12.863223,80.135227,2024-08-19,0:00,0,Monday,0,highway,5,0,clear,high,40,medium,weather,major,1,1,0,,0.1
19056,Chennai,Tamil Nadu,12.963828,80.178854,2022-02-26,19:00,19,Saturday,1,rural,3,0,clear,high,15,medium,distraction,major,4,2,1,,0.25
19060,Chennai,Tamil Nadu,12.958794,80.108363,2022-12-30,9:00,9,Friday,0,highway,2,1,fog,low,17,high,drunk driving,minor,1,0,1,,0.8
19070,Chennai,Tamil Nadu,13.057667,80.221038,2022-11-30,9:00,9,Wednesday,0,highway,1,0,clear,high,26,high,weather,major,4,4,1,,0.45
19074,Chennai,Tamil Nadu,13.100801,80.150671,2022-06-10,1:00,1,Friday,0,rural,3,1,clear,high,22,low,poor road,fatal,3,3,0,,0.3
19076,Chennai,Tamil Nadu,12.911553,80.232279,2022-02-17,21:00,21,Thursday,0,urban,6,1,clear,high,36,medium,weather,major,5,4,0,,0.1
19078,Chennai,Tamil Nadu,12.804317,80.264615,2023-03-11,7:00,7,Saturday,1,highway,1,1,rain,low,20,medium,drunk driving,major,2,2,0,,0.45
19079,Chennai,Tamil Nadu,12.821289,80.206646,2023-01-12,6:00,6,Thursday,0,urban,3,0,fog,low,40,medium,overspeeding,major,1,0,0,,0.45
19082,Chennai,Tamil Nadu,12.828788,80.173404,2024-05-30,7:00,7,Thursday,0,highway,2,0,fog,low,26,low,weather,major,3,2,0,,0.45
19084,Chennai,Tamil Nadu,13.130827,80.173526,2023-01-29,15:00,15,Sunday,1,urban,5,0,rain,medium,24,high,distraction,minor,2,1,0,,0.45
19085,Chennai,Tamil Nadu,13.109809,80.268179,2022-10-10,22:00,22,Monday,0,rural,3,0,fog,low,25,medium,distraction,major,4,3,0,,0.45
19100,Chennai,Tamil Nadu,12.998433,80.292821,2024-11-23,17:00,17,Saturday,1,highway,5,0,rain,low,29,high,drunk driving,minor,2,0,1,,0.8
19103,Chennai,Tamil Nadu,13.170822,80.195504,2025-01-29,18:00,18,Wednesday,0,highway,6,1,clear,high,31,high,poor road,minor,2,2,1,,0.45
19108,Chennai,Tamil Nadu,12.986577,80.242936,2022-06-30,14:00,14,Thursday,0,highway,4,1,rain,medium,40,low,overspeeding,major,3,0,0,,0.25
19110,Chennai,Tamil Nadu,13.000139,80.194505,2023-03-10,5:00,5,Friday,0,highway,4,0,rain,low,34,high,drunk driving,major,2,2,0,,0.65
19117,Chennai,Tamil Nadu,12.8573,80.291322,2023-12-12,5:00,5,Tuesday,0,rural,5,1,clear,high,35,low,distraction,minor,3,2,0,,0.1
19123,Chennai,Tamil Nadu,13.130248,80.299112,2024-07-16,7:00,7,Tuesday,0,rural,5,0,rain,low,31,medium,drunk driving,minor,5,5,0,,0.45
19130,Chennai,Tamil Nadu,13.029469,80.189101,2022-07-17,19:00,19,Sunday,1,urban,1,0,fog,low,36,high,distraction,major,3,3,1,,0.8
19134,Chennai,Tamil Nadu,13.156503,80.245265,2023-10-17,6:00,6,Tuesday,0,highway,5,1,fog,low,15,low,weather,minor,4,4,0,,0.45
19136,Chennai,Tamil Nadu,12.990017,80.197228,2024-01-31,6:00,6,Wednesday,0,urban,3,0,rain,medium,19,medium,weather,major,5,0,0,,0.25
19138,Chennai,Tamil Nadu,12.924586,80.239137,2023-01-12,14:00,14,Thursday,0,rural,6,0,fog,low,21,high,distraction,major,3,0,0,,0.65
19140,Chennai,Tamil Nadu,13.059019,80.110386,2023-05-06,8:00,8,Saturday,1,urban,1,1,fog,low,21,high,distraction,minor,4,2,1,,0.8
19144,Chennai,Tamil Nadu,12.830216,80.235553,2023-11-18,21:00,21,Saturday,1,highway,5,1,clear,high,16,low,poor road,fatal,4,4,0,,0.3
19159,Chennai,Tamil Nadu,13.054579,80.156602,2022-11-22,20:00,20,Tuesday,0,highway,1,0,clear,high,18,low,drunk driving,minor,4,3,0,,0.1
19180,Chennai,Tamil Nadu,12.977694,80.135555,2023-04-01,1:00,1,Saturday,1,rural,3,0,clear,high,40,low,poor road,minor,5,2,0,,0.1
19181,Chennai,Tamil Nadu,13.094119,80.284916,2024-12-10,16:00,16,Tuesday,0,rural,1,1,clear,high,28,medium,overspeeding,minor,5,4,0,,0.1
19184,Chennai,Tamil Nadu,12.982524,80.127711,2024-08-03,7:00,7,Saturday,1,highway,6,1,clear,high,38,low,drunk driving,minor,1,0,0,,0.1
19199,Chennai,Tamil Nadu,13.072044,80.266195,2024-09-30,13:00,13,Monday,0,highway,6,0,clear,high,40,medium,weather,minor,5,0,0,,0.1
19207,Chennai,Tamil Nadu,13.128612,80.230974,2022-09-20,13:00,13,Tuesday,0,urban,3,0,fog,low,26,high,poor road,minor,3,3,0,,0.65
19213,Chennai,Tamil Nadu,12.984628,80.119289,2023-12-11,18:00,18,Monday,0,highway,6,0,fog,low,27,high,distraction,fatal,1,1,1,,1.0
19216,Chennai,Tamil Nadu,13.045473,80.216506,2022-01-16,3:00,3,Sunday,1,highway,4,1,fog,low,37,medium,weather,minor,1,1,0,,0.45
19217,Chennai,Tamil Nadu,13.138824,80.150198,2023-04-02,10:00,10,Sunday,1,highway,2,0,fog,low,27,high,poor road,fatal,3,3,1,,1.0
19218,Chennai,Tamil Nadu,13.132632,80.115095,2022-07-29,0:00,0,Friday,0,urban,4,0,clear,high,18,low,weather,major,3,2,0,,0.1
19219,Chennai,Tamil Nadu,13.067484,80.294152,2022-05-15,14:00,14,Sunday,1,rural,3,0,rain,medium,33,medium,distraction,minor,5,5,0,,0.25
19222,Chennai,Tamil Nadu,13.180075,80.172184,2023-09-11,23:00,23,Monday,0,rural,5,0,fog,low,29,low,overspeeding,minor,2,1,0,,0.45
19253,Chennai,Tamil Nadu,13.056959,80.255945,2022-04-03,12:00,12,Sunday,1,urban,6,0,clear,high,27,medium,poor road,fatal,4,4,0,,0.3
19261,Chennai,Tamil Nadu,13.127323,80.153825,2023-08-07,4:00,4,Monday,0,urban,2,0,fog,low,31,high,overspeeding,fatal,2,2,0,,0.85
19275,Chennai,Tamil Nadu,13.155843,80.132092,2024-04-05,3:00,3,Friday,0,highway,6,1,fog,low,15,low,drunk driving,minor,4,4,0,,0.45
19276,Chennai,Tamil Nadu,13.091452,80.269859,2025-01-26,0:00,0,Sunday,1,urban,6,0,clear,high,25,low,drunk driving,fatal,1,1,0,,0.3
19289,Chennai,Tamil Nadu,12.808262,80.165633,2024-09-03,14:00,14,Tuesday,0,rural,2,1,fog,low,31,high,overspeeding,minor,2,1,0,,0.65
19302,Chennai,Tamil Nadu,12.964817,80.251759,2023-04-09,9:00,9,Sunday,1,urban,2,0,fog,low,16,high,drunk driving,minor,2,0,1,,0.8
19303,Chennai,Tamil Nadu,12.904891,80.110301,2022-02-19,12:00,12,Saturday,1,rural,5,0,rain,medium,15,medium,poor road,major,1,1,0,,0.25
19313,Chennai,Tamil Nadu,13.159462,80.231025,2024-01-17,12:00,12,Wednesday,0,highway,4,1,clear,high,29,medium,overspeeding,minor,3,0,0,,0.1
19331,Chennai,Tamil Nadu,12.958391,80.172063,2022-06-27,0:00,0,Monday,0,urban,5,1,clear,high,25,medium,drunk driving,minor,3,0,0,,0.1
19332,Chennai,Tamil Nadu,13.040687,80.112974,2023-07-21,8:00,8,Friday,0,urban,6,1,clear,high,40,high,poor road,minor,3,0,1,,0.45
19335,Chennai,Tamil Nadu,13.168759,80.299694,2024-08-09,11:00,11,Friday,0,highway,2,1,rain,medium,31,medium,drunk driving,minor,3,2,0,,0.25
19338,Chennai,Tamil Nadu,12.872115,80.157421,2023-10-28,5:00,5,Saturday,1,rural,5,0,fog,low,29,high,weather,major,4,2,0,,0.65
19353,Chennai,Tamil Nadu,13.14787,80.108834,2023-07-24,23:00,23,Monday,0,rural,5,1,rain,medium,21,high,poor road,major,1,0,0,,0.45
19369,Chennai,Tamil Nadu,13.176593,80.10742,2024-02-24,2:00,2,Saturday,1,highway,4,1,rain,low,15,high,poor road,major,3,0,0,,0.65
19373,Chennai,Tamil Nadu,13.149092,80.291465,2023-08-10,2:00,2,Thursday,0,highway,6,0,fog,low,33,low,weather,minor,1,1,0,,0.45
19383,Chennai,Tamil Nadu,12.877906,80.154973,2025-02-09,12:00,12,Sunday,1,urban,6,1,rain,medium,38,low,drunk driving,minor,4,1,0,,0.25
19405,Chennai,Tamil Nadu,13.019011,80.256856,2022-02-26,19:00,19,Saturday,1,urban,4,1,clear,high,17,high,distraction,minor,5,2,1,,0.45
19421,Chennai,Tamil Nadu,12.929375,80.254878,2025-01-11,21:00,21,Saturday,1,urban,1,0,rain,medium,40,medium,weather,minor,1,0,0,,0.25
19441,Chennai,Tamil Nadu,12.951129,80.282744,2024-01-10,23:00,23,Wednesday,0,highway,2,1,clear,high,28,medium,distraction,major,2,2,0,,0.1
19448,Chennai,Tamil Nadu,13.073138,80.213208,2024-12-15,9:00,9,Sunday,1,rural,5,1,fog,low,33,high,overspeeding,minor,1,0,1,,0.8
19449,Chennai,Tamil Nadu,13.044621,80.120735,2022-09-22,22:00,22,Thursday,0,urban,4,0,fog,low,31,low,drunk driving,fatal,4,4,0,,0.65
19452,Chennai,Tamil Nadu,12.884196,80.248343,2025-04-11,0:00,0,Friday,0,urban,6,0,clear,high,31,low,drunk driving,major,5,1,0,,0.1
19469,Chennai,Tamil Nadu,13.185812,80.169818,2022-11-29,19:00,19,Tuesday,0,rural,5,0,clear,high,22,low,drunk driving,minor,2,0,1,,0.25
19471,Chennai,Tamil Nadu,13.02868,80.265212,2022-05-09,1:00,1,Monday,0,urban,6,0,rain,low,40,low,drunk driving,minor,5,3,0,,0.45
19484,Chennai,Tamil Nadu,13.136732,80.260606,2023-08-13,7:00,7,Sunday,1,urban,3,0,rain,medium,34,high,distraction,minor,4,0,0,,0.45
19495,Chennai,Tamil Nadu,13.114145,80.129087,2023-09-11,22:00,22,Monday,0,rural,5,0,rain,low,20,low,drunk driving,minor,5,0,0,,0.45
19501,Chennai,Tamil Nadu,12.883741,80.148532,2023-10-26,11:00,11,Thursday,0,highway,2,0,fog,low,39,high,distraction,minor,3,3,0,,0.65
19506,Chennai,Tamil Nadu,13.116896,80.100004,2023-06-09,6:00,6,Friday,0,rural,6,1,rain,medium,23,medium,drunk driving,fatal,4,4,0,,0.45
19510,Chennai,Tamil Nadu,13.140457,80.176072,2024-02-22,14:00,14,Thursday,0,rural,1,0,fog,low,40,medium,distraction,major,3,1,0,,0.45
19512,Chennai,Tamil Nadu,13.046568,80.218105,2022-01-28,20:00,20,Friday,0,highway,4,1,fog,low,36,medium,drunk driving,fatal,1,1,0,,0.65
19522,Chennai,Tamil Nadu,12.801833,80.250127,2023-04-23,20:00,20,Sunday,1,rural,3,1,fog,low,39,low,distraction,minor,1,1,0,,0.45
19529,Chennai,Tamil Nadu,13.078855,80.238669,2023-01-12,17:00,17,Thursday,0,urban,4,0,fog,low,36,medium,poor road,minor,5,0,1,,0.6
19535,Chennai,Tamil Nadu,13.181225,80.265065,2023-02-05,9:00,9,Sunday,1,highway,2,1,clear,high,28,high,weather,major,4,3,1,,0.45
19537,Chennai,Tamil Nadu,12.861935,80.198541,2024-03-26,3:00,3,Tuesday,0,highway,2,1,rain,medium,24,low,drunk driving,fatal,1,1,0,,0.45
19540,Chennai,Tamil Nadu,13.025291,80.234951,2022-09-08,8:00,8,Thursday,0,rural,1,0,fog,low,32,high,overspeeding,fatal,1,1,1,,1.0
19546,Chennai,Tamil Nadu,12.985078,80.167956,2024-11-12,7:00,7,Tuesday,0,highway,5,0,rain,low,37,medium,distraction,minor,2,2,0,,0.45
19555,Chennai,Tamil Nadu,13.13275,80.257277,2023-12-24,6:00,6,Sunday,1,highway,3,1,clear,high,18,medium,poor road,major,5,4,0,,0.1
19559,Chennai,Tamil Nadu,12.833505,80.129005,2024-02-13,20:00,20,Tuesday,0,highway,5,1,fog,low,30,high,weather,minor,5,3,0,,0.65
19560,Chennai,Tamil Nadu,13.141317,80.194331,2024-03-10,13:00,13,Sunday,1,highway,4,1,rain,medium,31,medium,distraction,minor,5,0,0,,0.25
19563,Chennai,Tamil Nadu,12.981622,80.257174,2022-01-20,3:00,3,Thursday,0,rural,1,1,fog,low,40,low,poor road,minor,4,4,0,,0.45
19565,Chennai,Tamil Nadu,12.911385,80.224045,2025-03-21,23:00,23,Friday,0,rural,3,1,rain,low,16,low,weather,fatal,3,3,0,,0.65
19574,Chennai,Tamil Nadu,13.115604,80.224876,2024-04-06,20:00,20,Saturday,1,urban,6,1,rain,medium,17,medium,poor road,major,2,2,0,,0.25
19590,Chennai,Tamil Nadu,13.025084,80.298986,2022-05-17,9:00,9,Tuesday,0,highway,5,1,rain,low,24,high,overspeeding,minor,3,0,1,,0.8
19598,Chennai,Tamil Nadu,13.192361,80.174617,2024-08-11,10:00,10,Sunday,1,highway,5,1,rain,low,39,medium,overspeeding,minor,4,4,1,,0.6
19602,Chennai,Tamil Nadu,12.972979,80.213844,2023-08-10,5:00,5,Thursday,0,urban,6,0,fog,low,23,low,poor road,minor,1,0,0,,0.45
19605,Chennai,Tamil Nadu,13.081824,80.21119,2024-02-14,10:00,10,Wednesday,0,highway,5,0,fog,low,27,high,distraction,minor,5,0,1,,0.8
19613,Chennai,Tamil Nadu,13.052595,80.116138,2024-07-12,19:00,19,Friday,0,rural,3,1,fog,low,26,medium,distraction,major,4,1,1,,0.6
19616,Chennai,Tamil Nadu,12.87205,80.131365,2025-02-27,3:00,3,Thursday,0,rural,1,0,clear,high,40,low,distraction,minor,1,0,0,,0.1
19647,Chennai,Tamil Nadu,13.090772,80.135714,2023-04-02,12:00,12,Sunday,1,urban,2,0,clear,high,18,medium,poor road,minor,4,4,0,,0.1
19649,Chennai,Tamil Nadu,12.990707,80.184006,2022-10-01,3:00,3,Saturday,1,urban,5,1,fog,low,33,high,weather,minor,2,2,0,,0.65
19650,Chennai,Tamil Nadu,13.093294,80.115256,2025-01-05,3:00,3,Sunday,1,urban,4,1,clear,high,26,low,distraction,minor,3,3,0,,0.1
19653,Chennai,Tamil Nadu,13.044479,80.281972,2022-12-13,17:00,17,Tuesday,0,rural,4,1,rain,medium,17,medium,drunk driving,major,4,4,1,,0.4
19664,Chennai,Tamil Nadu,13.00679,80.285834,2024-02-26,0:00,0,Monday,0,urban,3,0,clear,high,32,low,weather,fatal,1,1,0,,0.3
19673,Chennai,Tamil Nadu,12.845198,80.228129,2024-10-22,1:00,1,Tuesday,0,urban,1,1,clear,high,27,low,distraction,major,5,2,0,,0.1
19686,Chennai,Tamil Nadu,13.058339,80.10916,2022-12-09,23:00,23,Friday,0,highway,5,0,rain,medium,22,low,distraction,major,4,4,0,,0.25
19706,Chennai,Tamil Nadu,12.935045,80.150449,2024-04-13,17:00,17,Saturday,1,highway,4,0,rain,medium,22,high,overspeeding,minor,4,0,1,,0.6
19719,Chennai,Tamil Nadu,13.060998,80.16239,2023-01-03,17:00,17,Tuesday,0,highway,6,0,rain,low,30,high,overspeeding,minor,1,1,1,,0.8
19722,Chennai,Tamil Nadu,12.909437,80.267159,2022-05-25,5:00,5,Wednesday,0,rural,5,0,fog,low,38,high,distraction,major,4,4,0,,0.65
19731,Chennai,Tamil Nadu,12.943188,80.193585,2023-11-04,12:00,12,Saturday,1,rural,1,0,clear,high,19,low,weather,minor,3,2,0,,0.1
19735,Chennai,Tamil Nadu,13.166978,80.100503,2023-12-25,3:00,3,Monday,0,urban,3,0,rain,low,38,low,overspeeding,minor,4,1,0,,0.45
19746,Chennai,Tamil Nadu,13.136097,80.109921,2023-02-21,1:00,1,Tuesday,0,highway,4,0,rain,medium,20,medium,weather,major,2,2,0,,0.25
19747,Chennai,Tamil Nadu,13.124146,80.138803,2024-01-06,17:00,17,Saturday,1,urban,5,1,fog,low,31,medium,drunk driving,major,2,1,1,,0.6
19751,Chennai,Tamil Nadu,12.957834,80.243399,2022-10-09,18:00,18,Sunday,1,rural,2,0,fog,low,18,high,distraction,minor,4,3,1,,0.8
19752,Chennai,Tamil Nadu,13.000316,80.142753,2022-09-03,13:00,13,Saturday,1,highway,5,0,clear,high,40,medium,distraction,minor,2,1,0,,0.1
19758,Chennai,Tamil Nadu,13.121886,80.277412,2025-01-05,16:00,16,Sunday,1,urban,2,0,fog,low,38,medium,drunk driving,minor,1,0,0,,0.45
19763,Chennai,Tamil Nadu,12.977292,80.245548,2022-01-02,21:00,21,Sunday,1,highway,4,1,clear,high,15,high,weather,major,3,2,0,,0.3
19769,Chennai,Tamil Nadu,12.837276,80.291674,2023-07-21,11:00,11,Friday,0,rural,2,0,fog,low,27,low,poor road,minor,4,3,0,,0.45
19786,Chennai,Tamil Nadu,13.125547,80.220428,2022-05-06,3:00,3,Friday,0,urban,3,0,rain,medium,38,low,drunk driving,minor,3,1,0,,0.25
19787,Chennai,Tamil Nadu,13.178512,80.249353,2024-10-16,5:00,5,Wednesday,0,highway,3,0,rain,medium,32,low,drunk driving,minor,5,1,0,,0.25
19789,Chennai,Tamil Nadu,12.884888,80.250247,2022-06-26,0:00,0,Sunday,1,rural,5,1,fog,low,40,medium,overspeeding,minor,4,3,0,,0.45
19793,Chennai,Tamil Nadu,13.196432,80.163663,2024-02-02,16:00,16,Friday,0,highway,4,1,clear,high,22,high,distraction,major,4,0,0,,0.3
19809,Chennai,Tamil Nadu,13.00575,80.194874,2022-12-19,15:00,15,Monday,0,urban,3,1,clear,high,35,low,poor road,minor,1,1,0,,0.1
19838,Chennai,Tamil Nadu,13.197138,80.283661,2024-04-13,23:00,23,Saturday,1,highway,6,0,fog,low,30,low,overspeeding,minor,4,1,0,,0.45
19843,Chennai,Tamil Nadu,12.960959,80.272882,2023-07-26,23:00,23,Wednesday,0,highway,5,1,rain,low,38,high,overspeeding,major,1,1,0,,0.65
19850,Chennai,Tamil Nadu,13.049983,80.218772,2022-10-15,13:00,13,Saturday,1,urban,4,0,clear,high,38,low,poor road,minor,5,0,0,,0.1
19852,Chennai,Tamil Nadu,13.097699,80.200682,2024-08-06,4:00,4,Tuesday,0,rural,3,1,fog,low,19,low,distraction,minor,2,2,0,,0.45
19870,Chennai,Tamil Nadu,13.027294,80.149223,2024-10-13,16:00,16,Sunday,1,highway,5,0,rain,medium,28,low,poor road,minor,1,0,0,,0.25
19874,Chennai,Tamil Nadu,12.888891,80.251456,2024-06-14,18:00,18,Friday,0,rural,2,1,clear,high,18,high,overspeeding,minor,5,3,1,,0.45
19883,Chennai,Tamil Nadu,13.164496,80.22513,2022-09-15,9:00,9,Thursday,0,rural,4,0,rain,medium,32,high,distraction,major,2,1,1,,0.6
19905,Chennai,Tamil Nadu,12.845279,80.29625,2024-05-03,19:00,19,Friday,0,urban,3,1,fog,low,38,high,poor road,minor,3,3,1,,0.8
19908,Chennai,Tamil Nadu,12.976002,80.174349,2023-05-05,23:00,23,Friday,0,highway,3,0,clear,high,21,high,weather,minor,1,0,0,,0.3
19909,Chennai,Tamil Nadu,13.112704,80.248973,2024-06-24,13:00,13,Monday,0,highway,3,1,clear,high,20,medium,poor road,minor,1,1,0,,0.1
19912,Chennai,Tamil Nadu,13.174837,80.295346,2023-11-07,7:00,7,Tuesday,0,highway,2,1,fog,low,23,medium,weather,minor,5,3,0,,0.45
19928,Chennai,Tamil Nadu,12.897498,80.228586,2024-03-25,2:00,2,Monday,0,highway,1,1,rain,low,35,low,distraction,major,4,3,0,Holi,0.55
19936,Chennai,Tamil Nadu,12.953928,80.185189,2023-08-25,6:00,6,Friday,0,rural,1,1,clear,high,28,medium,drunk driving,fatal,4,4,0,,0.3
19938,Chennai,Tamil Nadu,13.030783,80.182784,2022-11-04,13:00,13,Friday,0,highway,5,0,clear,high,27,high,overspeeding,major,3,1,0,,0.3
19971,Chennai,Tamil Nadu,13.101921,80.261875,2022-05-26,20:00,20,Thursday,0,urban,2,0,fog,low,29,medium,distraction,major,5,5,0,,0.45
19987,Chennai,Tamil Nadu,12.99902,80.15525,2024-12-23,9:00,9,Monday,0,urban,4,0,clear,high,21,medium,distraction,major,1,0,1,,0.25
19996,Chennai,Tamil Nadu,13.172928,80.157062,2023-11-25,1:00,1,Saturday,1,urban,1,1,clear,high,20,low,distraction,major,4,2,0,,0.1
19997,Chennai,Tamil Nadu,12.99717,80.150724,2022-06-18,15:00,15,Saturday,1,rural,3,0,clear,high,22,low,weather,minor,3,3,0,,0.1
