road_id,from_zone,to_zone,from_lat,from_lon,to_lat,to_lon,distance_km,lanes,traffic_density,source_risk_score,road_status,water_depth_m,travel_time_min
R0001,Z05,Z01,12.996411,80.115814,13.128612,80.230974,8.0,2,medium,0.45,Open,0.07,20.0
R0002,Z01,Z04,13.149476,80.247158,12.867412,80.276954,8.0,3,medium,0.65,Open,0.1,22.0
R0003,Z03,Z03,12.995462,80.268444,13.026355,80.287258,4.9,3,high,0.1,Open,0.04,15.0
R0004,Z04,Z04,12.92935,80.201991,12.90234,80.177051,4.89,2,high,0.6,Open,0.09,15.0
R0005,Z05,Z04,13.06505,80.182482,12.829092,80.111005,8.0,2,medium,0.65,Open,0.06,20.0
R0006,Z05,Z05,13.047683,80.153537,13.049995,80.128536,3.17,2,low,0.4,Open,0.03,7.0
R0007,Z05,Z05,13.137303,80.112927,13.086327,80.149168,8.0,3,high,0.1,Open,0.12,26.0
R0008,Z04,Z05,12.845869,80.164399,12.967919,80.148835,8.0,1,high,0.8,Open,0.09,24.0
R0009,Z04,Z01,12.928114,80.28121,13.197436,80.237455,8.0,3,medium,0.45,Open,0.08,22.0
R0010,Z03,Z03,12.985624,80.296864,13.010989,80.231369,8.0,2,low,0.3,Open,0.1,17.0
R0011,Z01,Z01,13.177969,80.157725,13.167099,80.128024,4.04,4,low,0.6,Open,0.05,9.0
R0012,Z01,Z04,13.121918,80.212704,12.854975,80.142989,8.0,2,high,0.45,Open,0.0,26.0
R0013,Z04,Z04,12.918477,80.208836,12.905437,80.180288,4.03,4,low,0.1,Open,0.07,8.0
R0014,Z01,Z04,13.134177,80.290553,12.905437,80.180288,8.0,4,medium,0.65,Open,0.01,23.0
R0015,Z05,Z05,12.984628,80.119289,13.081975,80.182263,8.0,4,low,0.1,Open,0.1,18.0
R0016,Z05,Z03,12.965027,80.149211,12.990992,80.266618,8.0,2,low,0.45,Open,0.12,14.0
R0017,Z01,Z04,13.183409,80.257544,12.910225,80.265923,8.0,4,medium,0.45,Open,0.0,21.0
R0018,Z04,Z04,12.905437,80.180288,12.953783,80.201916,7.24,4,medium,0.65,Open,0.07,20.0
R0019,Z04,Z03,12.800331,80.172707,12.953116,80.278683,8.0,6,medium,0.45,Open,0.08,23.0
R0020,Z04,Z01,12.839494,80.177933,13.178615,80.135975,8.0,4,low,0.45,Open,0.08,19.0
R0021,Z04,Z02,12.916615,80.103924,13.092675,80.222162,8.0,2,medium,0.45,Open,0.05,18.0
R0022,Z04,Z05,12.879266,80.115344,13.009203,80.153276,8.0,4,high,0.8,Open,0.02,31.0
R0023,Z05,Z01,12.988979,80.169063,13.098904,80.299763,8.0,1,medium,0.45,Open,0.11,23.0
R0024,Z04,Z04,12.813072,80.283457,12.811739,80.285293,0.3,5,medium,0.1,Open,0.07,1.0
R0025,Z05,Z01,13.045682,80.130743,13.098904,80.299763,8.0,4,low,0.8,Open,0.08,16.0
R0026,Z05,Z01,12.988979,80.169063,13.138966,80.216937,8.0,3,high,0.1,Open,0.01,27.0
R0027,Z01,Z05,13.18451,80.114959,13.049284,80.173524,8.0,1,low,0.6,Open,0.11,16.0
R0028,Z03,Z01,12.985379,80.270569,13.191099,80.2506,8.0,3,high,0.45,Open,0.06,25.0
R0029,Z05,Z01,13.149261,80.103419,13.100773,80.262566,8.0,3,low,0.45,Open,0.04,17.0
R0030,Z05,Z04,12.957,80.144806,12.886495,80.169046,8.0,5,medium,0.25,Open,0.02,24.0
R0031,Z04,Z04,12.873977,80.170854,12.803447,80.190025,8.0,3,low,0.1,Open,0.11,17.0
R0032,Z04,Z02,12.879417,80.282199,13.066581,80.280339,8.0,3,medium,0.65,Open,0.11,20.0
R0033,Z01,Z05,13.169345,80.289694,13.134323,80.107228,8.0,3,medium,0.3,Open,0.11,19.0
R0034,Z05,Z05,13.04818,80.137772,13.0393,80.215464,8.0,5,medium,0.6,Open,0.09,20.0
R0035,Z05,Z01,12.961216,80.143204,13.138966,80.216937,8.0,2,low,0.45,Open,0.11,16.0
R0036,Z05,Z02,13.171117,80.116406,13.072331,80.216361,8.0,4,low,0.1,Open,0.03,17.0
R0037,Z01,Z01,13.165904,80.143318,13.18632,80.138826,2.89,3,low,0.3,Open,0.03,5.0
R0038,Z05,Z05,13.008102,80.163526,13.154714,80.110486,8.0,4,low,0.6,Open,0.1,16.0
R0039,Z04,Z01,12.879705,80.107007,13.147743,80.284721,8.0,3,high,0.1,Open,0.01,31.0
R0040,Z05,Z05,13.128577,80.12399,13.034166,80.209832,8.0,2,medium,0.65,Open,0.04,19.0
R0041,Z05,Z01,12.997809,80.156798,13.172928,80.157062,8.0,5,high,0.85,Open,0.11,26.0
R0042,Z05,Z01,13.152326,80.110816,13.103774,80.258784,8.0,3,medium,0.3,Open,0.01,19.0
R0043,Z04,Z05,12.804397,80.225323,13.080232,80.131154,8.0,6,low,0.65,Open,0.02,15.0
R0044,Z01,Z05,13.192716,80.153085,12.950767,80.119943,8.0,2,medium,0.45,Open,0.08,22.0
R0045,Z04,Z02,12.99687,80.202554,13.108131,80.205146,8.0,4,medium,0.1,Open,0.07,22.0
R0046,Z04,Z01,12.879266,80.115344,13.181225,80.265065,8.0,1,low,0.3,Open,0.0,16.0
R0047,Z01,Z04,13.121351,80.255185,12.884835,80.121577,8.0,2,low,0.6,Open,0.01,17.0
R0048,Z05,Z01,13.152326,80.110816,13.170822,80.195504,8.0,5,low,0.45,Open,0.11,15.0
R0049,Z01,Z03,13.171261,80.192267,13.03324,80.223743,8.0,3,medium,0.65,Open,0.09,21.0
R0050,Z05,Z02,13.002232,80.118523,13.067617,80.271861,8.0,3,high,0.3,Open,0.09,25.0
R0051,Z01,Z01,13.094119,80.284916,13.161164,80.21271,8.0,3,high,0.65,Open,0.06,31.0
R0052,Z05,Z05,12.976348,80.167709,13.035809,80.170197,8.0,3,high,0.45,Open,0.09,25.0
R0053,Z04,Z04,12.857455,80.136116,12.923608,80.226417,8.0,3,medium,0.8,Open,0.09,22.0
R0054,Z04,Z01,12.861826,80.265206,13.117888,80.234359,8.0,1,high,0.45,Open,0.01,24.0
R0055,Z04,Z02,12.821681,80.163466,13.050483,80.266499,8.0,3,medium,0.1,Open,0.11,21.0
R0056,Z04,Z04,12.948804,80.158977,12.832497,80.256613,8.0,3,medium,0.45,Open,0.08,20.0
R0057,Z01,Z02,13.177969,80.157725,13.088205,80.282326,8.0,1,medium,0.1,Open,0.01,22.0
R0058,Z02,Z03,13.057548,80.234556,12.967702,80.295155,8.0,4,medium,0.45,Open,0.05,22.0
R0059,Z05,Z03,13.051843,80.101492,12.96236,80.293919,8.0,3,high,0.1,Open,0.08,27.0
R0060,Z05,Z04,13.045682,80.130743,12.932201,80.171009,8.0,3,medium,0.65,Open,0.02,19.0
R0061,Z05,Z05,12.956083,80.12766,13.053856,80.199701,8.0,5,high,0.45,Open,0.05,25.0
R0062,Z04,Z01,12.888891,80.251456,13.167547,80.144491,8.0,3,high,0.75,Open,0.1,25.0
R0063,Z02,Z03,13.108131,80.205146,12.96236,80.293919,8.0,2,medium,0.1,Open,0.11,23.0
R0064,Z01,Z05,13.103774,80.258784,13.129312,80.155801,8.0,3,high,0.65,Open,0.11,28.0
R0065,Z05,Z04,13.00575,80.194874,12.958422,80.16674,7.47,2,low,0.65,Open,0.11,18.0
R0066,Z05,Z04,13.132168,80.140299,12.892055,80.122731,8.0,3,low,0.45,Open,0.0,18.0
R0067,Z04,Z01,12.909653,80.186383,13.105254,80.251276,8.0,3,high,0.25,Open,0.03,29.0
R0068,Z03,Z04,12.990661,80.299722,12.800942,80.141466,8.0,1,medium,0.1,Open,0.07,23.0
R0069,Z01,Z05,13.196432,80.163663,13.101488,80.166135,8.0,4,medium,0.3,Open,0.02,21.0
R0070,Z04,Z01,12.842658,80.154615,13.149879,80.255234,8.0,6,high,0.25,Open,0.02,31.0
R0071,Z04,Z04,12.838715,80.152143,12.879266,80.115344,7.3,1,medium,0.45,Open,0.0,20.0
R0072,Z04,Z01,12.86642,80.247011,13.194883,80.239893,8.0,3,medium,0.45,Open,0.02,20.0
R0073,Z01,Z04,13.193623,80.18198,12.91542,80.168664,8.0,3,medium,0.65,Open,0.05,24.0
R0074,Z04,Z05,12.812884,80.252648,13.032944,80.159342,8.0,4,medium,0.45,Open,0.06,19.0
R0075,Z02,Z05,13.098467,80.234911,12.997029,80.180985,8.0,4,medium,0.45,Open,0.09,23.0
R0076,Z02,Z04,13.043664,80.258363,12.95539,80.180246,8.0,4,medium,0.65,Open,0.02,20.0
R0077,Z02,Z04,13.106529,80.237467,12.851906,80.237577,8.0,4,high,0.25,Open,0.07,29.0
R0078,Z04,Z01,12.942369,80.162074,13.094119,80.284916,8.0,2,high,0.3,Open,0.08,31.0
R0079,Z04,Z04,12.924645,80.211452,12.849446,80.297604,8.0,3,low,0.8,Open,0.12,18.0
R0080,Z05,Z01,13.055432,80.177971,13.191099,80.2506,8.0,1,low,0.45,Open,0.04,16.0
R0081,Z05,Z05,13.06505,80.182482,13.045682,80.130743,7.06,1,low,0.45,Open,0.02,16.0
R0082,Z04,Z03,12.861826,80.265206,12.990661,80.299722,8.0,4,high,0.45,Open,0.07,25.0
R0083,Z01,Z05,13.169345,80.289694,13.064537,80.113732,8.0,3,medium,0.65,Open,0.03,20.0
R0084,Z05,Z01,13.08804,80.194476,13.177969,80.157725,8.0,6,medium,0.3,Open,0.02,21.0
R0085,Z02,Z03,13.041202,80.281153,13.01833,80.254082,4.66,2,low,0.3,Open,0.08,10.0
R0086,Z05,Z05,12.945861,80.117513,13.106379,80.121158,8.0,4,medium,0.25,Open,0.03,24.0
R0087,Z05,Z03,13.109903,80.151201,12.990992,80.266618,8.0,4,high,0.8,Open,0.0,29.0
R0088,Z04,Z04,12.898188,80.15184,12.942028,80.277695,8.0,1,medium,0.45,Open,0.11,24.0
R0089,Z04,Z05,12.87369,80.122421,13.062244,80.117455,8.0,1,medium,0.8,Open,0.12,21.0
R0090,Z01,Z01,13.142228,80.220438,13.184974,80.224829,5.96,3,medium,0.45,Open,0.05,15.0
R0091,Z01,Z04,13.147494,80.297726,12.964817,80.251759,8.0,3,high,0.1,Open,0.05,26.0
R0092,Z04,Z02,12.810145,80.159297,13.050483,80.266499,8.0,1,high,0.8,Open,0.03,29.0
R0093,Z04,Z04,12.813072,80.283457,12.904797,80.254944,8.0,3,medium,0.65,Open,0.08,18.0
R0094,Z04,Z04,12.891806,80.187451,12.883825,80.14831,5.06,3,medium,0.8,Open,0.01,14.0
R0095,Z04,Z01,12.875143,80.123884,13.105067,80.276132,8.0,2,low,0.65,Open,0.03,17.0
R0096,Z04,Z04,12.924645,80.211452,12.847954,80.110627,8.0,3,medium,0.45,Open,0.06,19.0
R0097,Z04,Z01,12.92456,80.1695,13.169345,80.289694,8.0,5,low,0.1,Open,0.01,18.0
R0098,Z01,Z05,13.147743,80.284721,13.044436,80.130103,8.0,4,low,0.1,Open,0.0,15.0
R0099,Z05,Z05,13.000316,80.142753,13.014101,80.1717,4.12,4,low,0.45,Open,0.05,8.0
R0100,Z01,Z01,13.169345,80.289694,13.193623,80.18198,8.0,2,high,0.65,Open,0.03,24.0
R0101,Z03,Z02,12.967702,80.295155,13.092675,80.222162,8.0,5,medium,0.45,Open,0.04,21.0
R0102,Z04,Z04,12.898931,80.202202,12.894591,80.133396,8.0,4,medium,0.45,Open,0.02,22.0
R0103,Z05,Z01,12.976348,80.167709,13.129196,80.193715,8.0,2,medium,0.45,Open,0.11,22.0
R0104,Z01,Z05,13.167691,80.214004,12.99902,80.15525,8.0,4,high,0.1,Open,0.07,28.0
R0105,Z02,Z05,13.068834,80.22901,12.988979,80.169063,8.0,3,low,0.45,Open,0.06,18.0
R0106,Z01,Z01,13.149476,80.247158,13.174765,80.208693,5.99,3,medium,0.45,Open,0.04,17.0
R0107,Z05,Z04,13.081149,80.198629,12.812437,80.226885,8.0,1,low,0.3,Open,0.01,16.0
R0108,Z05,Z01,13.107108,80.178339,13.142228,80.220438,7.21,4,high,0.45,Open,0.1,29.0
R0109,Z03,Z04,12.998076,80.256593,12.817928,80.195278,8.0,5,high,0.1,Open,0.01,26.0
R0110,Z02,Z04,13.067617,80.271861,12.879417,80.282199,8.0,5,high,0.45,Open,0.02,26.0
R0111,Z05,Z02,13.150376,80.129118,13.081824,80.21119,8.0,3,high,0.1,Open,0.11,28.0
R0112,Z01,Z01,13.137073,80.212321,13.18451,80.114959,8.0,1,high,0.8,Open,0.0,27.0
R0113,Z01,Z05,13.167547,80.144491,13.042466,80.21764,8.0,4,medium,0.25,Open,0.08,18.0
R0114,Z04,Z01,12.907477,80.287235,13.16312,80.183735,8.0,3,medium,0.1,Open,0.0,21.0
R0115,Z05,Z02,12.987818,80.100186,13.106529,80.237467,8.0,2,medium,0.45,Open,0.02,18.0
R0116,Z05,Z04,13.091225,80.155214,12.932051,80.148993,8.0,4,low,0.45,Open,0.01,19.0
R0117,Z05,Z04,13.047683,80.153537,12.958391,80.172063,8.0,1,low,0.25,Blocked,0.83,
R0118,Z04,Z04,12.859067,80.231287,12.943812,80.259902,8.0,2,high,0.25,Open,0.11,25.0
R0119,Z05,Z04,13.12541,80.121223,12.87369,80.122421,8.0,5,low,0.8,Open,0.11,15.0
R0120,Z03,Z04,12.980328,80.276252,12.891836,80.196124,8.0,1,medium,0.45,Open,0.09,21.0
R0121,Z01,Z05,13.149476,80.247158,13.123045,80.148689,8.0,5,high,0.6,Open,0.08,24.0
R0122,Z03,Z04,12.999059,80.280725,12.926157,80.209326,8.0,1,low,0.1,Open,0.0,18.0
R0123,Z04,Z04,12.842879,80.206219,12.875182,80.149177,8.0,5,low,0.3,Open,0.08,17.0
R0124,Z03,Z04,12.999181,80.277455,12.808191,80.293183,8.0,4,high,0.8,Open,0.06,31.0
R0125,Z05,Z04,12.961216,80.143204,12.838996,80.122011,8.0,3,medium,0.25,Open,0.07,20.0
R0126,Z01,Z04,13.16345,80.183127,12.894547,80.239536,8.0,3,high,0.45,Open,0.05,27.0
R0127,Z05,Z01,12.987569,80.123886,13.12168,80.276868,8.0,1,low,0.4,Open,0.07,18.0
R0128,Z01,Z04,13.135463,80.162444,12.861826,80.265206,8.0,4,medium,0.45,Open,0.11,23.0
R0129,Z04,Z01,12.811739,80.285293,13.158031,80.28661,8.0,3,low,0.45,Open,0.08,16.0
R0130,Z03,Z05,12.975701,80.277032,13.06505,80.182482,8.0,2,medium,0.3,Open,0.04,23.0
R0131,Z05,Z01,13.035809,80.170197,13.167903,80.176007,8.0,3,low,0.45,Open,0.09,17.0
R0132,Z01,Z05,13.140114,80.294483,12.976976,80.118113,8.0,3,medium,0.45,Open,0.06,22.0
R0133,Z04,Z05,12.872674,80.164163,13.008102,80.163526,8.0,5,high,0.25,Open,0.03,25.0
R0134,Z04,Z04,12.893003,80.238972,12.886495,80.169046,8.0,4,medium,0.45,Open,0.05,22.0
R0135,Z04,Z03,12.975961,80.243145,12.973798,80.263565,2.6,2,medium,0.45,Open,0.05,6.0
R0136,Z04,Z05,12.867406,80.178225,13.062486,80.134961,8.0,2,high,0.25,Open,0.05,24.0
R0137,Z03,Z04,12.96236,80.293919,12.915258,80.278309,6.83,2,medium,0.8,Open,0.08,19.0
R0138,Z04,Z01,12.900778,80.288994,13.177552,80.271978,8.0,2,low,0.45,Open,0.02,16.0
R0139,Z01,Z01,13.143699,80.197399,13.166828,80.188292,3.41,5,low,0.25,Open,0.08,7.0
R0140,Z01,Z04,13.184877,80.180381,12.873679,80.223603,8.0,1,medium,0.25,Open,0.05,19.0
R0141,Z04,Z01,12.870341,80.234878,13.094119,80.284916,8.0,2,low,0.25,Open,0.02,18.0
R0142,Z02,Z04,13.111716,80.222097,12.942369,80.162074,8.0,3,high,0.1,Open,0.08,31.0
R0143,Z03,Z04,12.966488,80.267471,12.906363,80.241672,8.0,4,high,0.65,Open,0.04,32.0
R0144,Z01,Z05,13.177969,80.157725,13.08506,80.150247,8.0,2,medium,0.3,Open,0.11,21.0
R0145,Z01,Z04,13.159211,80.181916,12.957745,80.233285,8.0,3,medium,0.45,Open,0.08,23.0
R0146,Z04,Z04,12.891836,80.196124,12.854975,80.142989,8.0,2,medium,0.45,Open,0.11,19.0
R0147,Z04,Z04,12.961039,80.232411,12.971146,80.213738,2.74,2,low,0.65,Open,0.07,5.0
R0148,Z04,Z04,12.842658,80.154615,12.869193,80.188647,5.66,1,medium,0.3,Blocked,1.05,
R0149,Z02,Z01,13.09037,80.256853,13.129933,80.280226,6.23,3,low,0.65,Open,0.06,13.0
R0150,Z04,Z05,12.889813,80.170269,13.032356,80.200645,8.0,3,medium,0.3,Open,0.08,20.0
R0151,Z02,Z04,13.088205,80.282326,12.812437,80.226885,8.0,5,low,0.1,Open,0.1,16.0
R0152,Z05,Z02,12.99838,80.191239,13.087316,80.226797,8.0,4,medium,0.45,Open,0.04,24.0
R0153,Z05,Z01,13.064537,80.113732,13.121918,80.212704,8.0,6,high,0.5,Open,0.03,27.0
R0154,Z04,Z03,12.945768,80.149835,12.97823,80.296513,8.0,3,medium,0.45,Open,0.01,19.0
R0155,Z01,Z01,13.181795,80.130798,13.186773,80.223555,8.0,3,medium,0.45,Open,0.0,21.0
R0156,Z04,Z04,12.886631,80.227444,12.943812,80.259902,8.0,4,medium,0.3,Open,0.02,19.0
R0157,Z03,Z01,12.993764,80.252691,13.187635,80.248699,8.0,1,high,0.6,Open,0.04,29.0
R0158,Z03,Z01,13.009107,80.261191,13.191555,80.225763,8.0,2,medium,0.8,Open,0.01,19.0
R0159,Z04,Z04,12.812437,80.226885,12.869058,80.103925,8.0,3,low,0.6,Open,0.04,15.0
R0160,Z04,Z01,12.952884,80.217683,13.132385,80.271048,8.0,3,medium,0.3,Open,0.05,19.0
R0161,Z05,Z01,13.09512,80.128594,13.093869,80.295687,8.0,2,medium,0.65,Open,0.09,19.0
R0162,Z05,Z05,12.961216,80.143204,12.997809,80.156798,5.36,6,medium,0.25,Open,0.05,13.0
R0163,Z05,Z04,12.990756,80.164036,12.85634,80.186779,8.0,5,high,0.3,Open,0.06,27.0
R0164,Z03,Z04,13.012712,80.282714,12.842031,80.250212,8.0,5,high,0.25,Open,0.06,26.0
R0165,Z02,Z01,13.068598,80.292772,13.131262,80.286444,8.0,4,low,0.45,Open,0.11,16.0
R0166,Z05,Z05,13.101572,80.122991,13.109903,80.151201,3.74,4,medium,0.1,Open,0.05,10.0
R0167,Z04,Z04,12.906044,80.187186,12.942369,80.162074,5.95,4,medium,0.8,Open,0.07,17.0
R0168,Z05,Z04,13.118581,80.15622,12.807691,80.256604,8.0,5,medium,0.8,Open,0.01,20.0
R0169,Z05,Z01,13.064537,80.113732,13.166652,80.263692,8.0,2,low,0.1,Open,0.06,16.0
R0170,Z01,Z05,13.162541,80.20427,13.049983,80.218772,8.0,3,medium,0.1,Open,0.11,22.0
R0171,Z02,Z04,13.108131,80.205146,12.813706,80.248714,8.0,1,medium,0.45,Open,0.07,23.0
R0172,Z03,Z04,13.009107,80.261191,12.955984,80.227487,8.0,3,medium,0.45,Open,0.11,19.0
R0173,Z02,Z05,13.053037,80.256862,13.06505,80.182482,8.0,1,low,0.45,Open,0.09,17.0
R0174,Z04,Z04,12.80087,80.220097,12.874943,80.165694,8.0,3,high,0.45,Open,0.02,27.0
R0175,Z01,Z05,13.173527,80.257474,13.04665,80.155475,8.0,4,medium,0.45,Open,0.11,24.0
R0176,Z04,Z03,12.954767,80.197839,12.935986,80.285514,8.0,3,high,0.65,Open,0.05,31.0
R0177,Z05,Z05,13.0745,80.173078,12.956083,80.12766,8.0,6,low,0.3,Open,0.08,15.0
R0178,Z01,Z05,13.127236,80.250878,13.137303,80.112927,8.0,2,medium,0.25,Open,0.03,21.0
R0179,Z04,Z01,12.839494,80.177933,13.165904,80.143318,8.0,4,medium,0.1,Open,0.01,19.0
R0180,Z03,Z03,12.964571,80.275668,12.995462,80.268444,4.38,4,medium,0.65,Open,0.03,12.0
R0181,Z04,Z01,12.923608,80.226417,13.118676,80.26437,8.0,5,high,0.8,Open,0.0,24.0
R0182,Z03,Z04,12.939717,80.288367,12.838715,80.152143,8.0,4,medium,0.25,Open,0.07,18.0
R0183,Z03,Z01,12.964571,80.275668,13.188372,80.210934,8.0,2,high,0.4,Open,0.08,28.0
R0184,Z04,Z04,12.845869,80.164399,12.913284,80.291148,8.0,4,high,0.65,Open,0.09,29.0
R0185,Z05,Z04,13.035809,80.170197,12.950513,80.235487,8.0,6,medium,0.8,Open,0.07,24.0
R0186,Z05,Z04,13.091225,80.155214,12.964245,80.198068,8.0,6,low,0.6,Open,0.04,17.0
R0187,Z04,Z01,12.849446,80.297604,13.172928,80.157062,8.0,1,low,0.45,Open,0.08,16.0
R0188,Z01,Z05,13.162541,80.20427,13.017884,80.180292,8.0,3,low,0.45,Open,0.02,16.0
R0189,Z04,Z01,12.815252,80.187181,13.128612,80.230974,8.0,3,high,0.3,Open,0.0,31.0
R0190,Z05,Z04,13.065783,80.176373,12.954767,80.197839,8.0,3,medium,0.3,Open,0.11,23.0
R0191,Z01,Z03,13.149879,80.255234,13.03324,80.223743,8.0,2,high,0.45,Open,0.1,30.0
R0192,Z05,Z02,13.081496,80.105161,13.080749,80.244853,8.0,6,high,0.25,Open,0.11,28.0
R0193,Z03,Z02,12.935516,80.290446,13.11454,80.20678,8.0,4,medium,0.45,Open,0.09,19.0
R0194,Z05,Z04,13.014101,80.1717,12.987802,80.242276,8.0,3,low,0.3,Open,0.03,17.0
R0195,Z04,Z03,12.867469,80.25476,13.026355,80.287258,8.0,5,low,0.65,Open,0.07,18.0
R0196,Z04,Z02,12.906455,80.268365,13.087712,80.208296,8.0,5,high,0.1,Open,0.05,24.0
R0197,Z01,Z04,13.100773,80.262566,12.813706,80.248714,8.0,3,low,0.45,Open,0.09,18.0
R0198,Z05,Z04,13.176593,80.10742,12.932051,80.148993,8.0,3,medium,0.3,Open,0.07,22.0
R0199,Z04,Z05,12.952884,80.217683,13.049284,80.173524,8.0,2,low,0.25,Open,0.02,16.0
R0200,Z01,Z01,13.155989,80.182345,13.147494,80.297726,8.0,2,high,0.3,Open,0.09,25.0
R0201,Z03,Z05,13.01833,80.254082,13.06505,80.182482,8.0,3,low,0.45,Open,0.03,18.0
R0202,Z05,Z05,13.007891,80.196701,13.097721,80.137652,8.0,1,medium,0.3,Open,0.11,20.0
R0203,Z05,Z05,12.945861,80.117513,13.008078,80.132941,8.0,3,medium,0.1,Open,0.04,22.0
R0204,Z01,Z05,13.195995,80.247978,13.154714,80.110486,8.0,3,medium,0.85,Open,0.01,24.0
R0205,Z02,Z04,13.081824,80.21119,12.885827,80.187077,8.0,1,low,0.45,Open,0.02,17.0
R0206,Z02,Z05,13.058866,80.265862,13.153794,80.125494,8.0,2,medium,0.6,Open,0.12,24.0
R0207,Z03,Z01,13.03915,80.231203,13.128761,80.276771,8.0,2,low,0.65,Open,0.09,19.0
R0208,Z05,Z01,12.984628,80.119289,13.193955,80.193922,8.0,4,low,0.6,Open,0.09,16.0
R0209,Z04,Z05,12.994957,80.201406,13.007891,80.196701,1.89,2,medium,0.45,Open,0.0,6.0
R0210,Z05,Z01,13.046763,80.11623,13.127236,80.250878,8.0,2,high,1.0,Blocked,1.14,
R0211,Z04,Z04,12.939106,80.205161,12.875156,80.19871,8.0,3,high,0.45,Open,0.06,30.0
R0212,Z01,Z05,13.106815,80.243752,12.945861,80.117513,8.0,3,medium,0.1,Open,0.08,23.0
R0213,Z04,Z05,12.948804,80.158977,12.99717,80.150724,6.79,3,low,0.1,Open,0.05,12.0
R0214,Z04,Z04,12.971275,80.177049,12.868863,80.161858,8.0,4,medium,0.8,Open,0.01,22.0
R0215,Z05,Z01,12.986734,80.15425,13.134177,80.290553,8.0,2,medium,0.3,Open,0.06,21.0
R0216,Z03,Z04,12.935986,80.285514,12.922646,80.237274,6.37,2,low,0.3,Open,0.08,15.0
R0217,Z04,Z04,12.92935,80.201991,12.898931,80.202202,4.22,3,medium,0.45,Blocked,0.61,
R0218,Z05,Z04,13.032356,80.200645,12.831183,80.13847,8.0,5,medium,0.45,Open,0.1,20.0
R0219,Z05,Z04,13.019148,80.172093,12.945712,80.191529,8.0,4,high,1.0,Open,0.03,28.0
R0220,Z01,Z04,13.193623,80.18198,12.843655,80.272743,8.0,6,high,0.65,Open,0.03,29.0
R0221,Z02,Z04,13.079539,80.290415,12.958422,80.16674,8.0,2,medium,0.1,Open,0.0,19.0
R0222,Z05,Z04,12.961216,80.143204,12.869193,80.188647,8.0,2,medium,0.45,Open,0.11,19.0
R0223,Z01,Z04,13.160828,80.197208,12.873369,80.104395,8.0,4,medium,0.1,Open,0.11,23.0
R0224,Z04,Z04,12.845198,80.228129,12.850497,80.230316,0.79,6,low,0.65,Open,0.04,2.0
R0225,Z05,Z05,13.042466,80.21764,13.150067,80.119374,8.0,3,medium,0.45,Open,0.03,20.0
R0226,Z04,Z01,12.93666,80.280177,13.173527,80.257474,8.0,2,medium,0.6,Open,0.09,22.0
R0227,Z01,Z04,13.188013,80.109279,12.860095,80.242405,8.0,2,high,0.1,Open,0.05,31.0
R0228,Z04,Z04,12.999528,80.213555,12.867929,80.29808,8.0,5,low,0.3,Open,0.01,17.0
R0229,Z01,Z04,13.134177,80.290553,12.817781,80.109314,8.0,1,low,0.65,Open,0.05,17.0
R0230,Z01,Z01,13.158031,80.28661,13.166828,80.188292,8.0,2,medium,0.4,Open,0.12,22.0
R0231,Z05,Z03,13.034166,80.209832,12.990661,80.299722,8.0,3,medium,0.6,Open,0.0,19.0
R0232,Z04,Z05,12.971146,80.213738,12.965027,80.149211,8.0,4,high,0.25,Open,0.01,27.0
R0233,Z04,Z03,12.825091,80.189388,13.03042,80.246426,8.0,4,low,0.45,Open,0.03,16.0
R0234,Z01,Z04,13.181225,80.265065,12.894547,80.239536,8.0,4,low,0.1,Open,0.03,15.0
R0235,Z04,Z04,12.803447,80.190025,12.875182,80.149177,8.0,2,medium,0.1,Open,0.01,23.0
R0236,Z05,Z04,12.977825,80.148657,12.810332,80.237123,8.0,4,medium,0.65,Open,0.11,24.0
R0237,Z04,Z05,12.803783,80.148517,13.014101,80.1717,8.0,2,medium,0.75,Open,0.01,20.0
R0238,Z04,Z04,12.828512,80.133987,12.83582,80.152778,2.58,5,low,0.4,Open,0.03,5.0
R0239,Z04,Z05,12.917935,80.266571,13.075732,80.122892,8.0,3,medium,0.65,Open,0.12,20.0
R0240,Z02,Z04,13.081824,80.21119,12.892252,80.203265,8.0,2,high,0.25,Open,0.09,26.0
R0241,Z04,Z01,12.916615,80.103924,13.172928,80.157062,8.0,3,medium,0.1,Open,0.07,18.0
R0242,Z01,Z04,13.163468,80.170432,12.803783,80.148517,8.0,4,high,0.1,Blocked,1.2,
R0243,Z02,Z01,13.049683,80.244644,13.183117,80.261954,8.0,5,low,0.45,Open,0.11,15.0
R0244,Z04,Z01,12.840434,80.180347,13.162541,80.20427,8.0,3,high,0.45,Open,0.04,24.0
R0245,Z04,Z04,12.832497,80.256613,12.875156,80.19871,8.0,3,high,0.1,Open,0.03,32.0
R0246,Z03,Z05,13.032946,80.298525,12.968578,80.157711,8.0,3,low,0.45,Open,0.08,18.0
R0247,Z04,Z05,12.838996,80.122011,13.15716,80.108805,8.0,1,medium,0.3,Open,0.02,21.0
R0248,Z02,Z04,13.095082,80.241801,12.884422,80.152359,8.0,4,low,0.25,Open,0.04,15.0
R0249,Z04,Z02,12.971146,80.213738,13.095916,80.223158,8.0,5,medium,0.85,Open,0.1,19.0
R0250,Z04,Z04,12.808191,80.293183,12.801833,80.250127,5.51,5,medium,0.65,Open,0.12,15.0
R0251,Z03,Z04,13.002041,80.281399,12.939106,80.205161,8.0,2,high,0.8,Open,0.04,29.0
R0252,Z04,Z03,12.804088,80.191241,13.012712,80.282714,8.0,3,medium,0.45,Blocked,0.68,
R0253,Z04,Z01,12.924645,80.211452,13.132978,80.287781,8.0,2,low,0.3,Open,0.07,16.0
R0254,Z01,Z04,13.194883,80.239893,12.884835,80.121577,8.0,1,high,0.25,Open,0.1,30.0
R0255,Z05,Z04,12.997029,80.180985,12.90234,80.177051,8.0,1,low,0.65,Open,0.04,18.0
R0256,Z04,Z04,12.874424,80.27908,12.803783,80.148517,8.0,3,medium,0.45,Open,0.05,19.0
R0257,Z02,Z05,13.056918,80.294864,13.085224,80.162401,8.0,2,medium,0.6,Flooded,0.4,30.0
R0258,Z01,Z01,13.138966,80.216937,13.100182,80.284169,8.0,3,medium,0.25,Open,0.01,20.0
R0259,Z02,Z04,13.095082,80.241801,12.804088,80.191241,8.0,2,high,0.25,Open,0.09,27.0
R0260,Z04,Z04,12.924742,80.254927,12.934501,80.248979,1.55,1,high,0.65,Open,0.07,6.0
R0261,Z01,Z05,13.198051,80.252289,12.961216,80.143204,8.0,5,low,0.1,Open,0.02,17.0
R0262,Z04,Z05,12.873311,80.104112,13.132168,80.140299,8.0,3,high,0.65,Open,0.01,30.0
R0263,Z03,Z04,13.005312,80.260723,12.892252,80.203265,8.0,2,medium,0.1,Open,0.04,23.0
R0264,Z01,Z04,13.129933,80.280226,12.851092,80.2815,8.0,2,high,0.6,Open,0.05,31.0
R0265,Z04,Z04,12.86244,80.267736,12.807076,80.216667,8.0,3,medium,0.3,Open,0.0,20.0
R0266,Z04,Z04,12.956086,80.245675,12.842031,80.250212,8.0,2,low,0.45,Open,0.04,18.0
R0267,Z04,Z05,12.950049,80.200269,12.982524,80.127711,8.0,4,high,0.45,Open,0.08,31.0
R0268,Z02,Z04,13.085415,80.289871,12.859543,80.160612,8.0,4,high,0.25,Open,0.12,31.0
R0269,Z04,Z01,12.874726,80.246613,13.128612,80.230974,8.0,4,medium,0.6,Open,0.1,20.0
R0270,Z01,Z01,13.155419,80.169638,13.147494,80.297726,8.0,2,high,0.1,Open,0.01,26.0
R0271,Z01,Z03,13.171261,80.192267,12.939717,80.288367,8.0,3,low,0.45,Open,0.11,16.0
R0272,Z04,Z04,12.932051,80.148993,12.830601,80.14151,8.0,3,high,0.65,Open,0.02,25.0
R0273,Z04,Z03,12.885732,80.28941,13.038262,80.255106,8.0,1,high,0.6,Open,0.09,32.0
R0274,Z05,Z01,12.965027,80.149211,13.184877,80.180381,8.0,3,low,0.45,Open,0.06,18.0
R0275,Z02,Z04,13.062826,80.282181,12.831948,80.241758,8.0,3,high,0.6,Open,0.06,28.0
R0276,Z02,Z03,13.100713,80.196343,12.985379,80.270569,8.0,4,high,0.45,Open,0.03,28.0
R0277,Z01,Z04,13.18451,80.114959,12.842658,80.154615,8.0,2,low,0.1,Open,0.07,15.0
R0278,Z04,Z04,12.887267,80.105737,12.859067,80.231287,8.0,3,high,0.45,Open,0.12,26.0
R0279,Z02,Z04,13.067617,80.271861,12.879819,80.276385,8.0,6,medium,0.65,Open,0.03,20.0
R0280,Z01,Z05,13.187547,80.214467,12.965027,80.149211,8.0,3,low,0.45,Open,0.09,15.0
R0281,Z04,Z04,12.908412,80.2383,12.925633,80.193856,6.1,3,low,0.45,Open,0.08,11.0
R0282,Z01,Z03,13.184974,80.224829,12.990661,80.299722,8.0,5,medium,0.3,Open,0.11,24.0
R0283,Z04,Z03,12.869058,80.103925,12.948934,80.290692,8.0,4,high,0.65,Open,0.05,25.0
R0284,Z01,Z01,13.13537,80.260539,13.16312,80.183735,8.0,5,low,0.8,Open,0.04,18.0
R0285,Z04,Z04,12.911029,80.118892,12.918468,80.190253,8.0,3,low,0.4,Open,0.12,15.0
R0286,Z01,Z05,13.163468,80.170432,12.984628,80.119289,8.0,3,medium,0.65,Open,0.1,23.0
R0287,Z05,Z02,13.097721,80.137652,13.043664,80.258363,8.0,4,low,0.1,Open,0.08,16.0
R0288,Z04,Z02,12.840434,80.180347,13.09037,80.256853,8.0,4,medium,0.8,Open,0.11,23.0
R0289,Z01,Z03,13.138932,80.266297,13.03324,80.223743,8.0,6,medium,0.45,Open,0.11,20.0
R0290,Z05,Z04,13.102996,80.112178,12.979682,80.215126,8.0,3,high,0.25,Open,0.02,27.0
R0291,Z05,Z05,12.982524,80.127711,12.979773,80.125904,0.44,2,medium,0.6,Open,0.04,1.0
R0292,Z04,Z05,12.948804,80.158977,13.151811,80.11911,8.0,1,high,0.65,Blocked,1.1,
R0293,Z04,Z04,12.807663,80.111806,12.80424,80.244675,8.0,2,high,0.45,Open,0.02,26.0
R0294,Z05,Z04,13.032944,80.159342,12.810145,80.159297,8.0,4,low,0.3,Open,0.05,17.0
R0295,Z04,Z02,12.918477,80.208836,13.050938,80.281228,8.0,4,medium,0.25,Open,0.01,22.0
R0296,Z04,Z01,12.819596,80.151577,13.166625,80.209667,8.0,6,medium,0.45,Blocked,1.05,
R0297,Z02,Z05,13.050938,80.281228,13.12541,80.121223,8.0,4,medium,0.45,Open,0.1,20.0
R0298,Z04,Z04,12.934501,80.248979,12.886495,80.169046,8.0,4,low,0.45,Open,0.02,19.0
R0299,Z04,Z04,12.936386,80.131068,12.80424,80.244675,8.0,3,high,0.6,Blocked,0.69,
R0300,Z05,Z03,13.044436,80.130103,12.998076,80.256593,8.0,3,high,0.1,Open,0.11,31.0
R0301,Z05,Z01,13.000316,80.142753,13.13537,80.260539,8.0,2,low,0.1,Open,0.05,17.0
R0302,Z04,Z03,12.96427,80.196047,13.012712,80.282714,8.0,2,high,0.45,Open,0.07,31.0
R0303,Z05,Z03,13.145224,80.102416,13.025153,80.290321,8.0,4,medium,0.65,Blocked,1.16,
R0304,Z05,Z01,12.988979,80.169063,13.170822,80.195504,8.0,6,low,1.0,Open,0.0,18.0
R0305,Z04,Z02,12.898908,80.14765,13.072331,80.216361,8.0,2,medium,0.45,Open,0.08,21.0
R0306,Z05,Z05,12.996411,80.115814,13.129312,80.155801,8.0,6,medium,0.65,Open,0.06,22.0
R0307,Z01,Z01,13.16312,80.183735,13.118329,80.239739,8.0,2,medium,0.45,Open,0.06,20.0
R0308,Z04,Z01,12.894296,80.251977,13.147743,80.284721,8.0,2,low,0.6,Blocked,0.86,
R0309,Z04,Z04,12.911426,80.245373,12.865666,80.225481,6.83,5,medium,0.45,Open,0.1,15.0
R0310,Z04,Z02,12.932244,80.142896,13.087316,80.226797,8.0,3,low,0.45,Open,0.05,16.0
R0311,Z04,Z05,12.928114,80.28121,13.047732,80.181312,8.0,6,low,0.6,Open,0.03,16.0
R0312,Z04,Z05,12.869193,80.188647,12.945861,80.117513,8.0,2,medium,0.3,Open,0.1,23.0
R0313,Z05,Z04,13.106466,80.155149,12.936386,80.131068,8.0,1,medium,0.45,Open,0.1,19.0
R0314,Z03,Z05,13.024731,80.239553,13.169506,80.107817,8.0,1,medium,0.25,Open,0.0,19.0
R0315,Z02,Z01,13.087782,80.234596,13.153691,80.16884,8.0,3,low,0.45,Open,0.08,16.0
R0316,Z05,Z02,13.065783,80.176373,13.046575,80.244205,8.0,1,low,0.25,Open,0.05,18.0
R0317,Z01,Z04,13.178429,80.123177,12.841709,80.181911,8.0,5,low,0.1,Open,0.02,18.0
R0318,Z01,Z04,13.106815,80.243752,12.849446,80.297604,8.0,3,medium,0.65,Open,0.03,22.0
R0319,Z01,Z01,13.183117,80.261954,13.170934,80.236157,3.67,5,medium,0.85,Open,0.04,10.0
R0320,Z04,Z01,12.90234,80.177051,13.161164,80.21271,8.0,2,medium,0.25,Flooded,0.54,41.0
R0321,Z01,Z04,13.167903,80.176007,12.910225,80.265923,8.0,3,low,0.45,Open,0.11,15.0
R0322,Z01,Z04,13.134177,80.290553,12.933516,80.230036,8.0,3,medium,0.1,Open,0.08,18.0
R0323,Z01,Z03,13.160828,80.197208,12.993764,80.252691,8.0,5,medium,0.65,Open,0.11,23.0
R0324,Z04,Z02,12.957708,80.155542,13.085225,80.269786,8.0,3,high,0.1,Open,0.06,27.0
R0325,Z04,Z04,12.885827,80.187077,12.954767,80.197839,8.0,4,high,0.6,Open,0.03,32.0
R0326,Z01,Z04,13.143699,80.197399,12.800331,80.172707,8.0,4,medium,0.65,Open,0.04,20.0
R0327,Z05,Z05,13.08506,80.150247,13.14787,80.108834,8.0,1,low,0.65,Open,0.0,17.0
R0328,Z01,Z01,13.188013,80.109279,13.188415,80.16828,7.45,1,low,0.25,Open,0.04,18.0
R0329,Z04,Z05,12.975961,80.243145,12.988979,80.169063,8.0,5,medium,0.45,Open,0.07,19.0
R0330,Z04,Z05,12.800942,80.141466,13.132632,80.115095,8.0,3,medium,0.25,Open,0.12,20.0
R0331,Z05,Z01,13.033398,80.120058,13.183117,80.261954,8.0,4,medium,0.65,Open,0.07,19.0
R0332,Z01,Z05,13.127236,80.250878,13.04473,80.154626,8.0,4,high,0.1,Open,0.11,31.0
R0333,Z05,Z04,13.128577,80.12399,12.906044,80.187186,8.0,4,medium,0.65,Open,0.1,22.0
R0334,Z04,Z05,12.898506,80.250275,13.085224,80.162401,8.0,3,medium,0.65,Open,0.1,19.0
R0335,Z03,Z05,13.03998,80.246692,13.107108,80.178339,8.0,3,high,0.25,Open,0.1,32.0
R0336,Z04,Z04,12.964008,80.20961,12.804088,80.191241,8.0,1,high,0.65,Open,0.11,24.0
R0337,Z04,Z04,12.815314,80.208719,12.964979,80.237874,8.0,5,low,0.45,Open,0.04,17.0
R0338,Z02,Z01,13.088466,80.296021,13.191555,80.225763,8.0,3,medium,0.45,Open,0.11,18.0
R0339,Z04,Z05,12.811739,80.285293,13.027294,80.149223,8.0,2,low,0.8,Open,0.04,18.0
R0340,Z04,Z04,12.842658,80.154615,12.894591,80.133396,7.69,3,medium,0.8,Open,0.12,20.0
R0341,Z05,Z04,13.153794,80.125494,12.90624,80.241547,8.0,2,medium,0.45,Open,0.06,19.0
R0342,Z05,Z04,13.051843,80.101492,12.938726,80.155003,8.0,4,medium,0.45,Open,0.03,24.0
R0343,Z05,Z05,13.049284,80.173524,13.054212,80.167588,1.01,4,medium,0.45,Open,0.1,3.0
R0344,Z03,Z04,13.01833,80.254082,12.829092,80.111005,8.0,3,medium,0.45,Open,0.11,23.0
R0345,Z05,Z04,13.062244,80.117455,12.807691,80.256604,8.0,1,high,0.1,Open,0.08,28.0
R0346,Z04,Z04,12.887987,80.233219,12.867406,80.178225,7.51,5,low,0.4,Open,0.11,15.0
R0347,Z04,Z04,12.841709,80.181911,12.964245,80.198068,8.0,2,medium,0.4,Open,0.1,20.0
R0348,Z04,Z04,12.832635,80.160115,12.92456,80.1695,8.0,4,medium,0.65,Open,0.02,18.0
R0349,Z02,Z05,13.072331,80.216361,13.106466,80.155149,8.0,3,medium,0.45,Open,0.0,19.0
R0350,Z05,Z05,12.99902,80.15525,13.128577,80.12399,8.0,4,medium,0.45,Open,0.07,21.0
R0351,Z04,Z04,12.831533,80.116534,12.941818,80.265391,8.0,4,medium,0.45,Blocked,1.28,
R0352,Z04,Z03,12.866107,80.143929,12.980328,80.276252,8.0,5,low,0.3,Open,0.06,18.0
R0353,Z01,Z01,13.178429,80.123177,13.167547,80.144491,3.09,4,medium,0.45,Open,0.11,9.0
R0354,Z05,Z04,12.987569,80.123886,12.908412,80.2383,8.0,3,high,0.45,Open,0.08,26.0
R0355,Z01,Z05,13.188013,80.109279,13.095613,80.101007,8.0,2,medium,0.1,Open,0.09,22.0
R0356,Z05,Z03,13.067306,80.171061,13.032946,80.298525,8.0,3,medium,0.65,Open,0.0,19.0
R0357,Z03,Z02,13.009107,80.261191,13.079539,80.290415,8.0,2,medium,0.6,Open,0.1,19.0
R0358,Z02,Z04,13.108131,80.205146,12.859067,80.231287,8.0,5,medium,0.25,Open,0.03,24.0
R0359,Z04,Z04,12.932201,80.171009,12.871119,80.154927,8.0,2,medium,0.8,Open,0.1,18.0
R0360,Z01,Z05,13.127776,80.222476,12.987569,80.123886,8.0,3,medium,0.45,Open,0.06,22.0
R0361,Z03,Z04,12.988869,80.247665,12.87751,80.143024,8.0,2,low,0.25,Open,0.09,18.0
R0362,Z01,Z05,13.138892,80.2674,13.046763,80.11623,8.0,2,low,0.45,Open,0.02,16.0
R0363,Z05,Z05,13.051843,80.101492,12.986734,80.15425,8.0,6,medium,0.1,Open,0.04,23.0
R0364,Z05,Z04,12.976976,80.118113,12.817781,80.109314,8.0,2,medium,0.1,Open,0.09,22.0
R0365,Z04,Z04,12.905437,80.180288,12.936386,80.131068,7.55,4,low,0.6,Open,0.07,14.0
R0366,Z04,Z04,12.815252,80.187181,12.8144,80.203421,2.05,4,high,0.1,Open,0.03,7.0
R0367,Z03,Z01,13.024731,80.239553,13.105067,80.276132,8.0,2,low,0.65,Open,0.03,17.0
R0368,Z05,Z01,13.052711,80.15408,13.138862,80.274587,8.0,3,low,0.45,Open,0.05,18.0
R0369,Z04,Z05,12.802317,80.102702,13.11371,80.129011,8.0,1,high,0.1,Open,0.06,31.0
R0370,Z05,Z01,13.058339,80.10916,13.152998,80.258685,8.0,4,high,0.45,Open,0.07,25.0
R0371,Z03,Z05,13.032946,80.298525,13.142261,80.127245,8.0,4,low,0.45,Open,0.1,15.0
R0372,Z02,Z03,13.067617,80.271861,13.024731,80.239553,7.21,2,low,0.1,Open,0.03,17.0
R0373,Z05,Z01,13.057374,80.206391,13.124067,80.226184,8.0,5,high,0.1,Open,0.02,28.0
R0374,Z04,Z04,12.924645,80.211452,12.984553,80.200492,8.0,5,medium,0.45,Open,0.04,23.0
R0375,Z04,Z04,12.948804,80.158977,12.849446,80.297604,8.0,1,high,0.1,Open,0.1,30.0
R0376,Z05,Z01,13.035809,80.170197,13.196773,80.202719,8.0,5,medium,0.45,Flooded,0.47,35.0
R0377,Z01,Z03,13.198051,80.252289,13.002041,80.281399,8.0,5,medium,0.45,Open,0.0,22.0
R0378,Z03,Z05,13.026601,80.268879,13.062981,80.142158,8.0,5,high,0.65,Open,0.06,24.0
R0379,Z01,Z04,13.178615,80.135975,12.819596,80.151577,8.0,4,medium,0.65,Open,0.06,19.0
R0380,Z04,Z04,12.866139,80.12884,12.95539,80.180246,8.0,4,low,0.6,Open,0.05,19.0
R0381,Z04,Z03,12.978496,80.241726,12.985624,80.296864,7.03,3,medium,0.1,Open,0.02,17.0
R0382,Z04,Z04,12.871119,80.154927,12.866139,80.12884,3.37,5,low,0.45,Open,0.05,7.0
R0383,Z05,Z04,13.153794,80.125494,12.928114,80.28121,8.0,6,low,0.45,Open,0.12,19.0
R0384,Z02,Z04,13.099441,80.222663,12.957708,80.155542,8.0,3,high,0.1,Flooded,0.3,44.0
R0385,Z04,Z04,12.902664,80.291512,12.874943,80.165694,8.0,3,low,0.65,Open,0.11,17.0
R0386,Z04,Z01,12.915393,80.1335,13.175849,80.24361,8.0,4,high,0.45,Open,0.08,27.0
R0387,Z04,Z02,12.831109,80.156496,13.041202,80.281153,8.0,5,medium,0.25,Open,0.08,19.0
R0388,Z01,Z04,13.183117,80.261954,12.886631,80.227444,8.0,3,medium,0.65,Open,0.08,20.0
R0389,Z04,Z04,12.924742,80.254927,12.956672,80.252997,4.44,4,medium,0.1,Open,0.06,11.0
R0390,Z01,Z01,13.142228,80.220438,13.163468,80.170432,6.97,2,high,0.1,Open,0.07,22.0
R0391,Z05,Z01,13.052522,80.14345,13.184974,80.224829,8.0,1,medium,0.45,Open,0.12,19.0
R0392,Z01,Z01,13.105067,80.276132,13.172928,80.157062,8.0,3,medium,0.25,Open,0.01,21.0
R0393,Z03,Z01,13.025153,80.290321,13.149476,80.247158,8.0,4,low,0.65,Open,0.11,17.0
R0394,Z03,Z04,12.988869,80.247665,12.978496,80.241726,1.62,1,medium,0.6,Open,0.06,4.0
R0395,Z04,Z05,12.926157,80.209326,13.134769,80.107958,8.0,3,low,0.45,Open,0.07,16.0
R0396,Z01,Z05,13.15515,80.176578,13.072898,80.160243,8.0,5,low,0.45,Open,0.06,19.0
R0397,Z04,Z05,12.916615,80.103924,13.128577,80.12399,8.0,1,high,0.65,Flooded,0.49,50.0
R0398,Z01,Z04,13.138862,80.274587,12.906363,80.241672,8.0,2,low,0.3,Open,0.08,19.0
R0399,Z04,Z01,12.964817,80.251759,13.190167,80.115243,8.0,4,medium,0.1,Open,0.01,20.0
R0400,Z04,Z01,12.816235,80.257122,13.162541,80.20427,8.0,3,medium,0.3,Open,0.09,19.0
R0401,Z04,Z04,12.860942,80.153336,12.906085,80.111298,8.0,5,medium,0.45,Open,0.03,19.0
R0402,Z02,Z04,13.099441,80.222663,12.846897,80.212079,8.0,5,medium,0.6,Open,0.07,24.0
R0403,Z04,Z04,12.824737,80.131002,12.922646,80.237274,8.0,2,high,0.45,Open,0.05,31.0
R0404,Z04,Z04,12.932201,80.171009,12.822978,80.147682,8.0,3,low,0.8,Open,0.04,16.0
R0405,Z01,Z01,13.166652,80.263692,13.181795,80.130798,8.0,5,high,0.45,Open,0.02,27.0
R0406,Z04,Z05,12.971181,80.227909,13.144089,80.144206,8.0,3,high,1.0,Open,0.05,30.0
R0407,Z04,Z05,12.886495,80.169046,13.075732,80.122892,8.0,3,low,0.1,Open,0.07,15.0
R0408,Z04,Z04,12.919143,80.149866,12.859067,80.231287,8.0,4,low,0.45,Open,0.03,16.0
R0409,Z04,Z01,12.866107,80.143929,13.105254,80.251276,8.0,3,high,0.45,Open,0.01,30.0
R0410,Z04,Z04,12.906044,80.187186,12.890401,80.143826,5.89,2,low,0.45,Open,0.02,12.0
R0411,Z02,Z01,13.068834,80.22901,13.13537,80.260539,8.0,3,high,0.45,Open,0.0,25.0
R0412,Z04,Z01,12.947432,80.221219,13.177849,80.114908,8.0,4,high,0.45,Open,0.11,31.0
R0413,Z03,Z04,13.025153,80.290321,12.869385,80.115294,8.0,5,medium,0.1,Open,0.07,22.0
R0414,Z05,Z02,13.101753,80.155609,13.067617,80.271861,8.0,4,high,0.25,Open,0.1,30.0
R0415,Z01,Z04,13.195686,80.134903,12.932244,80.142896,8.0,3,low,0.45,Open,0.07,16.0
R0416,Z01,Z04,13.153691,80.16884,12.875182,80.149177,8.0,3,medium,0.6,Open,0.03,24.0
R0417,Z05,Z01,13.064231,80.188245,13.18632,80.138826,8.0,4,medium,0.55,Open,0.02,21.0
R0418,Z04,Z04,12.91143,80.158485,12.866592,80.202012,8.0,3,low,0.1,Open,0.02,15.0
R0419,Z04,Z04,12.86244,80.267736,12.831109,80.156496,8.0,2,low,0.65,Open,0.12,17.0
R0420,Z05,Z04,12.945861,80.117513,12.94758,80.184054,8.0,5,high,0.3,Open,0.01,29.0
R0421,Z05,Z04,13.046763,80.11623,12.90624,80.241547,8.0,4,low,0.45,Open,0.03,15.0
R0422,Z04,Z04,12.824737,80.131002,12.948346,80.231396,8.0,4,high,0.45,Flooded,0.38,42.0
R0423,Z05,Z04,13.151811,80.11911,12.898908,80.14765,8.0,4,high,0.8,Open,0.09,26.0
R0424,Z02,Z01,13.108131,80.205146,13.188021,80.110035,8.0,2,high,0.1,Open,0.04,28.0
R0425,Z04,Z05,12.867469,80.25476,13.035059,80.141985,8.0,2,medium,0.6,Open,0.08,18.0
R0426,Z01,Z04,13.100182,80.284169,12.994957,80.201406,8.0,2,low,0.45,Flooded,0.29,31.0
R0427,Z05,Z05,13.081975,80.182263,13.047732,80.181312,4.75,5,high,0.3,Open,0.04,16.0
R0428,Z01,Z04,13.160877,80.217073,12.964979,80.237874,8.0,2,medium,0.45,Open,0.08,21.0
R0429,Z01,Z01,13.117888,80.234359,13.128761,80.276771,5.56,4,medium,0.45,Open,0.09,16.0
R0430,Z05,Z05,13.04473,80.154626,13.027208,80.20029,6.26,4,medium,0.1,Blocked,1.2,
R0431,Z01,Z02,13.182381,80.180205,13.088466,80.296021,8.0,3,high,0.3,Open,0.05,24.0
R0432,Z04,Z04,12.875933,80.268281,12.96427,80.196047,8.0,6,high,0.1,Open,0.05,24.0
R0433,Z04,Z03,12.838996,80.122011,12.964571,80.275668,8.0,1,low,0.25,Open,0.1,19.0
R0434,Z04,Z04,12.984553,80.200492,12.831948,80.241758,8.0,4,medium,0.65,Open,0.07,24.0
R0435,Z05,Z04,13.000316,80.142753,12.91542,80.168664,8.0,4,medium,0.45,Blocked,0.57,
R0436,Z04,Z03,12.957745,80.233285,13.012712,80.282714,8.0,5,high,0.1,Flooded,0.36,51.0
R0437,Z01,Z01,13.171261,80.192267,13.160185,80.204003,2.13,3,medium,0.65,Open,0.11,6.0
R0438,Z04,Z03,12.869171,80.161093,13.03984,80.26039,8.0,3,high,0.3,Open,0.01,24.0
R0439,Z01,Z01,13.125041,80.23071,13.193623,80.18198,8.0,4,medium,1.0,Open,0.04,22.0
R0440,Z04,Z04,12.822978,80.147682,12.893003,80.238972,8.0,3,low,0.3,Open,0.03,19.0
R0441,Z01,Z04,13.191099,80.2506,12.887987,80.233219,8.0,3,medium,0.25,Open,0.09,22.0
R0442,Z05,Z05,13.052522,80.14345,13.067306,80.171061,4.04,5,high,0.25,Open,0.04,14.0
R0443,Z05,Z04,13.12541,80.121223,12.948615,80.224853,8.0,3,medium,0.1,Open,0.02,19.0
R0444,Z04,Z01,12.910225,80.265923,13.178429,80.123177,8.0,3,low,0.65,Open,0.1,18.0
R0445,Z04,Z05,12.896466,80.275273,13.05718,80.135709,8.0,2,low,0.8,Open,0.06,16.0
R0446,Z04,Z02,12.984885,80.198132,13.083493,80.234633,8.0,1,low,0.65,Open,0.02,16.0
R0447,Z02,Z03,13.088205,80.282326,12.999216,80.280452,8.0,4,high,0.65,Open,0.12,32.0
R0448,Z01,Z04,13.138966,80.216937,12.916615,80.103924,8.0,5,low,0.65,Open,0.12,16.0
R0449,Z01,Z04,13.184485,80.191928,12.885732,80.28941,8.0,2,medium,0.45,Open,0.0,24.0
R0450,Z04,Z05,12.994957,80.201406,12.961216,80.143204,8.0,5,high,0.55,Open,0.0,26.0
R0451,Z05,Z01,13.102996,80.112178,13.188013,80.109279,8.0,2,medium,0.45,Open,0.01,22.0
R0452,Z05,Z03,12.982524,80.127711,12.993764,80.252691,8.0,3,high,0.55,Open,0.1,28.0
R0453,Z05,Z05,13.062486,80.134961,13.101488,80.166135,6.69,5,high,0.45,Open,0.09,27.0
R0454,Z04,Z04,12.855413,80.115938,12.838996,80.122011,2.4,5,high,0.1,Open,0.01,9.0
R0455,Z05,Z01,12.945861,80.117513,13.193623,80.18198,8.0,2,high,0.1,Open,0.09,29.0
R0456,Z04,Z01,12.8565,80.140439,13.159443,80.154746,8.0,5,high,0.45,Open,0.12,31.0
R0457,Z04,Z04,12.810942,80.232968,12.842879,80.206219,5.57,2,low,0.1,Open,0.11,13.0
R0458,Z01,Z04,13.186773,80.223555,12.957745,80.233285,8.0,4,high,0.8,Open,0.05,29.0
R0459,Z04,Z04,12.831109,80.156496,12.867718,80.22025,8.0,2,medium,0.65,Open,0.04,22.0
R0460,Z02,Z04,13.095082,80.241801,12.817781,80.109314,8.0,4,high,0.4,Open,0.11,26.0
R0461,Z01,Z01,13.193623,80.18198,13.177849,80.114908,8.0,3,medium,0.65,Open,0.08,23.0
R0462,Z04,Z01,12.867718,80.22025,13.122343,80.263315,8.0,3,low,0.3,Open,0.07,18.0
R0463,Z04,Z04,12.891806,80.187451,12.99687,80.202554,8.0,4,medium,0.45,Open,0.07,19.0
R0464,Z04,Z04,12.819596,80.151577,12.92935,80.201991,8.0,3,medium,0.45,Open,0.1,23.0
R0465,Z04,Z05,12.825091,80.189388,13.023442,80.159728,8.0,1,low,0.25,Open,0.09,15.0
R0466,Z02,Z01,13.111716,80.222097,13.188013,80.109279,8.0,5,high,0.25,Open,0.03,28.0
R0467,Z04,Z05,12.812906,80.225267,13.142073,80.140791,8.0,4,high,0.45,Open,0.03,31.0
R0468,Z04,Z05,12.942687,80.173551,13.000316,80.142753,8.0,1,medium,0.45,Open,0.04,20.0
R0469,Z01,Z05,13.160877,80.217073,13.15716,80.108805,8.0,1,high,0.3,Open,0.01,28.0
R0470,Z04,Z05,12.897717,80.146945,13.017884,80.180292,8.0,1,low,0.25,Open,0.01,16.0
R0471,Z05,Z04,12.967919,80.148835,12.94758,80.184054,5.27,3,low,0.1,Open,0.12,10.0
R0472,Z03,Z01,13.023985,80.224448,13.138892,80.2674,8.0,4,medium,0.25,Open,0.01,21.0
R0473,Z04,Z05,12.912718,80.27314,13.101488,80.166135,8.0,5,high,0.65,Open,0.1,30.0
R0474,Z01,Z04,13.174765,80.208693,12.879266,80.115344,8.0,4,medium,0.65,Open,0.03,23.0
R0475,Z01,Z05,13.106815,80.243752,13.05718,80.135709,8.0,2,medium,0.45,Open,0.12,18.0
R0476,Z04,Z01,12.921063,80.288021,13.195686,80.134903,8.0,5,medium,0.45,Open,0.1,19.0
R0477,Z05,Z05,12.956083,80.12766,13.058756,80.195367,8.0,5,medium,0.1,Open,0.08,19.0
R0478,Z01,Z01,13.18451,80.114959,13.132439,80.247215,8.0,1,low,0.25,Open,0.01,15.0
R0479,Z05,Z04,13.132168,80.140299,12.882682,80.172913,8.0,2,medium,0.45,Open,0.03,20.0
R0480,Z04,Z05,12.879266,80.115344,13.150067,80.119374,8.0,3,low,0.1,Open,0.12,18.0
R0481,Z04,Z04,12.90624,80.241547,12.800172,80.202976,8.0,4,medium,0.8,Open,0.09,20.0
R0482,Z04,Z04,12.926202,80.112523,12.847954,80.110627,8.0,3,low,0.45,Open,0.11,18.0
R0483,Z04,Z04,12.843385,80.191578,12.815571,80.158474,5.69,3,medium,0.45,Open,0.1,14.0
R0484,Z05,Z04,13.058339,80.10916,12.866139,80.12884,8.0,2,medium,0.65,Open,0.08,23.0
R0485,Z01,Z01,13.191947,80.197908,13.193623,80.18198,2.02,5,high,0.45,Open,0.12,8.0
R0486,Z04,Z04,12.842031,80.250212,12.924624,80.158824,8.0,1,low,0.3,Open,0.06,15.0
R0487,Z05,Z03,13.109903,80.151201,13.03324,80.223743,8.0,3,medium,0.45,Open,0.04,19.0
R0488,Z01,Z04,13.132385,80.271048,12.915393,80.1335,8.0,5,high,0.1,Open,0.03,27.0
R0489,Z04,Z05,12.850838,80.106233,13.044829,80.193424,8.0,2,high,0.45,Open,0.08,24.0
R0490,Z04,Z04,12.800782,80.185838,12.86244,80.267736,8.0,4,medium,1.0,Open,0.05,18.0
R0491,Z02,Z04,13.057548,80.234556,12.942028,80.277695,8.0,5,medium,0.45,Open,0.06,19.0
R0492,Z01,Z03,13.094119,80.284916,12.985379,80.270569,8.0,3,high,0.85,Open,0.05,24.0
R0493,Z04,Z01,12.875182,80.149177,13.161164,80.21271,8.0,5,medium,0.45,Open,0.09,20.0
R0494,Z04,Z01,12.869058,80.103925,13.160828,80.197208,8.0,3,low,0.45,Open,0.04,16.0
R0495,Z03,Z04,13.03665,80.279026,12.879266,80.115344,8.0,3,medium,0.25,Open,0.11,22.0
R0496,Z01,Z04,13.159211,80.181916,12.831948,80.241758,8.0,4,low,0.45,Open,0.07,18.0
R0497,Z04,Z05,12.906085,80.111298,13.023442,80.159728,8.0,3,high,0.1,Open,0.11,29.0
R0498,Z04,Z01,12.911426,80.245373,13.129196,80.193715,8.0,2,medium,0.45,Open,0.11,21.0
R0499,Z04,Z01,12.945712,80.191529,13.193623,80.18198,8.0,3,low,1.0,Open,0.07,15.0
R0500,Z04,Z05,12.926202,80.112523,13.086777,80.163297,8.0,3,medium,0.45,Open,0.11,20.0
R0501,Z04,Z04,12.888891,80.251456,12.871614,80.109634,8.0,2,medium,0.45,Open,0.12,21.0
R0502,Z01,Z04,13.196716,80.246568,12.871119,80.154927,8.0,3,medium,0.65,Open,0.09,18.0
R0503,Z05,Z01,13.0745,80.173078,13.121636,80.23204,8.0,3,medium,0.1,Open,0.06,20.0
R0504,Z05,Z04,13.012291,80.101907,12.906363,80.241672,8.0,2,medium,0.8,Open,0.06,22.0
R0505,Z01,Z04,13.195686,80.134903,12.86642,80.247011,8.0,2,low,0.8,Open,0.11,17.0
R0506,Z04,Z05,12.943812,80.259902,13.033398,80.120058,8.0,3,medium,0.45,Open,0.08,21.0
R0507,Z04,Z05,12.812906,80.225267,13.06505,80.182482,8.0,3,low,0.3,Open,0.04,16.0
R0508,Z01,Z05,13.178429,80.123177,13.04665,80.155475,8.0,3,low,0.45,Open,0.08,19.0
R0509,Z01,Z04,13.105067,80.276132,12.802317,80.102702,8.0,2,medium,0.65,Open,0.1,20.0
R0510,Z04,Z04,12.8565,80.140439,12.800782,80.185838,8.0,4,medium,0.65,Open,0.03,19.0
R0511,Z04,Z04,12.817781,80.109314,12.934717,80.259504,8.0,3,medium,0.65,Open,0.04,24.0
R0512,Z04,Z01,12.888235,80.289915,13.138862,80.274587,8.0,4,high,0.8,Flooded,0.27,45.0
R0513,Z04,Z04,12.889813,80.170269,12.935361,80.202172,7.49,2,high,0.25,Open,0.09,23.0
R0514,Z01,Z04,13.150922,80.282123,12.900535,80.101799,8.0,3,medium,0.1,Open,0.09,18.0
R0515,Z04,Z05,12.900778,80.288994,13.079678,80.115897,8.0,5,medium,0.55,Blocked,0.89,
R0516,Z01,Z05,13.142228,80.220438,13.142073,80.140791,8.0,5,medium,0.1,Open,0.05,18.0
R0517,Z05,Z04,13.137303,80.112927,12.964979,80.237874,8.0,5,low,0.65,Open,0.11,16.0
R0518,Z04,Z05,12.886495,80.169046,13.086327,80.149168,8.0,2,high,0.45,Open,0.03,27.0
R0519,Z04,Z01,12.957745,80.233285,13.137073,80.212321,8.0,6,low,0.1,Open,0.06,15.0
R0520,Z04,Z01,12.901635,80.280697,13.16312,80.183735,8.0,3,high,0.25,Open,0.05,26.0
R0521,Z04,Z05,12.86642,80.247011,13.150067,80.119374,8.0,1,low,0.25,Open,0.04,17.0
R0522,Z01,Z04,13.100773,80.262566,12.868863,80.161858,8.0,1,medium,0.8,Open,0.01,18.0
R0523,Z04,Z05,12.918468,80.190253,13.10537,80.152945,8.0,2,high,0.45,Open,0.02,26.0
R0524,Z05,Z01,13.062486,80.134961,13.184485,80.191928,8.0,4,high,0.1,Open,0.12,30.0
R0525,Z02,Z04,13.103558,80.2082,12.908017,80.140963,8.0,2,low,0.6,Open,0.02,17.0
R0526,Z04,Z04,12.892055,80.122731,12.863937,80.154696,5.61,6,medium,0.1,Open,0.0,16.0
R0527,Z03,Z04,13.03042,80.246426,12.839494,80.177933,8.0,3,medium,0.45,Open,0.11,19.0
R0528,Z05,Z05,13.0745,80.173078,13.02344,80.214437,8.0,4,high,0.6,Open,0.04,26.0
R0529,Z05,Z04,13.06505,80.182482,13.00938,80.222105,8.0,5,medium,0.5,Open,0.12,20.0
R0530,Z02,Z04,13.088466,80.296021,12.948346,80.231396,8.0,3,high,0.5,Open,0.0,24.0
R0531,Z04,Z04,12.893498,80.161096,12.873977,80.170854,2.98,2,high,0.45,Open,0.1,11.0
R0532,Z04,Z04,12.91542,80.168664,12.817928,80.195278,8.0,6,medium,0.1,Open,0.03,20.0
R0533,Z04,Z02,12.911418,80.120296,13.111716,80.222097,8.0,2,medium,0.45,Open,0.06,24.0
R0534,Z01,Z05,13.184877,80.180381,13.034166,80.209832,8.0,4,low,0.45,Open,0.04,17.0
R0535,Z05,Z04,12.957,80.144806,12.935361,80.202172,7.84,2,medium,0.65,Open,0.02,19.0
R0536,Z05,Z04,13.047202,80.145127,12.936386,80.131068,8.0,4,high,0.45,Open,0.03,30.0
R0537,Z01,Z05,13.190167,80.115243,13.112555,80.102129,8.0,3,high,0.45,Open,0.08,27.0
R0538,Z03,Z04,13.03998,80.246692,12.810332,80.237123,8.0,3,medium,0.45,Open,0.1,21.0
R0539,Z05,Z05,13.10537,80.152945,12.932109,80.114453,8.0,4,medium,0.1,Open,0.12,22.0
R0540,Z04,Z05,12.945712,80.191529,13.009203,80.153276,8.0,4,high,0.1,Open,0.09,28.0
R0541,Z05,Z04,13.033398,80.120058,12.879715,80.276723,8.0,3,medium,0.6,Open,0.02,21.0
R0542,Z01,Z05,13.165904,80.143318,13.00575,80.194874,8.0,1,medium,0.45,Open,0.07,19.0
R0543,Z04,Z04,12.879417,80.282199,12.802317,80.102702,8.0,6,high,0.65,Open,0.1,31.0
R0544,Z01,Z05,13.121918,80.212704,13.106379,80.121158,8.0,4,high,0.3,Open,0.02,27.0
R0545,Z05,Z05,13.086327,80.149168,13.137664,80.101653,8.0,3,low,0.6,Open,0.08,18.0
R0546,Z04,Z04,12.911426,80.245373,12.90624,80.241547,0.87,1,medium,0.45,Open,0.04,2.0
R0547,Z05,Z01,13.106379,80.121158,13.140114,80.294483,8.0,2,low,1.0,Open,0.0,16.0
R0548,Z05,Z04,13.044829,80.193424,12.860229,80.110222,8.0,6,medium,0.45,Open,0.11,20.0
R0549,Z04,Z05,12.851427,80.162817,13.11371,80.129011,8.0,2,medium,0.65,Open,0.03,23.0
R0550,Z05,Z04,13.00575,80.194874,12.879715,80.276723,8.0,4,medium,0.45,Open,0.02,22.0
R0551,Z04,Z04,12.885732,80.28941,12.93666,80.280177,7.16,3,high,0.45,Open,0.06,24.0
R0552,Z04,Z04,12.825091,80.189388,12.898908,80.14765,8.0,2,medium,0.45,Open,0.1,19.0
R0553,Z04,Z04,12.971181,80.227909,12.874726,80.246613,8.0,3,medium,0.8,Open,0.11,22.0
R0554,Z05,Z04,13.042466,80.21764,12.886495,80.169046,8.0,3,high,0.45,Open,0.08,30.0
R0555,Z01,Z05,13.098904,80.299763,12.967919,80.148835,8.0,3,high,0.25,Open,0.03,25.0
R0556,Z04,Z05,12.842031,80.250212,13.054212,80.167588,8.0,1,high,0.1,Open,0.11,25.0
R0557,Z02,Z04,13.079539,80.290415,12.803783,80.148517,8.0,2,high,0.45,Open,0.12,30.0
R0558,Z02,Z01,13.082595,80.261612,13.143699,80.197399,8.0,4,medium,0.25,Flooded,0.33,36.0
R0559,Z04,Z02,12.933516,80.230036,13.044535,80.250072,8.0,5,medium,0.45,Open,0.09,24.0
R0560,Z04,Z01,12.87751,80.143024,13.135463,80.162444,8.0,5,medium,0.45,Open,0.11,22.0
R0561,Z01,Z04,13.13537,80.260539,12.899228,80.178856,8.0,4,low,0.6,Open,0.1,18.0
R0562,Z02,Z04,13.08861,80.276669,12.812614,80.208366,8.0,3,medium,0.85,Open,0.12,20.0
R0563,Z01,Z04,13.147494,80.297726,12.933516,80.230036,8.0,2,medium,0.65,Open,0.02,21.0
R0564,Z01,Z05,13.16345,80.183127,13.138899,80.10353,8.0,4,medium,0.3,Open,0.11,22.0
R0565,Z04,Z04,12.804088,80.191241,12.871119,80.154927,8.0,3,medium,0.8,Open,0.03,24.0
R0566,Z01,Z04,13.161164,80.21271,12.822978,80.147682,8.0,4,high,0.1,Open,0.05,31.0
R0567,Z01,Z04,13.132439,80.247215,12.915258,80.278309,8.0,4,low,0.1,Open,0.06,18.0
R0568,Z04,Z05,12.873311,80.104112,13.081975,80.182263,8.0,4,high,0.3,Open,0.06,28.0
R0569,Z05,Z04,13.101488,80.166135,12.964817,80.251759,8.0,3,medium,0.45,Open,0.02,19.0
R0570,Z04,Z04,12.935361,80.202172,12.902664,80.291512,8.0,2,medium,0.8,Open,0.02,24.0
R0571,Z04,Z05,12.916065,80.11553,12.994364,80.163601,8.0,6,high,0.45,Open,0.06,26.0
R0572,Z04,Z04,12.883825,80.14831,12.958391,80.172063,8.0,3,high,0.65,Open,0.11,29.0
R0573,Z04,Z04,12.843385,80.191578,12.942369,80.162074,8.0,3,low,0.8,Open,0.02,19.0
R0574,Z04,Z05,12.80225,80.246583,12.987818,80.100186,8.0,1,medium,0.1,Open,0.07,22.0
R0575,Z04,Z05,12.932051,80.148993,13.14787,80.108834,8.0,2,high,0.45,Open,0.03,25.0
R0576,Z04,Z01,12.869171,80.161093,13.094119,80.284916,8.0,1,medium,0.45,Open,0.05,22.0
R0577,Z01,Z04,13.127236,80.250878,12.815314,80.208719,8.0,3,high,0.3,Open,0.11,26.0
R0578,Z04,Z04,12.838996,80.122011,12.955984,80.227487,8.0,3,medium,0.1,Open,0.08,22.0
R0579,Z01,Z04,13.183117,80.261954,12.828279,80.181377,8.0,4,high,0.3,Open,0.04,26.0
R0580,Z02,Z04,13.087782,80.234596,12.948615,80.224853,8.0,4,low,0.45,Open,0.1,18.0
R0581,Z04,Z04,12.867929,80.29808,12.916065,80.11553,8.0,4,low,0.3,Open,0.1,18.0
R0582,Z04,Z04,12.869193,80.188647,12.803783,80.148517,8.0,4,high,0.45,Open,0.03,29.0
R0583,Z04,Z02,12.831533,80.116534,13.062826,80.282181,8.0,4,medium,0.45,Open,0.07,19.0
R0584,Z05,Z03,13.142261,80.127245,13.010989,80.231369,8.0,2,low,0.1,Open,0.02,17.0
R0585,Z04,Z01,12.886631,80.227444,13.118676,80.26437,8.0,4,low,0.3,Open,0.01,16.0
R0586,Z05,Z04,13.039335,80.202324,12.800331,80.172707,8.0,5,medium,0.6,Open,0.02,23.0
R0587,Z04,Z05,12.802317,80.102702,13.014101,80.1717,8.0,5,medium,0.1,Open,0.02,24.0
R0588,Z01,Z02,13.121351,80.255185,13.079539,80.290415,7.31,4,medium,0.65,Open,0.08,18.0
R0589,Z05,Z01,13.057374,80.206391,13.186773,80.223555,8.0,2,high,0.1,Open,0.07,29.0
R0590,Z05,Z03,12.94063,80.113955,12.935986,80.285514,8.0,3,low,0.8,Open,0.08,17.0
R0591,Z04,Z04,12.91143,80.158485,12.934501,80.248979,8.0,4,medium,0.1,Open,0.06,23.0
R0592,Z05,Z04,13.081496,80.105161,12.812884,80.252648,8.0,3,low,1.0,Open,0.0,15.0
R0593,Z05,Z04,13.106089,80.162482,12.875143,80.123884,8.0,2,high,0.6,Open,0.1,29.0
R0594,Z01,Z04,13.13537,80.260539,12.892055,80.122731,8.0,2,medium,0.45,Open,0.05,24.0
R0595,Z04,Z04,12.800331,80.172707,12.93666,80.280177,8.0,3,low,0.6,Open,0.09,19.0
R0596,Z05,Z04,12.961216,80.143204,12.845198,80.228129,8.0,4,medium,0.8,Open,0.12,19.0
R0597,Z01,Z01,13.118329,80.239739,13.132978,80.287781,6.4,3,low,0.1,Open,0.06,14.0
R0598,Z04,Z01,12.877906,80.154973,13.187547,80.214467,8.0,2,medium,0.6,Open,0.01,19.0
R0599,Z04,Z04,12.800172,80.202976,12.984553,80.200492,8.0,3,high,0.3,Open,0.05,26.0
R0600,Z05,Z04,13.146122,80.136593,12.80225,80.246583,8.0,3,low,0.45,Flooded,0.36,24.0
R0601,Z05,Z02,13.044621,80.120735,13.102968,80.20593,8.0,3,medium,0.1,Open,0.03,18.0
R0602,Z04,Z04,12.875969,80.162546,12.815314,80.208719,8.0,4,low,0.65,Open,0.09,15.0
R0603,Z05,Z05,12.997029,80.180985,12.961216,80.143204,6.89,2,low,0.6,Open,0.06,14.0
R0604,Z04,Z04,12.958422,80.16674,12.918477,80.208836,7.68,4,low,0.8,Open,0.11,16.0
R0605,Z01,Z04,13.15515,80.176578,12.800172,80.202976,8.0,5,low,0.1,Open,0.04,17.0
R0606,Z05,Z04,12.988979,80.169063,12.819596,80.151577,8.0,3,low,0.1,Open,0.09,17.0
R0607,Z03,Z02,13.010989,80.231369,13.050483,80.266499,7.05,3,high,0.1,Flooded,0.37,35.0
R0608,Z04,Z05,12.938726,80.155003,13.129312,80.155801,8.0,2,medium,0.45,Open,0.0,21.0
R0609,Z01,Z04,13.183409,80.257544,12.8144,80.203421,8.0,4,medium,0.8,Open,0.03,19.0
R0610,Z04,Z02,12.8565,80.140439,13.085415,80.289871,8.0,6,high,0.25,Open,0.09,27.0
R0611,Z04,Z01,12.807691,80.256604,13.118676,80.26437,8.0,2,low,0.45,Open,0.12,19.0
R0612,Z02,Z04,13.095082,80.241801,12.902775,80.19886,8.0,2,low,0.8,Open,0.1,17.0
R0613,Z04,Z04,12.913429,80.231224,12.802317,80.102702,8.0,3,low,0.3,Open,0.07,16.0
R0614,Z05,Z04,13.033398,80.120058,12.819473,80.294897,8.0,3,low,0.45,Open,0.09,17.0
R0615,Z05,Z05,13.042058,80.148231,13.132168,80.140299,8.0,3,low,0.45,Open,0.04,16.0
R0616,Z01,Z03,13.177552,80.271978,12.975701,80.277032,8.0,4,medium,0.1,Open,0.03,19.0
R0617,Z05,Z01,13.133708,80.133141,13.16312,80.183735,7.58,4,high,0.45,Open,0.09,24.0
R0618,Z05,Z03,13.052522,80.14345,12.994773,80.254173,8.0,4,high,0.1,Open,0.07,31.0
R0619,Z05,Z05,12.987569,80.123886,12.957,80.144806,5.0,2,medium,0.1,Open,0.03,14.0
R0620,Z02,Z05,13.056918,80.294864,13.002232,80.118523,8.0,3,medium,0.45,Open,0.05,21.0
R0621,Z04,Z03,12.910225,80.265923,12.998433,80.292821,8.0,5,low,0.6,Open,0.01,16.0
R0622,Z02,Z05,13.062826,80.282181,13.058442,80.119815,8.0,3,medium,0.45,Open,0.07,23.0
R0623,Z05,Z03,12.965089,80.146046,12.985624,80.296864,8.0,2,medium,0.8,Open,0.1,18.0
R0624,Z02,Z05,13.088466,80.296021,13.027208,80.20029,8.0,4,medium,0.65,Open,0.02,20.0
R0625,Z04,Z03,12.808191,80.293183,13.026355,80.287258,8.0,5,low,0.1,Open,0.12,17.0
R0626,Z05,Z01,13.058756,80.195367,13.139816,80.164193,8.0,2,low,0.8,Open,0.07,17.0
R0627,Z04,Z04,12.860095,80.242405,12.923608,80.226417,8.0,3,high,0.1,Open,0.09,26.0
R0628,Z05,Z04,13.004738,80.164282,12.922646,80.237274,8.0,3,medium,0.45,Open,0.12,22.0
R0629,Z05,Z04,13.079678,80.115897,12.941818,80.265391,8.0,5,medium,0.3,Open,0.04,22.0
R0630,Z04,Z04,12.804397,80.225323,12.871614,80.109634,8.0,5,low,0.8,Open,0.11,19.0
R0631,Z05,Z04,13.081149,80.198629,12.869385,80.115294,8.0,2,high,0.6,Open,0.06,27.0
R0632,Z01,Z01,13.112704,80.248973,13.180664,80.174604,8.0,5,high,0.45,Open,0.05,25.0
R0633,Z04,Z05,12.869193,80.188647,12.982524,80.127711,8.0,2,medium,0.45,Open,0.03,23.0
R0634,Z01,Z04,13.121918,80.212704,12.812906,80.225267,8.0,2,medium,0.45,Open,0.1,22.0
R0635,Z04,Z01,12.913284,80.291148,13.122343,80.263315,8.0,4,medium,0.45,Open,0.04,18.0
R0636,Z04,Z05,12.887987,80.233219,13.118749,80.149829,8.0,5,low,0.1,Open,0.09,15.0
R0637,Z04,Z05,12.804217,80.222019,13.144089,80.144206,8.0,3,high,0.8,Open,0.09,28.0
R0638,Z04,Z04,12.957708,80.155542,12.832497,80.256613,8.0,3,medium,0.45,Open,0.05,21.0
R0639,Z04,Z03,12.828279,80.181377,13.03042,80.246426,8.0,5,medium,0.3,Open,0.06,20.0
R0640,Z01,Z02,13.194131,80.133434,13.100713,80.196343,8.0,4,high,0.45,Open,0.0,28.0
R0641,Z04,Z05,12.885723,80.240431,13.002232,80.118523,8.0,3,medium,0.45,Open,0.08,19.0
R0642,Z01,Z01,13.136882,80.163686,13.117888,80.234359,8.0,5,medium,0.45,Open,0.03,21.0
R0643,Z03,Z02,12.967702,80.295155,13.085225,80.269786,8.0,1,high,0.1,Open,0.01,26.0
R0644,Z04,Z03,12.956086,80.245675,13.032946,80.298525,8.0,4,low,0.4,Open,0.05,17.0
R0645,Z05,Z02,13.057374,80.206391,13.1071,80.190945,7.17,3,high,0.3,Open,0.1,24.0
R0646,Z01,Z04,13.188372,80.210934,12.851906,80.237577,8.0,3,high,0.1,Flooded,0.56,42.0
R0647,Z02,Z04,13.085225,80.269786,12.845869,80.164399,8.0,1,high,0.65,Open,0.03,28.0
R0648,Z04,Z05,12.872674,80.164163,13.085224,80.162401,8.0,2,high,0.3,Open,0.12,32.0
R0649,Z03,Z05,13.007842,80.263724,13.119884,80.137942,8.0,2,high,0.25,Open,0.12,26.0
R0650,Z03,Z04,12.939717,80.288367,12.873404,80.139849,8.0,2,low,0.45,Open,0.07,19.0
R0651,Z05,Z04,13.027208,80.20029,12.898188,80.15184,8.0,3,medium,0.65,Open,0.11,22.0
R0652,Z01,Z01,13.191555,80.225763,13.180664,80.174604,6.63,5,medium,0.65,Open,0.11,20.0
R0653,Z02,Z01,13.085415,80.289871,13.16345,80.183127,8.0,4,medium,0.65,Open,0.07,24.0
R0654,Z04,Z04,12.90624,80.241547,12.976507,80.195901,8.0,4,medium,0.8,Open,0.11,24.0
R0655,Z04,Z04,12.958391,80.172063,12.836117,80.164574,8.0,4,medium,0.8,Open,0.01,21.0
R0656,Z02,Z04,13.050483,80.266499,12.832635,80.160115,8.0,1,medium,0.45,Open,0.08,24.0
R0657,Z01,Z04,13.147494,80.297726,12.875933,80.268281,8.0,3,low,0.5,Open,0.03,18.0
R0658,Z04,Z04,12.810145,80.159297,12.893498,80.161096,8.0,2,medium,0.6,Open,0.06,20.0
R0659,Z04,Z04,12.804217,80.222019,12.810811,80.231258,1.48,6,high,0.25,Open,0.0,5.0
R0660,Z01,Z03,13.128761,80.276771,12.953116,80.278683,8.0,2,medium,0.1,Open,0.1,20.0
R0661,Z04,Z04,12.899228,80.178856,12.830601,80.14151,8.0,2,medium,0.45,Open,0.02,19.0
R0662,Z04,Z01,12.80441,80.275275,13.149476,80.247158,8.0,3,low,0.8,Open,0.02,18.0
R0663,Z05,Z05,13.081496,80.105161,13.08804,80.194476,8.0,5,low,0.1,Open,0.0,15.0
R0664,Z05,Z04,12.94063,80.113955,12.870341,80.234878,8.0,5,medium,0.65,Open,0.05,21.0
R0665,Z03,Z01,12.96236,80.293919,13.13537,80.260539,8.0,3,medium,0.8,Open,0.11,24.0
R0666,Z05,Z05,13.145224,80.102416,13.065783,80.176373,8.0,3,low,0.3,Open,0.08,18.0
R0667,Z04,Z04,12.95539,80.180246,12.830601,80.14151,8.0,3,medium,0.1,Open,0.08,22.0
R0668,Z04,Z04,12.849446,80.297604,12.884835,80.121577,8.0,4,high,0.1,Open,0.0,30.0
R0669,Z04,Z04,12.804217,80.222019,12.879417,80.282199,8.0,3,medium,0.9,Open,0.08,23.0
R0670,Z04,Z05,12.91542,80.168664,13.033398,80.120058,8.0,2,low,0.65,Open,0.07,15.0
R0671,Z04,Z05,12.876382,80.267796,13.153794,80.125494,8.0,1,high,0.65,Open,0.04,29.0
R0672,Z05,Z05,13.039335,80.202324,12.987569,80.123886,8.0,2,medium,0.45,Open,0.11,20.0
R0673,Z04,Z04,12.843385,80.191578,12.812323,80.16859,5.2,5,medium,0.1,Open,0.08,14.0
R0674,Z04,Z04,12.90624,80.241547,12.817781,80.109314,8.0,4,medium,0.5,Open,0.11,21.0
R0675,Z04,Z03,12.964979,80.237874,13.03998,80.246692,8.0,4,medium,0.45,Open,0.1,22.0
R0676,Z05,Z04,13.064231,80.188245,12.860942,80.153336,8.0,4,low,0.6,Open,0.09,18.0
R0677,Z05,Z04,13.057374,80.206391,12.961039,80.232411,8.0,2,high,0.8,Open,0.09,27.0
R0678,Z05,Z05,13.109903,80.151201,13.106089,80.162482,1.52,4,medium,0.65,Open,0.1,4.0
R0679,Z05,Z03,13.11371,80.129011,13.00679,80.285834,8.0,3,medium,0.6,Open,0.07,19.0
R0680,Z01,Z04,13.103774,80.258784,12.804217,80.222019,8.0,4,high,0.45,Open,0.0,24.0
R0681,Z05,Z04,13.107108,80.178339,12.908412,80.2383,8.0,2,medium,0.45,Open,0.0,22.0
R0682,Z04,Z03,12.838717,80.113583,12.964571,80.275668,8.0,3,low,0.45,Open,0.1,17.0
R0683,Z04,Z05,12.801191,80.288122,12.967919,80.148835,8.0,1,medium,0.5,Open,0.07,18.0
R0684,Z05,Z04,13.027208,80.20029,12.911426,80.245373,8.0,3,medium,0.8,Open,0.06,20.0
R0685,Z04,Z01,12.800782,80.185838,13.160185,80.204003,8.0,5,low,0.1,Open,0.02,16.0
R0686,Z04,Z05,12.913284,80.291148,13.146122,80.136593,8.0,1,high,0.1,Flooded,0.55,54.0
R0687,Z01,Z02,13.167691,80.214004,13.050483,80.266499,8.0,2,medium,0.1,Open,0.07,20.0
R0688,Z01,Z01,13.118676,80.26437,13.172928,80.157062,8.0,6,high,0.45,Open,0.04,32.0
R0689,Z04,Z03,12.804217,80.222019,12.985379,80.270569,8.0,3,high,0.1,Open,0.06,25.0
R0690,Z01,Z01,13.170822,80.195504,13.159211,80.181916,2.35,3,medium,0.65,Open,0.02,6.0
R0691,Z01,Z01,13.160185,80.204003,13.128612,80.230974,5.55,4,low,0.65,Open,0.02,12.0
R0692,Z04,Z05,12.87787,80.223929,13.023442,80.159728,8.0,1,high,0.1,Open,0.07,24.0
R0693,Z05,Z04,13.150376,80.129118,12.868166,80.212201,8.0,2,low,0.1,Open,0.01,15.0
R0694,Z05,Z05,13.171117,80.116406,13.146122,80.136593,4.3,3,low,0.45,Open,0.0,10.0
R0695,Z04,Z03,12.867412,80.276954,12.994286,80.270301,8.0,4,medium,0.65,Open,0.06,20.0
R0696,Z05,Z05,13.062244,80.117455,13.062486,80.134961,2.21,6,medium,0.1,Open,0.01,6.0
R0697,Z01,Z01,13.159211,80.181916,13.174765,80.208693,4.01,5,low,0.45,Open,0.0,9.0
R0698,Z04,Z04,12.885732,80.28941,12.898506,80.250275,5.25,2,medium,0.45,Open,0.09,14.0
R0699,Z01,Z01,13.191555,80.225763,13.170822,80.195504,4.78,1,high,0.8,Open,0.12,17.0
R0700,Z05,Z05,13.144089,80.144206,13.036686,80.206434,8.0,2,medium,0.85,Open,0.08,19.0
R0701,Z03,Z04,13.007842,80.263724,12.935045,80.150449,8.0,3,low,0.1,Open,0.1,18.0
R0702,Z05,Z01,13.033398,80.120058,13.161164,80.21271,8.0,4,high,0.6,Open,0.07,27.0
R0703,Z04,Z04,12.838717,80.113583,12.889813,80.170269,8.0,6,medium,0.25,Open,0.05,22.0
R0704,Z02,Z04,13.058866,80.265862,12.869193,80.188647,8.0,1,low,0.45,Open,0.06,17.0
R0705,Z04,Z04,12.803447,80.190025,12.971146,80.213738,8.0,3,medium,0.1,Open,0.09,23.0
R0706,Z02,Z04,13.08861,80.276669,12.874065,80.280454,8.0,2,medium,0.1,Open,0.02,22.0
R0707,Z03,Z04,13.03915,80.231203,12.918477,80.208836,8.0,5,high,0.1,Open,0.07,29.0
R0708,Z04,Z05,12.80087,80.220097,13.00575,80.194874,8.0,5,medium,0.1,Open,0.03,21.0
R0709,Z04,Z02,12.939106,80.205161,13.049683,80.244644,8.0,3,low,0.1,Open,0.1,17.0
R0710,Z04,Z01,12.900535,80.101799,13.197038,80.200628,8.0,5,medium,0.4,Open,0.06,21.0
R0711,Z05,Z05,13.10537,80.152945,13.047202,80.145127,8.0,3,medium,0.65,Open,0.03,21.0
R0712,Z05,Z05,13.0745,80.173078,12.996411,80.115814,8.0,5,high,0.45,Open,0.09,29.0
R0713,Z01,Z04,13.175725,80.196125,12.958391,80.172063,8.0,3,high,0.3,Open,0.03,30.0
R0714,Z04,Z05,12.831533,80.116534,13.013129,80.169931,8.0,2,high,0.25,Open,0.03,27.0
R0715,Z03,Z02,13.005312,80.260723,13.088466,80.296021,8.0,2,medium,0.3,Open,0.1,23.0
R0716,Z01,Z04,13.167099,80.128024,12.894591,80.133396,8.0,3,high,0.8,Open,0.01,28.0
R0717,Z04,Z05,12.958422,80.16674,12.987818,80.100186,8.0,5,medium,0.5,Open,0.06,23.0
R0718,Z04,Z04,12.94758,80.184054,12.817928,80.195278,8.0,1,high,0.1,Open,0.08,29.0
R0719,Z04,Z04,12.8144,80.203421,12.812884,80.252648,6.22,3,low,0.45,Open,0.08,11.0
R0720,Z04,Z05,12.810811,80.231258,13.144258,80.115096,8.0,3,low,0.1,Flooded,0.25,24.0
R0721,Z03,Z03,12.996277,80.262176,12.985379,80.270569,1.85,4,low,0.45,Open,0.03,4.0
R0722,Z05,Z05,13.064537,80.113732,13.118581,80.15622,8.0,2,medium,0.25,Blocked,0.86,
R0723,Z04,Z04,12.87271,80.136728,12.810145,80.159297,8.0,2,low,0.4,Open,0.07,18.0
R0724,Z05,Z03,13.062244,80.117455,12.999059,80.280725,8.0,3,medium,0.3,Open,0.07,23.0
R0725,Z01,Z02,13.158744,80.225029,13.053037,80.256862,8.0,2,low,0.8,Open,0.08,18.0
R0726,Z03,Z04,13.024906,80.246376,12.919143,80.149866,8.0,2,low,0.45,Open,0.01,19.0
R0727,Z04,Z05,12.842031,80.250212,13.006747,80.155321,8.0,2,medium,0.45,Open,0.03,22.0
R0728,Z04,Z04,12.804088,80.191241,12.841709,80.181911,5.35,2,high,0.1,Open,0.1,21.0
R0729,Z01,Z04,13.161004,80.215234,12.934501,80.248979,8.0,3,medium,0.45,Open,0.08,23.0
R0730,Z04,Z05,12.840434,80.180347,13.08804,80.194476,8.0,3,medium,0.65,Open,0.08,24.0
R0731,Z04,Z02,12.867929,80.29808,13.056918,80.294864,8.0,5,low,0.8,Open,0.06,15.0
R0732,Z03,Z04,13.009604,80.268339,12.842879,80.206219,8.0,3,low,0.1,Open,0.09,15.0
R0733,Z04,Z04,12.842879,80.206219,12.94758,80.184054,8.0,3,medium,0.45,Open,0.03,19.0
R0734,Z01,Z03,13.13537,80.260539,12.964571,80.275668,8.0,3,high,0.45,Open,0.1,30.0
R0735,Z05,Z03,13.151811,80.11911,13.01833,80.254082,8.0,5,high,0.45,Open,0.02,31.0
R0736,Z05,Z01,13.150067,80.119374,13.128612,80.230974,8.0,4,high,0.65,Open,0.1,29.0
R0737,Z05,Z01,12.968578,80.157711,13.117888,80.234359,8.0,3,medium,0.65,Open,0.08,23.0
R0738,Z05,Z05,12.996411,80.115814,13.10537,80.152945,8.0,3,high,0.45,Open,0.08,29.0
R0739,Z05,Z04,13.009203,80.153276,12.843655,80.272743,8.0,5,medium,0.25,Open,0.11,20.0
R0740,Z01,Z01,13.18632,80.138826,13.135463,80.162444,7.66,4,high,0.85,Open,0.07,23.0
R0741,Z01,Z01,13.140466,80.261612,13.177552,80.271978,5.31,6,low,0.65,Open,0.05,12.0
R0742,Z04,Z04,12.86244,80.267736,12.873369,80.104395,8.0,4,medium,0.3,Open,0.0,20.0
R0743,Z05,Z04,12.996022,80.162539,12.83582,80.152778,8.0,6,high,0.6,Open,0.0,26.0
R0744,Z04,Z04,12.817928,80.195278,12.87787,80.223929,8.0,1,medium,0.1,Open,0.1,20.0
R0745,Z04,Z05,12.847954,80.110627,13.047732,80.181312,8.0,5,medium,0.4,Open,0.02,21.0
R0746,Z01,Z04,13.164668,80.257302,12.852457,80.292709,8.0,2,medium,0.6,Open,0.04,22.0
R0747,Z05,Z05,12.979773,80.125904,13.051843,80.101492,8.0,2,high,0.65,Open,0.03,28.0
R0748,Z01,Z04,13.121636,80.23204,12.869171,80.161093,8.0,2,medium,0.25,Open,0.1,22.0
R0749,Z04,Z01,12.939459,80.12713,13.093869,80.295687,8.0,4,low,0.45,Open,0.12,15.0
R0750,Z05,Z02,13.167224,80.108893,13.057548,80.234556,8.0,5,high,0.8,Open,0.11,26.0
R0751,Z05,Z04,13.120184,80.152847,12.86244,80.267736,8.0,2,medium,0.8,Open,0.05,24.0
R0752,Z05,Z04,13.149261,80.103419,12.964008,80.20961,8.0,4,high,0.1,Open,0.02,26.0
R0753,Z03,Z04,12.935986,80.285514,12.8565,80.140439,8.0,2,high,0.25,Open,0.01,29.0
R0754,Z05,Z03,12.968578,80.157711,13.03915,80.231203,8.0,2,medium,0.25,Open,0.03,23.0
R0755,Z04,Z03,12.94758,80.184054,12.97823,80.296513,8.0,5,medium,0.8,Open,0.01,20.0
R0756,Z01,Z02,13.105067,80.276132,13.082595,80.261612,3.62,3,high,0.5,Open,0.02,13.0
R0757,Z05,Z04,13.129312,80.155801,12.891836,80.196124,8.0,3,high,0.3,Open,0.03,30.0
R0758,Z04,Z04,12.975961,80.243145,12.976507,80.195901,5.97,5,high,0.45,Open,0.12,21.0
R0759,Z05,Z02,12.94063,80.113955,13.067617,80.271861,8.0,6,low,0.45,Open,0.01,19.0
R0760,Z02,Z05,13.044535,80.250072,13.091225,80.155214,8.0,4,high,0.65,Open,0.0,24.0
R0761,Z04,Z05,12.91143,80.158485,12.997029,80.180985,8.0,3,medium,0.1,Flooded,0.56,36.0
R0762,Z05,Z04,13.176593,80.10742,12.900778,80.288994,8.0,5,high,0.1,Flooded,0.26,45.0
R0763,Z01,Z04,13.129933,80.280226,12.842658,80.154615,8.0,3,medium,0.1,Open,0.09,20.0
R0764,Z01,Z05,13.138966,80.216937,12.982524,80.127711,8.0,3,medium,0.8,Open,0.11,23.0
R0765,Z05,Z05,13.023442,80.159728,13.109903,80.151201,8.0,4,high,0.65,Open,0.07,32.0
R0766,Z05,Z02,12.968578,80.157711,13.068598,80.292772,8.0,2,medium,0.6,Open,0.02,21.0
R0767,Z05,Z04,13.047683,80.153537,12.838996,80.122011,8.0,2,medium,0.1,Open,0.08,21.0
R0768,Z04,Z04,12.828512,80.133987,12.886495,80.169046,8.0,5,high,0.1,Open,0.09,25.0
R0769,Z05,Z04,13.146122,80.136593,12.887987,80.233219,8.0,2,medium,0.1,Open,0.11,20.0
R0770,Z05,Z04,13.091225,80.155214,12.911426,80.245373,8.0,2,medium,0.45,Open,0.06,19.0
R0771,Z04,Z01,12.816235,80.257122,13.153691,80.16884,8.0,4,medium,0.1,Open,0.07,19.0
R0772,Z05,Z02,13.11371,80.129011,13.057548,80.234556,8.0,5,low,0.65,Open,0.01,16.0
R0773,Z04,Z04,12.866107,80.143929,12.884835,80.121577,3.84,4,medium,0.45,Open,0.07,9.0
R0774,Z03,Z01,12.966488,80.267471,13.132978,80.287781,8.0,2,high,0.45,Open,0.12,27.0
R0775,Z04,Z04,12.860119,80.251774,12.925633,80.193856,8.0,2,medium,0.6,Open,0.03,18.0
R0776,Z03,Z01,13.024906,80.246376,13.181795,80.130798,8.0,3,medium,0.3,Open,0.0,23.0
R0777,Z04,Z01,12.859543,80.160612,13.197436,80.237455,8.0,2,high,0.65,Open,0.12,28.0
R0778,Z04,Z04,12.873404,80.139849,12.909653,80.186383,7.73,4,medium,0.1,Open,0.05,22.0
R0779,Z04,Z02,12.857455,80.136116,13.098467,80.234911,8.0,3,medium,0.45,Open,0.07,24.0
R0780,Z04,Z04,12.932201,80.171009,12.948346,80.231396,7.95,4,medium,0.25,Open,0.11,20.0
R0781,Z01,Z04,13.174765,80.208693,12.83582,80.152778,8.0,4,low,0.45,Open,0.1,18.0
R0782,Z01,Z04,13.158031,80.28661,12.87787,80.223929,8.0,5,medium,0.1,Open,0.06,21.0
R0783,Z04,Z01,12.851427,80.162817,13.186773,80.223555,8.0,5,high,0.65,Open,0.02,31.0
R0784,Z04,Z04,12.86244,80.267736,12.870341,80.234878,4.29,3,medium,0.8,Open,0.07,10.0
R0785,Z04,Z04,12.816235,80.257122,12.836117,80.164574,8.0,2,high,0.8,Open,0.0,31.0
R0786,Z04,Z04,12.956086,80.245675,12.885642,80.167902,8.0,2,high,0.3,Open,0.11,27.0
R0787,Z05,Z04,13.11371,80.129011,12.840434,80.180347,8.0,1,medium,0.45,Open,0.1,22.0
R0788,Z04,Z03,12.971275,80.177049,13.002041,80.281399,8.0,5,low,0.4,Open,0.08,18.0
R0789,Z03,Z01,13.032946,80.298525,13.118329,80.239739,8.0,3,medium,0.1,Open,0.03,21.0
R0790,Z05,Z01,13.169506,80.107817,13.195686,80.134903,4.99,3,high,0.8,Open,0.09,19.0
R0791,Z04,Z02,12.838717,80.113583,13.103558,80.2082,8.0,4,medium,0.1,Open,0.1,19.0
R0792,Z05,Z01,13.142261,80.127245,13.100773,80.262566,8.0,2,high,0.65,Open,0.08,28.0
R0793,Z04,Z03,12.984885,80.198132,12.935986,80.285514,8.0,4,low,0.65,Open,0.09,16.0
R0794,Z04,Z01,12.831948,80.241758,13.161164,80.21271,8.0,2,medium,0.25,Open,0.09,22.0
R0795,Z04,Z01,12.832497,80.256613,13.175725,80.196125,8.0,2,low,0.85,Open,0.02,15.0
R0796,Z04,Z02,12.869193,80.188647,13.097173,80.239414,8.0,1,medium,0.25,Open,0.11,19.0
R0797,Z04,Z03,12.893003,80.238972,13.038262,80.255106,8.0,2,low,0.1,Open,0.01,15.0
R0798,Z05,Z04,12.956083,80.12766,12.95539,80.180246,6.64,3,high,0.6,Open,0.11,21.0
R0799,Z01,Z04,13.178429,80.123177,12.943812,80.259902,8.0,2,medium,0.1,Open,0.06,21.0
R0800,Z04,Z04,12.892055,80.122731,12.918468,80.190253,8.0,4,high,0.45,Open,0.07,28.0
R0801,Z05,Z05,13.158059,80.111982,13.152326,80.110816,0.81,5,high,0.25,Open,0.04,2.0
R0802,Z01,Z04,13.184485,80.191928,12.987802,80.242276,8.0,6,medium,0.65,Open,0.12,19.0
R0803,Z04,Z05,12.822978,80.147682,13.118749,80.149829,8.0,2,medium,0.1,Open,0.04,23.0
R0804,Z04,Z01,12.828279,80.181377,13.112704,80.248973,8.0,4,low,0.45,Open,0.04,16.0
R0805,Z05,Z04,13.001131,80.131695,12.847954,80.110627,8.0,2,medium,0.45,Open,0.03,21.0
R0806,Z04,Z04,12.804217,80.222019,12.906455,80.268365,8.0,2,high,0.3,Open,0.03,25.0
R0807,Z04,Z05,12.934717,80.259504,13.106089,80.162482,8.0,2,medium,0.45,Open,0.11,21.0
R0808,Z01,Z04,13.192716,80.153085,12.800942,80.141466,8.0,3,low,0.6,Open,0.01,18.0
R0809,Z05,Z04,13.081975,80.182263,12.828279,80.181377,8.0,5,high,0.8,Open,0.03,26.0
R0810,Z04,Z01,12.939106,80.205161,13.163468,80.170432,8.0,3,medium,0.45,Open,0.01,21.0
R0811,Z04,Z05,12.812437,80.226885,13.027294,80.149223,8.0,3,high,0.3,Open,0.04,26.0
R0812,Z05,Z05,13.137664,80.101653,13.004738,80.164282,8.0,3,medium,0.65,Open,0.12,18.0
R0813,Z03,Z05,12.964571,80.275668,13.049983,80.218772,8.0,5,medium,0.25,Open,0.02,20.0
R0814,Z03,Z04,12.939717,80.288367,12.869385,80.115294,8.0,1,high,0.45,Open,0.11,28.0
R0815,Z04,Z01,12.804217,80.222019,13.188415,80.16828,8.0,4,medium,0.1,Open,0.07,23.0
R0816,Z01,Z01,13.193955,80.193922,13.18632,80.138826,7.04,3,low,0.45,Flooded,0.26,24.0
R0817,Z01,Z04,13.127236,80.250878,12.947432,80.221219,8.0,1,low,0.8,Open,0.06,17.0
R0818,Z04,Z04,12.901635,80.280697,12.804217,80.222019,8.0,2,high,0.45,Open,0.12,32.0
R0819,Z03,Z05,12.990661,80.299722,13.106089,80.162482,8.0,6,low,0.25,Open,0.1,15.0
R0820,Z04,Z05,12.845869,80.164399,13.067306,80.171061,8.0,5,medium,0.25,Open,0.01,19.0
R0821,Z05,Z01,13.119884,80.137942,13.138862,80.274587,8.0,2,medium,0.1,Open,0.06,22.0
R0822,Z01,Z04,13.197436,80.237455,12.913284,80.291148,8.0,4,high,0.45,Open,0.1,25.0
R0823,Z05,Z04,13.023442,80.159728,12.831183,80.13847,8.0,4,high,0.3,Flooded,0.48,55.0
R0824,Z04,Z04,12.822978,80.147682,12.884422,80.152359,8.0,6,medium,0.45,Open,0.04,19.0
R0825,Z04,Z04,12.911029,80.118892,12.817781,80.109314,8.0,3,low,0.45,Open,0.04,17.0
R0826,Z05,Z03,13.101572,80.122991,13.037015,80.284166,8.0,5,high,0.1,Open,0.09,24.0
R0827,Z05,Z05,13.008102,80.163526,13.10265,80.102363,8.0,5,medium,0.1,Open,0.03,19.0
R0828,Z01,Z05,13.197436,80.237455,13.158059,80.111982,8.0,4,medium,0.3,Open,0.03,20.0
R0829,Z05,Z04,13.047683,80.153537,12.939459,80.12713,8.0,3,high,0.25,Open,0.04,25.0
R0830,Z02,Z04,13.095916,80.223158,12.934717,80.259504,8.0,3,medium,0.25,Open,0.08,24.0
R0831,Z03,Z05,12.999181,80.277455,13.158059,80.111982,8.0,3,high,0.65,Open,0.08,25.0
R0832,Z02,Z01,13.044535,80.250072,13.161004,80.215234,8.0,4,high,0.45,Open,0.07,31.0
R0833,Z01,Z01,13.129196,80.193715,13.166625,80.209667,5.57,3,medium,0.1,Open,0.05,16.0
R0834,Z02,Z05,13.080749,80.244853,13.046079,80.149334,8.0,4,medium,0.45,Open,0.08,21.0
R0835,Z04,Z04,12.815252,80.187181,12.90624,80.241547,8.0,1,medium,0.65,Open,0.03,18.0
R0836,Z05,Z04,13.169506,80.107817,12.815571,80.158474,8.0,2,medium,0.65,Open,0.11,23.0
R0837,Z02,Z04,13.053037,80.256862,12.850924,80.133031,8.0,1,medium,0.3,Open,0.05,20.0
R0838,Z02,Z04,13.067484,80.294152,12.831183,80.13847,8.0,3,low,0.45,Open,0.12,18.0
R0839,Z04,Z05,12.80225,80.246583,13.182259,80.104242,8.0,2,medium,0.3,Open,0.05,23.0
R0840,Z04,Z05,12.890253,80.125048,13.131907,80.158506,8.0,6,high,0.65,Open,0.04,29.0
R0841,Z04,Z02,12.80087,80.220097,13.080144,80.20682,8.0,1,medium,0.65,Open,0.01,19.0
R0842,Z01,Z04,13.121636,80.23204,12.879417,80.282199,8.0,5,medium,0.8,Open,0.09,20.0
R0843,Z01,Z05,13.148936,80.255732,13.017884,80.180292,8.0,6,high,0.25,Open,0.01,31.0
R0844,Z04,Z01,12.854975,80.142989,13.184485,80.191928,8.0,3,medium,0.8,Open,0.04,19.0
R0845,Z01,Z05,13.158031,80.28661,13.081496,80.105161,8.0,4,medium,0.45,Open,0.09,23.0
R0846,Z04,Z01,12.950513,80.235487,13.155989,80.182345,8.0,2,high,0.45,Open,0.06,28.0
R0847,Z04,Z04,12.875182,80.149177,12.875933,80.268281,8.0,3,medium,0.25,Open,0.04,22.0
R0848,Z04,Z04,12.894591,80.133396,12.869936,80.153265,4.24,5,low,0.1,Open,0.05,9.0
R0849,Z04,Z05,12.867718,80.22025,13.149261,80.103419,8.0,4,low,0.45,Open,0.01,18.0
R0850,Z01,Z01,13.121918,80.212704,13.194131,80.133434,8.0,4,high,0.45,Open,0.01,29.0
R0851,Z04,Z04,12.801191,80.288122,12.893003,80.238972,8.0,2,high,0.25,Open,0.12,27.0
R0852,Z03,Z03,13.032,80.297816,13.03998,80.246692,6.55,4,low,0.45,Open,0.08,13.0
R0853,Z01,Z03,13.188013,80.109279,12.944866,80.29704,8.0,3,medium,0.6,Open,0.01,21.0
R0854,Z03,Z05,12.973798,80.263565,13.101488,80.166135,8.0,3,high,0.65,Open,0.11,29.0
R0855,Z01,Z04,13.103774,80.258784,12.936386,80.241983,8.0,5,high,0.25,Open,0.01,29.0
R0856,Z03,Z05,13.002041,80.281399,13.049983,80.218772,8.0,1,medium,0.45,Open,0.06,20.0
R0857,Z01,Z05,13.166828,80.188292,13.039335,80.202324,8.0,3,high,0.6,Blocked,1.03,
R0858,Z03,Z05,13.007842,80.263724,12.977825,80.148657,8.0,3,low,0.8,Open,0.1,18.0
R0859,Z01,Z04,13.171085,80.137781,12.86244,80.267736,8.0,5,medium,0.1,Open,0.09,22.0
R0860,Z04,Z05,12.968555,80.19417,12.956083,80.12766,8.0,3,medium,0.5,Open,0.09,23.0
R0861,Z02,Z04,13.043664,80.258363,12.890401,80.143826,8.0,5,medium,0.45,Open,0.05,21.0
R0862,Z03,Z03,12.973798,80.263565,13.026355,80.287258,7.88,1,medium,0.45,Open,0.11,20.0
R0863,Z01,Z01,13.112704,80.248973,13.098904,80.299763,6.69,3,low,0.25,Open,0.1,14.0
R0864,Z05,Z01,13.049995,80.128536,13.196432,80.163663,8.0,6,low,0.1,Open,0.01,18.0
R0865,Z04,Z02,12.947432,80.221219,13.095916,80.223158,8.0,3,low,0.45,Open,0.06,19.0
R0866,Z04,Z02,12.845198,80.228129,13.082595,80.261612,8.0,1,low,0.4,Open,0.04,16.0
R0867,Z01,Z04,13.197038,80.200628,12.879417,80.282199,8.0,2,high,0.65,Open,0.01,30.0
R0868,Z04,Z05,12.803783,80.148517,13.106466,80.155149,8.0,6,low,0.45,Open,0.03,17.0
R0869,Z04,Z03,12.915258,80.278309,12.995462,80.268444,8.0,3,low,0.65,Open,0.05,16.0
R0870,Z03,Z05,12.985379,80.270569,12.971415,80.159095,8.0,3,low,0.1,Open,0.0,15.0
R0871,Z04,Z03,12.923608,80.226417,13.009604,80.268339,8.0,2,high,0.45,Open,0.11,28.0
R0872,Z03,Z03,12.953116,80.278683,12.935516,80.290446,2.86,3,low,0.65,Open,0.04,5.0
R0873,Z04,Z01,12.932051,80.148993,13.100773,80.262566,8.0,4,medium,0.1,Open,0.12,20.0
R0874,Z04,Z01,12.906455,80.268365,13.175725,80.196125,8.0,3,medium,0.45,Open,0.09,24.0
R0875,Z04,Z05,12.975961,80.243145,13.087733,80.105714,8.0,4,low,0.6,Open,0.09,19.0
R0876,Z04,Z03,12.911426,80.245373,13.037015,80.284166,8.0,3,medium,0.1,Open,0.11,24.0
R0877,Z04,Z01,12.83582,80.152778,13.140114,80.294483,8.0,3,medium,0.45,Open,0.01,22.0
R0878,Z04,Z03,12.897717,80.146945,12.985624,80.296864,8.0,1,low,0.25,Open,0.03,19.0
R0879,Z03,Z03,13.03984,80.26039,13.03042,80.246426,2.19,5,low,0.45,Open,0.08,4.0
R0880,Z04,Z04,12.905437,80.180288,12.800782,80.185838,8.0,4,medium,0.25,Open,0.1,20.0
R0881,Z04,Z05,12.825091,80.189388,13.142261,80.127245,8.0,3,medium,0.45,Open,0.05,19.0
R0882,Z03,Z04,12.999181,80.277455,12.873679,80.223603,8.0,4,high,0.85,Open,0.04,29.0
R0883,Z04,Z04,12.870341,80.234878,12.909653,80.186383,8.0,2,low,0.45,Open,0.1,19.0
R0884,Z05,Z01,13.040689,80.177617,13.191099,80.2506,8.0,2,medium,0.1,Open,0.09,21.0
R0885,Z04,Z04,12.957708,80.155542,12.984553,80.200492,6.79,2,medium,0.1,Open,0.03,16.0
R0886,Z04,Z04,12.871119,80.154927,12.855413,80.115938,5.38,1,low,0.45,Open,0.02,11.0
R0887,Z01,Z04,13.196716,80.246568,12.913284,80.291148,8.0,1,low,0.65,Open,0.03,17.0
R0888,Z04,Z04,12.801833,80.250127,12.86244,80.267736,8.0,4,low,0.45,Open,0.01,16.0
R0889,Z05,Z01,12.990756,80.164036,13.152998,80.258685,8.0,2,medium,0.8,Open,0.03,23.0
R0890,Z01,Z02,13.158744,80.225029,13.095082,80.241801,8.0,3,high,0.45,Open,0.03,30.0
R0891,Z04,Z04,12.876382,80.267796,12.956086,80.245675,8.0,3,high,0.1,Open,0.07,27.0
R0892,Z01,Z03,13.105254,80.251276,12.939717,80.288367,8.0,4,medium,0.6,Open,0.01,18.0
R0893,Z04,Z01,12.999528,80.213555,13.103774,80.258784,8.0,5,high,0.45,Open,0.1,27.0
R0894,Z04,Z01,12.851092,80.2815,13.136882,80.163686,8.0,1,medium,0.8,Open,0.06,24.0
R0895,Z04,Z04,12.913429,80.231224,12.810332,80.237123,8.0,2,high,0.25,Open,0.09,28.0
R0896,Z04,Z04,12.879266,80.115344,12.938726,80.155003,8.0,4,low,0.3,Open,0.05,18.0
R0897,Z01,Z05,13.171261,80.192267,13.118581,80.15622,8.0,6,high,0.3,Open,0.0,26.0
R0898,Z04,Z05,12.800331,80.172707,13.053856,80.199701,8.0,5,medium,0.65,Open,0.02,24.0
R0899,Z05,Z03,12.982524,80.127711,12.973798,80.263565,8.0,3,medium,1.0,Open,0.11,24.0
R0900,Z05,Z04,13.167224,80.108893,12.829772,80.266893,8.0,3,low,0.1,Open,0.12,16.0
R0901,Z05,Z03,13.027294,80.149223,13.00679,80.285834,8.0,2,low,0.1,Open,0.03,19.0
R0902,Z02,Z02,13.046575,80.244205,13.088466,80.296021,8.0,4,medium,0.45,Open,0.04,23.0
R0903,Z04,Z04,12.95374,80.246025,12.838996,80.122011,8.0,3,medium,0.65,Open,0.09,19.0
R0904,Z04,Z02,12.852457,80.292709,13.080749,80.244853,8.0,3,high,0.25,Open,0.07,25.0
R0905,Z05,Z04,12.996022,80.162539,12.893498,80.161096,8.0,3,medium,0.65,Open,0.03,19.0
R0906,Z04,Z01,12.828066,80.192208,13.194883,80.239893,8.0,3,medium,0.65,Open,0.05,19.0
R0907,Z01,Z04,13.129933,80.280226,12.807663,80.111806,8.0,4,medium,0.45,Open,0.12,23.0
R0908,Z03,Z04,12.988869,80.247665,12.828279,80.181377,8.0,2,medium,0.8,Open,0.07,23.0
R0909,Z04,Z04,12.873369,80.104395,12.842879,80.206219,8.0,4,medium,0.1,Open,0.08,24.0
R0910,Z04,Z04,12.906044,80.187186,12.994957,80.201406,8.0,5,medium,0.8,Open,0.09,24.0
R0911,Z05,Z05,13.000316,80.142753,13.109903,80.151201,8.0,4,low,0.1,Open,0.06,17.0
R0912,Z04,Z03,12.875933,80.268281,12.990661,80.299722,8.0,4,high,0.1,Open,0.08,24.0
R0913,Z05,Z05,12.998466,80.126253,13.091225,80.155214,8.0,5,medium,0.65,Open,0.0,21.0
R0914,Z03,Z04,12.999059,80.280725,12.825091,80.189388,8.0,5,high,0.45,Open,0.1,31.0
R0915,Z05,Z01,13.10265,80.102363,13.138892,80.2674,8.0,3,high,0.45,Open,0.0,29.0
R0916,Z02,Z01,13.102968,80.20593,13.16312,80.183735,8.0,3,low,0.45,Open,0.07,15.0
R0917,Z04,Z01,12.898506,80.250275,13.101945,80.258583,8.0,3,high,0.3,Open,0.07,27.0
R0918,Z01,Z04,13.174765,80.208693,12.8565,80.140439,8.0,3,medium,0.65,Open,0.05,20.0
R0919,Z04,Z04,12.939106,80.205161,12.904797,80.254944,7.88,4,medium,0.45,Open,0.12,22.0
R0920,Z04,Z04,12.894547,80.239536,12.948615,80.224853,7.73,6,high,0.45,Open,0.07,28.0
R0921,Z05,Z01,13.057374,80.206391,13.175849,80.24361,8.0,3,low,0.3,Open,0.05,16.0
R0922,Z05,Z01,13.011333,80.20639,13.16312,80.183735,8.0,2,medium,0.8,Blocked,0.66,
R0923,Z02,Z04,13.080749,80.244853,12.836117,80.164574,8.0,3,high,0.45,Open,0.02,31.0
R0924,Z03,Z05,12.973798,80.263565,13.120184,80.152847,8.0,2,medium,0.25,Open,0.1,23.0
R0925,Z01,Z04,13.195001,80.229505,12.913429,80.231224,8.0,4,low,0.65,Open,0.04,16.0
R0926,Z03,Z04,12.973798,80.263565,12.880903,80.139741,8.0,5,medium,0.45,Open,0.04,23.0
R0927,Z04,Z01,12.906455,80.268365,13.186773,80.223555,8.0,3,medium,0.6,Open,0.02,24.0
R0928,Z01,Z04,13.195686,80.134903,12.975961,80.243145,8.0,3,high,0.65,Open,0.09,27.0
R0929,Z01,Z04,13.191947,80.197908,12.971146,80.213738,8.0,1,medium,0.65,Open,0.09,23.0
R0930,Z04,Z03,12.899405,80.273684,12.972795,80.264881,8.0,2,low,0.1,Open,0.01,17.0
R0931,Z04,Z05,12.873679,80.223603,13.102996,80.112178,8.0,5,low,0.1,Open,0.1,18.0
R0932,Z04,Z04,12.978496,80.241726,12.880903,80.139741,8.0,2,high,0.85,Open,0.0,27.0
R0933,Z04,Z04,12.953783,80.201916,12.812323,80.16859,8.0,4,medium,0.8,Open,0.05,23.0
R0934,Z04,Z01,12.813662,80.121273,13.187635,80.248699,8.0,4,high,0.45,Open,0.08,29.0
R0935,Z04,Z04,12.884835,80.121577,12.911426,80.245373,8.0,2,medium,0.45,Open,0.01,21.0
R0936,Z04,Z05,12.925633,80.193856,12.977825,80.148657,8.0,1,high,0.3,Open,0.05,25.0
R0937,Z01,Z04,13.142228,80.220438,12.867469,80.25476,8.0,3,high,0.45,Open,0.06,29.0
R0938,Z04,Z05,12.892055,80.122731,13.110512,80.108746,8.0,5,low,0.65,Open,0.1,16.0
R0939,Z03,Z02,12.967702,80.295155,13.103558,80.2082,8.0,6,high,0.1,Open,0.05,31.0
R0940,Z01,Z05,13.105067,80.276132,13.017884,80.180292,8.0,2,high,0.6,Open,0.06,25.0
R0941,Z05,Z05,13.049995,80.128536,12.997809,80.156798,8.0,3,high,0.45,Open,0.05,29.0
R0942,Z05,Z03,13.153794,80.125494,13.01833,80.254082,8.0,5,low,0.65,Open,0.07,17.0
R0943,Z04,Z04,12.850838,80.106233,12.801191,80.288122,8.0,4,medium,0.1,Open,0.07,21.0
R0944,Z05,Z02,13.062244,80.117455,13.041202,80.281153,8.0,5,medium,0.3,Open,0.1,19.0
R0945,Z05,Z01,13.051843,80.101492,13.190167,80.115243,8.0,2,medium,0.45,Open,0.09,22.0
R0946,Z05,Z04,12.976348,80.167709,12.915393,80.1335,8.0,2,high,0.8,Open,0.06,31.0
R0947,Z02,Z01,13.046575,80.244205,13.188021,80.110035,8.0,5,low,0.45,Open,0.08,17.0
R0948,Z05,Z01,13.15716,80.108805,13.106815,80.243752,8.0,5,medium,0.1,Open,0.08,22.0
R0949,Z02,Z02,13.067617,80.271861,13.087316,80.226797,6.31,6,medium,0.25,Open,0.07,14.0
R0950,Z05,Z04,13.110512,80.108746,12.857455,80.136116,8.0,2,medium,0.45,Open,0.11,23.0
R0951,Z05,Z03,12.977825,80.148657,13.009604,80.268339,8.0,3,high,0.1,Open,0.02,28.0
R0952,Z04,Z04,12.886495,80.169046,12.898506,80.250275,8.0,4,high,0.45,Open,0.04,30.0
R0953,Z04,Z04,12.873403,80.173509,12.907477,80.287235,8.0,4,low,0.1,Open,0.0,18.0
R0954,Z04,Z04,12.894547,80.239536,12.896466,80.275273,4.52,4,high,0.6,Open,0.08,17.0
R0955,Z01,Z02,13.191099,80.2506,13.067617,80.271861,8.0,5,high,0.6,Open,0.04,30.0
R0956,Z01,Z01,13.150922,80.282123,13.128612,80.230974,7.16,1,medium,0.1,Open,0.08,18.0
R0957,Z04,Z04,12.801191,80.288122,12.898188,80.15184,8.0,2,low,0.1,Open,0.08,16.0
R0958,Z05,Z01,12.99838,80.191239,13.186773,80.223555,8.0,2,medium,0.55,Open,0.03,21.0
R0959,Z05,Z01,13.035059,80.141985,13.184877,80.180381,8.0,3,low,0.3,Open,0.08,16.0
R0960,Z04,Z04,12.913284,80.291148,12.859067,80.231287,8.0,3,low,0.65,Blocked,0.62,
R0961,Z01,Z04,13.191947,80.197908,12.994957,80.201406,8.0,2,medium,0.1,Open,0.04,21.0
R0962,Z05,Z04,13.008078,80.132941,12.865384,80.159664,8.0,6,medium,0.4,Open,0.09,22.0
R0963,Z03,Z01,13.03998,80.246692,13.183409,80.257544,8.0,3,high,0.45,Open,0.02,31.0
R0964,Z04,Z04,12.877906,80.154973,12.890401,80.143826,2.23,3,medium,0.25,Open,0.08,5.0
R0965,Z01,Z01,13.132978,80.287781,13.181795,80.130798,8.0,3,medium,0.8,Open,0.08,21.0
R0966,Z04,Z04,12.815252,80.187181,12.915393,80.1335,8.0,1,low,0.6,Open,0.08,16.0
R0967,Z04,Z04,12.824737,80.131002,12.942028,80.277695,8.0,2,medium,0.65,Open,0.08,20.0
R0968,Z01,Z04,13.196716,80.246568,12.904797,80.254944,8.0,3,high,0.3,Open,0.09,31.0
R0969,Z04,Z05,12.866107,80.143929,12.957,80.144806,8.0,4,high,0.45,Open,0.08,24.0
R0970,Z04,Z01,12.859067,80.231287,13.15515,80.176578,8.0,5,medium,0.1,Open,0.05,22.0
R0971,Z04,Z04,12.942028,80.277695,12.879266,80.115344,8.0,3,medium,0.4,Open,0.09,21.0
R0972,Z01,Z04,13.152998,80.258685,12.923608,80.226417,8.0,2,medium,0.25,Open,0.05,22.0
R0973,Z05,Z05,13.075732,80.122892,13.134323,80.107228,8.0,5,medium,0.3,Open,0.1,24.0
R0974,Z01,Z04,13.142228,80.220438,12.99687,80.202554,8.0,3,low,0.1,Open,0.11,15.0
R0975,Z01,Z01,13.121636,80.23204,13.152998,80.258685,5.5,2,high,0.45,Open,0.07,18.0
R0976,Z01,Z04,13.188013,80.109279,12.953783,80.201916,8.0,6,medium,0.25,Open,0.1,20.0
R0977,Z05,Z04,13.101488,80.166135,12.91143,80.158485,8.0,3,low,0.45,Open,0.09,19.0
R0978,Z04,Z01,12.896466,80.275273,13.140466,80.261612,8.0,1,medium,0.1,Open,0.01,21.0
R0979,Z03,Z05,12.996277,80.262176,12.950767,80.119943,8.0,3,high,0.65,Open,0.02,30.0
R0980,Z02,Z05,13.050483,80.266499,13.046776,80.136086,8.0,5,high,0.3,Open,0.11,30.0
R0981,Z04,Z04,12.873824,80.12014,12.924645,80.211452,8.0,4,low,0.45,Open,0.09,18.0
R0982,Z02,Z04,13.081824,80.21119,12.956672,80.252997,8.0,5,low,0.45,Open,0.01,18.0
R0983,Z05,Z04,13.176593,80.10742,12.884835,80.121577,8.0,4,low,0.3,Open,0.02,18.0
R0984,Z05,Z04,13.019148,80.172093,12.902664,80.291512,8.0,5,high,0.25,Open,0.02,26.0
R0985,Z04,Z05,12.800331,80.172707,13.044436,80.130103,8.0,4,medium,0.5,Open,0.01,22.0
R0986,Z01,Z01,13.16345,80.183127,13.14766,80.239653,7.47,2,high,0.45,Open,0.03,25.0
R0987,Z02,Z01,13.087712,80.208296,13.191099,80.2506,8.0,4,high,0.45,Open,0.0,27.0
R0988,Z01,Z04,13.177849,80.114908,12.882682,80.172913,8.0,3,high,0.45,Open,0.07,29.0
R0989,Z01,Z04,13.128761,80.276771,12.853482,80.29045,8.0,4,high,0.45,Blocked,1.07,
R0990,Z02,Z04,13.043664,80.258363,12.819596,80.151577,8.0,3,high,0.45,Open,0.02,30.0
R0991,Z04,Z03,12.813072,80.283457,13.023985,80.224448,8.0,2,high,0.25,Open,0.12,30.0
R0992,Z01,Z05,13.148936,80.255732,13.035809,80.170197,8.0,3,medium,0.85,Open,0.08,21.0
R0993,Z04,Z01,12.874726,80.246613,13.129196,80.193715,8.0,2,low,0.1,Open,0.01,17.0
R0994,Z01,Z04,13.172928,80.157062,12.850446,80.128621,8.0,1,low,0.1,Open,0.06,16.0
R0995,Z03,Z04,13.03324,80.223743,12.825091,80.189388,8.0,4,medium,0.45,Open,0.09,18.0
R0996,Z04,Z04,12.954767,80.197839,12.812906,80.225267,8.0,4,low,0.1,Open,0.1,19.0
R0997,Z03,Z01,13.002041,80.281399,13.158744,80.225029,8.0,5,low,0.1,Open,0.01,19.0
R0998,Z02,Z05,13.057548,80.234556,13.176593,80.10742,8.0,3,medium,0.45,Open,0.02,18.0
R0999,Z04,Z01,12.953783,80.201916,13.173527,80.257474,8.0,5,medium,0.6,Open,0.1,22.0
R1000,Z02,Z05,13.072331,80.216361,13.149261,80.103419,8.0,3,high,0.45,Open,0.04,31.0
R1001,Z04,Z03,12.869193,80.188647,13.00679,80.285834,8.0,3,medium,0.45,Open,0.03,22.0
R1002,Z04,Z05,12.877906,80.154973,13.04473,80.154626,8.0,6,high,0.45,Open,0.08,30.0
R1003,Z05,Z01,12.94063,80.113955,13.114273,80.249777,8.0,2,medium,0.65,Open,0.1,18.0
R1004,Z04,Z01,12.902664,80.291512,13.191947,80.197908,8.0,3,medium,0.6,Open,0.07,20.0
R1005,Z01,Z05,13.18451,80.114959,13.062244,80.117455,8.0,3,low,0.6,Open,0.03,19.0
R1006,Z01,Z03,13.135463,80.162444,12.994773,80.254173,8.0,4,medium,0.6,Open,0.03,23.0
R1007,Z04,Z01,12.873311,80.104112,13.177552,80.271978,8.0,2,high,0.45,Open,0.07,30.0
R1008,Z04,Z05,12.934501,80.248979,13.081149,80.198629,8.0,3,low,0.1,Open,0.1,17.0
R1009,Z05,Z04,13.134769,80.107958,12.839494,80.177933,8.0,2,medium,0.45,Open,0.04,20.0
R1010,Z04,Z04,12.975961,80.243145,12.890401,80.143826,8.0,2,low,0.45,Open,0.07,15.0
R1011,Z05,Z05,13.109903,80.151201,13.06505,80.182482,7.37,5,high,0.25,Open,0.09,24.0
R1012,Z01,Z01,13.127236,80.250878,13.160185,80.204003,7.48,3,medium,0.1,Open,0.1,22.0
R1013,Z04,Z05,12.851676,80.255975,13.02641,80.190833,8.0,1,high,0.65,Open,0.07,25.0
R1014,Z05,Z05,13.047202,80.145127,13.153794,80.125494,8.0,3,high,0.65,Open,0.07,31.0
R1015,Z05,Z01,13.054212,80.167588,13.171261,80.192267,8.0,5,high,0.8,Open,0.1,31.0
R1016,Z01,Z04,13.138932,80.266297,12.812323,80.16859,8.0,4,medium,0.65,Open,0.01,24.0
R1017,Z04,Z04,12.899405,80.273684,12.867412,80.276954,4.46,2,low,0.45,Blocked,1.16,
R1018,Z04,Z04,12.817928,80.195278,12.950049,80.200269,8.0,3,medium,0.65,Flooded,0.38,36.0
R1019,Z01,Z02,13.171085,80.137781,13.106529,80.237467,8.0,4,low,0.25,Open,0.09,15.0
R1020,Z04,Z03,12.945768,80.149835,13.023985,80.224448,8.0,3,high,0.45,Open,0.02,26.0
R1021,Z04,Z04,12.948615,80.224853,12.85634,80.186779,8.0,2,low,0.6,Open,0.05,17.0
R1022,Z02,Z05,13.083493,80.234633,13.00575,80.194874,8.0,3,medium,0.45,Open,0.11,20.0
R1023,Z04,Z04,12.817781,80.109314,12.906044,80.187186,8.0,2,low,0.8,Open,0.05,17.0
R1024,Z04,Z04,12.86642,80.247011,12.867718,80.22025,3.38,5,low,0.6,Open,0.06,6.0
R1025,Z01,Z04,13.183117,80.261954,12.894591,80.133396,8.0,2,low,1.0,Open,0.03,14.0
R1026,Z03,Z04,13.024906,80.246376,12.950887,80.197532,8.0,4,low,0.85,Open,0.09,18.0
R1027,Z03,Z04,13.026601,80.268879,12.943812,80.259902,8.0,3,low,0.25,Open,0.01,16.0
R1028,Z01,Z04,13.093869,80.295687,12.831948,80.241758,8.0,4,high,0.65,Open,0.09,28.0
R1029,Z04,Z04,12.907477,80.287235,12.957708,80.155542,8.0,3,medium,0.3,Open,0.09,22.0
R1030,Z04,Z04,12.851427,80.162817,12.824737,80.131002,5.46,2,medium,0.1,Open,0.07,15.0
R1031,Z05,Z05,12.986734,80.15425,13.019148,80.172093,5.03,6,low,0.1,Open,0.04,11.0
R1032,Z05,Z01,13.112555,80.102129,13.140114,80.294483,8.0,3,medium,0.1,Open,0.09,23.0
R1033,Z03,Z04,12.990992,80.266618,12.866139,80.12884,8.0,4,medium,0.65,Open,0.05,22.0
R1034,Z01,Z02,13.14766,80.239653,13.082595,80.261612,8.0,3,high,0.45,Open,0.11,27.0
R1035,Z04,Z04,12.85634,80.186779,12.831183,80.13847,7.03,3,medium,0.45,Open,0.08,19.0
R1036,Z01,Z01,13.13537,80.260539,13.191099,80.2506,7.83,5,high,1.0,Open,0.03,31.0
R1037,Z05,Z01,13.053856,80.199701,13.181774,80.280868,8.0,3,medium,0.45,Open,0.05,19.0
R1038,Z02,Z02,13.053037,80.256862,13.106529,80.237467,7.82,4,medium,0.5,Open,0.01,20.0
R1039,Z01,Z01,13.16312,80.183735,13.105254,80.251276,8.0,1,medium,0.65,Open,0.01,23.0
R1040,Z05,Z04,13.027208,80.20029,12.964008,80.20961,8.0,5,low,0.3,Open,0.05,15.0
R1041,Z05,Z05,13.013129,80.169931,13.09512,80.128594,8.0,5,medium,0.45,Open,0.0,23.0
R1042,Z03,Z02,12.944866,80.29704,13.081824,80.21119,8.0,2,high,0.3,Open,0.07,31.0
R1043,Z04,Z02,12.851427,80.162817,13.041202,80.281153,8.0,4,medium,0.45,Open,0.08,20.0
R1044,Z04,Z01,12.885827,80.187077,13.138932,80.266297,8.0,5,medium,0.45,Open,0.11,23.0
R1045,Z01,Z04,13.140114,80.294483,12.802955,80.18015,8.0,4,high,0.65,Open,0.06,26.0
R1046,Z04,Z02,12.911418,80.120296,13.095082,80.241801,8.0,2,medium,1.0,Open,0.05,21.0
R1047,Z05,Z01,13.075732,80.122892,13.12168,80.276868,8.0,5,medium,0.1,Open,0.0,22.0
R1048,Z01,Z04,13.16312,80.183735,12.936386,80.241983,8.0,1,high,0.25,Open,0.04,31.0
R1049,Z01,Z04,13.167903,80.176007,12.801191,80.288122,8.0,6,medium,0.65,Open,0.06,21.0
R1050,Z02,Z04,13.088205,80.282326,12.817928,80.195278,8.0,5,medium,0.65,Open,0.02,23.0
R1051,Z04,Z01,12.890253,80.125048,13.138966,80.216937,8.0,1,high,0.45,Open,0.05,31.0
R1052,Z04,Z04,12.874943,80.165694,12.939106,80.205161,8.0,3,high,0.45,Open,0.11,25.0
R1053,Z02,Z04,13.081824,80.21119,12.869193,80.188647,8.0,3,high,0.1,Open,0.04,31.0
R1054,Z04,Z04,12.932201,80.171009,12.828512,80.133987,8.0,2,medium,0.65,Open,0.1,19.0
R1055,Z01,Z03,13.148936,80.255732,12.975701,80.277032,8.0,6,low,0.65,Open,0.01,16.0
R1056,Z01,Z01,13.138892,80.2674,13.101945,80.258583,5.25,5,medium,0.3,Open,0.06,15.0
R1057,Z05,Z04,13.034166,80.209832,12.917935,80.266571,8.0,3,high,0.1,Open,0.1,25.0
R1058,Z01,Z02,13.129196,80.193715,13.092675,80.222162,6.21,1,high,0.1,Open,0.08,20.0
R1059,Z04,Z02,12.976507,80.195901,13.100713,80.196343,8.0,1,medium,0.45,Open,0.11,19.0
R1060,Z04,Z04,12.810811,80.231258,12.868863,80.161858,8.0,3,high,0.65,Open,0.11,29.0
R1061,Z04,Z01,12.964979,80.237874,13.188415,80.16828,8.0,3,low,0.1,Open,0.09,15.0
R1062,Z04,Z04,12.880903,80.139741,12.971146,80.213738,8.0,5,low,0.1,Open,0.0,15.0
R1063,Z04,Z05,12.879819,80.276385,13.10265,80.102363,8.0,5,high,0.1,Open,0.01,32.0
R1064,Z01,Z04,13.093869,80.295687,12.881856,80.158849,8.0,2,medium,0.25,Open,0.09,23.0
R1065,Z04,Z03,12.994957,80.201406,12.990661,80.299722,8.0,5,medium,0.65,Open,0.07,22.0
R1066,Z01,Z04,13.182381,80.180205,12.83582,80.152778,8.0,3,medium,0.65,Open,0.04,18.0
R1067,Z05,Z01,13.176593,80.10742,13.16312,80.183735,8.0,5,medium,0.45,Open,0.01,24.0
R1068,Z04,Z03,12.898931,80.202202,13.026601,80.268879,8.0,1,low,0.75,Open,0.02,17.0
R1069,Z04,Z04,12.851676,80.255975,12.879266,80.115344,8.0,2,low,0.1,Open,0.03,18.0
R1070,Z05,Z05,13.14787,80.108834,13.150376,80.129118,2.58,3,medium,0.6,Open,0.09,8.0
R1071,Z05,Z04,13.085224,80.162401,12.890401,80.143826,8.0,6,medium,0.45,Open,0.02,20.0
R1072,Z01,Z04,13.171085,80.137781,12.957745,80.233285,8.0,3,low,0.25,Open,0.1,15.0
R1073,Z04,Z04,12.95539,80.180246,12.807076,80.216667,8.0,3,medium,0.45,Open,0.1,21.0
R1074,Z05,Z05,13.035059,80.141985,13.035809,80.170197,3.56,4,high,0.45,Flooded,0.28,22.0
R1075,Z01,Z02,13.159211,80.181916,13.098467,80.234911,8.0,4,medium,0.45,Open,0.11,20.0
R1076,Z04,Z02,12.941818,80.265391,13.080749,80.244853,8.0,1,medium,0.5,Open,0.03,22.0
R1077,Z05,Z01,13.013129,80.169931,13.13537,80.260539,8.0,3,medium,0.6,Open,0.03,23.0
R1078,Z05,Z04,13.182259,80.104242,12.850838,80.106233,8.0,4,high,0.45,Open,0.06,31.0
R1079,Z03,Z05,12.953116,80.278683,13.095613,80.101007,8.0,5,low,0.8,Open,0.07,18.0
R1080,Z04,Z03,12.93666,80.280177,12.972795,80.264881,5.37,2,medium,0.5,Open,0.1,16.0
R1081,Z04,Z05,12.842658,80.154615,12.984628,80.119289,8.0,3,high,0.45,Open,0.06,26.0
R1082,Z04,Z01,12.96427,80.196047,13.161164,80.21271,8.0,3,medium,0.8,Open,0.04,20.0
R1083,Z02,Z02,13.103558,80.2082,13.050483,80.266499,8.0,2,low,0.25,Open,0.11,16.0
R1084,Z04,Z01,12.909653,80.186383,13.112704,80.248973,8.0,6,low,0.45,Open,0.03,16.0
R1085,Z05,Z05,13.049983,80.218772,13.058339,80.10916,8.0,2,medium,0.45,Open,0.07,23.0
R1086,Z04,Z04,12.912718,80.27314,12.843655,80.272743,8.0,3,low,0.45,Open,0.08,15.0
R1087,Z01,Z04,13.106815,80.243752,12.95539,80.180246,8.0,4,high,0.65,Open,0.04,28.0
R1088,Z04,Z04,12.922646,80.237274,12.857455,80.136116,8.0,2,low,0.1,Open,0.06,17.0
R1089,Z04,Z04,12.873977,80.170854,12.925918,80.229733,8.0,5,low,0.45,Open,0.11,18.0
R1090,Z05,Z05,13.137664,80.101653,13.03233,80.157759,8.0,3,medium,0.5,Blocked,0.82,
R1091,Z04,Z01,12.80424,80.244675,13.135463,80.162444,8.0,3,high,0.25,Open,0.11,26.0
R1092,Z01,Z01,13.13537,80.260539,13.125041,80.23071,4.03,3,high,0.25,Open,0.12,12.0
R1093,Z02,Z04,13.050938,80.281228,13.00938,80.222105,8.0,2,medium,0.4,Open,0.09,22.0
R1094,Z04,Z01,12.93666,80.280177,13.094119,80.284916,8.0,1,high,0.6,Open,0.01,25.0
R1095,Z04,Z02,12.886631,80.227444,13.111716,80.222097,8.0,2,medium,0.1,Open,0.06,20.0
R1096,Z01,Z01,13.188415,80.16828,13.194131,80.133434,4.47,3,high,0.6,Open,0.0,16.0
R1097,Z05,Z03,13.002232,80.118523,13.005303,80.253336,8.0,4,low,0.1,Open,0.08,15.0
R1098,Z04,Z04,12.923608,80.226417,12.870341,80.234878,7.47,2,low,0.65,Open,0.01,14.0
R1099,Z01,Z01,13.178429,80.123177,13.158031,80.28661,8.0,4,high,0.25,Open,0.03,28.0
R1100,Z04,Z05,12.934501,80.248979,13.106379,80.121158,8.0,3,medium,0.45,Open,0.11,21.0
R1101,Z05,Z01,12.997809,80.156798,13.183117,80.261954,8.0,4,low,0.3,Open,0.03,17.0
R1102,Z03,Z04,13.032946,80.298525,12.933516,80.230036,8.0,4,medium,0.6,Open,0.03,18.0
R1103,Z04,Z04,12.800172,80.202976,12.89541,80.166982,8.0,6,medium,0.45,Open,0.03,20.0
R1104,Z04,Z04,12.80225,80.246583,12.925918,80.229733,8.0,1,medium,0.45,Open,0.1,20.0
R1105,Z05,Z04,13.080232,80.131154,12.836117,80.164574,8.0,2,low,0.25,Open,0.04,18.0
R1106,Z01,Z04,13.191555,80.225763,12.891836,80.196124,8.0,3,low,0.1,Open,0.03,16.0
R1107,Z03,Z04,12.990661,80.299722,12.880808,80.22483,8.0,5,medium,0.45,Open,0.02,21.0
R1108,Z05,Z04,13.106191,80.113591,12.971146,80.213738,8.0,6,medium,0.45,Open,0.01,22.0
R1109,Z02,Z04,13.108131,80.205146,12.917935,80.266571,8.0,1,medium,0.45,Open,0.02,22.0
R1110,Z05,Z04,12.968578,80.157711,12.855413,80.115938,8.0,4,low,0.25,Open,0.05,17.0
R1111,Z04,Z02,12.800172,80.202976,13.10602,80.241722,8.0,2,medium,0.45,Open,0.0,22.0
R1112,Z05,Z04,13.144089,80.144206,12.829092,80.111005,8.0,4,medium,0.3,Open,0.02,20.0
R1113,Z04,Z04,12.897717,80.146945,12.804217,80.222019,8.0,3,high,0.65,Open,0.11,26.0
R1114,Z04,Z05,12.954767,80.197839,12.999501,80.189888,6.29,5,low,0.5,Open,0.02,14.0
R1115,Z05,Z01,13.176593,80.10742,13.138015,80.18599,8.0,3,medium,0.25,Open,0.07,22.0
R1116,Z04,Z04,12.948615,80.224853,12.874424,80.27908,8.0,3,medium,0.3,Open,0.06,19.0
R1117,Z04,Z05,12.80424,80.244675,12.998466,80.126253,8.0,2,high,0.25,Open,0.1,25.0
R1118,Z04,Z05,12.958422,80.16674,13.167224,80.108893,8.0,5,medium,0.5,Open,0.04,18.0
R1119,Z04,Z02,12.850497,80.230316,13.103558,80.2082,8.0,4,high,0.65,Open,0.03,26.0
R1120,Z04,Z04,12.817928,80.195278,12.961039,80.232411,8.0,2,medium,0.45,Open,0.09,24.0
R1121,Z05,Z04,13.04818,80.137772,12.955984,80.227487,8.0,3,medium,0.6,Open,0.08,24.0
R1122,Z05,Z04,13.109903,80.151201,12.812614,80.208366,8.0,5,high,0.45,Open,0.07,26.0
R1123,Z04,Z05,12.955984,80.227487,12.946222,80.113415,8.0,4,medium,0.3,Open,0.05,21.0
R1124,Z05,Z05,13.080232,80.131154,12.979773,80.125904,8.0,3,high,0.45,Open,0.03,29.0
R1125,Z05,Z04,13.152326,80.110816,12.86642,80.247011,8.0,1,low,0.45,Open,0.07,15.0
R1126,Z02,Z04,13.099441,80.222663,12.86642,80.247011,8.0,1,high,0.45,Open,0.07,31.0
R1127,Z05,Z05,12.968418,80.148155,12.950767,80.119943,4.32,4,high,0.3,Open,0.08,16.0
R1128,Z01,Z05,13.118329,80.239739,13.004738,80.164282,8.0,2,medium,0.3,Open,0.01,20.0
R1129,Z05,Z04,13.150376,80.129118,12.8565,80.140439,8.0,3,low,0.45,Open,0.03,18.0
R1130,Z05,Z04,13.032944,80.159342,12.955984,80.227487,8.0,3,high,0.45,Open,0.06,30.0
R1131,Z04,Z05,12.812323,80.16859,13.049284,80.173524,8.0,5,low,0.65,Open,0.12,17.0
R1132,Z04,Z02,12.866107,80.143929,13.083493,80.234633,8.0,2,medium,0.45,Open,0.05,18.0
R1133,Z02,Z05,13.063075,80.293194,13.04665,80.155475,8.0,3,medium,0.6,Open,0.02,23.0
R1134,Z04,Z04,12.80087,80.220097,12.877906,80.154973,8.0,5,medium,0.8,Open,0.0,18.0
R1135,Z05,Z04,13.007891,80.196701,12.95539,80.180246,7.57,3,low,0.45,Open,0.04,18.0
R1136,Z05,Z05,13.044829,80.193424,13.042058,80.148231,5.72,4,high,0.65,Open,0.05,23.0
R1137,Z04,Z04,12.812884,80.252648,12.850446,80.128621,8.0,2,medium,0.45,Open,0.0,19.0
R1138,Z05,Z01,13.058442,80.119815,13.136882,80.163686,8.0,3,medium,0.8,Open,0.06,20.0
R1139,Z01,Z01,13.122343,80.263315,13.188021,80.110035,8.0,2,low,0.45,Open,0.05,17.0
R1140,Z03,Z05,12.964571,80.275668,13.040689,80.177617,8.0,4,high,0.8,Open,0.08,26.0
R1141,Z03,Z04,13.03915,80.231203,12.861826,80.265206,8.0,1,medium,0.6,Open,0.08,20.0
R1142,Z05,Z03,13.102996,80.112178,13.03915,80.231203,8.0,2,medium,0.8,Open,0.07,23.0
R1143,Z04,Z04,12.869058,80.103925,12.887267,80.105737,2.54,4,medium,0.25,Open,0.06,7.0
R1144,Z03,Z04,12.935516,80.290446,12.906455,80.268365,4.9,5,medium,0.1,Open,0.11,13.0
R1145,Z05,Z03,13.15716,80.108805,12.999059,80.280725,8.0,1,high,0.65,Open,0.04,30.0
R1146,Z03,Z04,13.03042,80.246426,12.926157,80.209326,8.0,4,low,0.6,Open,0.11,17.0
R1147,Z01,Z05,13.167099,80.128024,13.106191,80.113591,8.0,4,high,0.65,Open,0.02,28.0
R1148,Z04,Z04,12.975961,80.243145,12.956672,80.252997,2.95,3,high,0.8,Open,0.09,9.0
R1149,Z05,Z05,13.032944,80.159342,13.023442,80.159728,1.32,4,medium,0.45,Open,0.01,4.0
R1150,Z05,Z01,13.047683,80.153537,13.16312,80.183735,8.0,4,low,0.65,Open,0.03,18.0
R1151,Z04,Z05,12.941818,80.265391,13.052711,80.15408,8.0,3,medium,0.65,Open,0.09,23.0
R1152,Z04,Z05,12.926157,80.209326,13.039335,80.202324,8.0,3,high,0.3,Open,0.12,31.0
R1153,Z02,Z04,13.098467,80.234911,12.860229,80.110222,8.0,4,high,0.1,Open,0.0,29.0
R1154,Z04,Z05,12.906044,80.187186,13.095197,80.154196,8.0,2,medium,0.1,Open,0.07,21.0
R1155,Z04,Z05,12.905437,80.180288,12.968418,80.148155,8.0,6,medium,0.45,Open,0.1,22.0
R1156,Z01,Z01,13.169345,80.289694,13.152998,80.258685,4.52,3,medium,0.1,Open,0.11,13.0
R1157,Z04,Z05,12.979682,80.215126,13.062981,80.142158,8.0,2,low,0.25,Open,0.12,16.0
R1158,Z04,Z04,12.932201,80.171009,12.954767,80.197839,4.61,3,medium,0.3,Open,0.01,10.0
R1159,Z05,Z05,13.052522,80.14345,13.055432,80.177971,4.38,2,high,0.25,Open,0.04,15.0
R1160,Z02,Z04,13.057548,80.234556,12.831948,80.241758,8.0,4,medium,0.45,Open,0.01,20.0
R1161,Z05,Z05,13.158059,80.111982,13.000316,80.142753,8.0,5,medium,0.5,Open,0.02,23.0
R1162,Z03,Z04,13.03042,80.246426,12.950513,80.235487,8.0,2,medium,0.45,Open,0.01,20.0
R1163,Z04,Z05,12.924645,80.211452,13.047683,80.153537,8.0,2,medium,0.45,Open,0.1,23.0
R1164,Z05,Z01,13.10265,80.102363,13.175849,80.24361,8.0,4,medium,0.3,Open,0.1,22.0
R1165,Z01,Z05,13.191099,80.2506,13.02641,80.190833,8.0,4,medium,0.65,Open,0.1,23.0
R1166,Z05,Z02,13.144089,80.144206,13.050483,80.266499,8.0,3,high,0.3,Open,0.04,27.0
R1167,Z04,Z05,12.829092,80.111005,13.017884,80.180292,8.0,2,medium,0.45,Open,0.02,19.0
R1168,Z04,Z04,12.851092,80.2815,12.867469,80.25476,4.07,4,high,0.3,Open,0.11,16.0
R1169,Z05,Z04,13.079678,80.115897,12.917392,80.190901,8.0,4,medium,0.25,Open,0.06,22.0
R1170,Z01,Z01,13.105254,80.251276,13.100182,80.284169,4.21,2,medium,0.3,Open,0.06,11.0
R1171,Z01,Z04,13.147831,80.169862,12.823357,80.202126,8.0,5,low,0.5,Open,0.07,15.0
R1172,Z05,Z04,13.145224,80.102416,12.898908,80.14765,8.0,2,medium,0.45,Open,0.04,23.0
R1173,Z01,Z04,13.129933,80.280226,12.810332,80.237123,8.0,2,high,0.45,Open,0.04,27.0
R1174,Z04,Z01,12.971181,80.227909,13.178429,80.123177,8.0,1,low,0.8,Open,0.0,15.0
R1175,Z04,Z04,12.922646,80.237274,12.898973,80.124526,8.0,1,medium,0.4,Open,0.05,22.0
R1176,Z04,Z04,12.873404,80.139849,12.882682,80.172913,4.37,4,high,0.25,Open,0.12,14.0
R1177,Z05,Z05,13.008102,80.163526,13.095197,80.154196,8.0,3,medium,0.65,Open,0.09,18.0
R1178,Z03,Z04,12.985379,80.270569,12.94758,80.184054,8.0,4,high,0.6,Open,0.04,31.0
R1179,Z01,Z01,13.128612,80.230974,13.129933,80.280226,6.22,2,high,0.25,Open,0.08,22.0
R1180,Z04,Z01,12.800331,80.172707,13.132385,80.271048,8.0,3,medium,0.45,Flooded,0.36,43.0
R1181,Z05,Z04,13.144258,80.115096,12.890401,80.143826,8.0,4,medium,0.8,Open,0.01,21.0
R1182,Z04,Z04,12.976507,80.195901,12.971181,80.227909,4.11,1,low,0.6,Open,0.07,8.0
R1183,Z01,Z04,13.172928,80.157062,12.871614,80.109634,8.0,5,low,0.45,Open,0.0,19.0
R1184,Z03,Z05,12.948934,80.290692,13.042466,80.21764,8.0,5,high,0.25,Open,0.08,29.0
R1185,Z04,Z03,12.922646,80.237274,12.998433,80.292821,8.0,4,medium,0.45,Open,0.12,22.0
R1186,Z04,Z04,12.871119,80.154927,12.911426,80.245373,8.0,4,high,0.4,Open,0.01,30.0
R1187,Z04,Z03,12.941818,80.265391,12.972795,80.264881,4.3,6,medium,0.1,Open,0.07,11.0
R1188,Z01,Z04,13.172928,80.157062,13.00938,80.222105,8.0,2,medium,0.45,Open,0.07,21.0
R1189,Z01,Z05,13.140466,80.261612,13.053856,80.199701,8.0,4,low,0.45,Open,0.03,15.0
R1190,Z04,Z01,12.821681,80.163466,13.194883,80.239893,8.0,2,low,0.8,Open,0.01,18.0
R1191,Z05,Z03,12.984628,80.119289,12.996277,80.262176,8.0,2,medium,0.65,Open,0.06,23.0
R1192,Z03,Z01,13.026601,80.268879,13.138932,80.266297,8.0,3,medium,0.1,Open,0.06,23.0
R1193,Z04,Z01,12.803783,80.148517,13.184485,80.191928,8.0,4,high,0.1,Open,0.07,24.0
R1194,Z05,Z04,13.106191,80.113591,12.945768,80.149835,8.0,2,medium,0.45,Open,0.11,24.0
R1195,Z01,Z04,13.148936,80.255732,12.922646,80.237274,8.0,3,low,0.45,Open,0.12,19.0
R1196,Z04,Z04,12.859543,80.160612,12.902775,80.19886,7.7,3,high,0.3,Open,0.12,29.0
R1197,Z05,Z04,12.987569,80.123886,12.838715,80.152143,8.0,2,high,0.65,Open,0.09,29.0
R1198,Z05,Z02,13.013129,80.169931,13.068834,80.22901,8.0,4,high,0.45,Open,0.06,32.0
R1199,Z05,Z04,13.058442,80.119815,12.867406,80.178225,8.0,3,medium,0.65,Open,0.08,20.0
R1200,Z01,Z04,13.160828,80.197208,12.909653,80.186383,8.0,3,high,0.45,Open,0.05,29.0
R1201,Z04,Z03,12.804088,80.191241,13.024906,80.246376,8.0,5,medium,0.45,Open,0.04,24.0
R1202,Z04,Z04,12.873824,80.12014,12.800782,80.185838,8.0,2,high,0.3,Open,0.1,24.0
R1203,Z02,Z02,13.103558,80.2082,13.087782,80.234596,3.99,2,medium,0.5,Open,0.1,10.0
R1204,Z04,Z05,12.849446,80.297604,13.046763,80.11623,8.0,2,high,0.8,Open,0.02,32.0
R1205,Z04,Z01,12.92456,80.1695,13.194883,80.239893,8.0,3,medium,0.3,Open,0.06,21.0
R1206,Z05,Z03,13.034166,80.209832,12.993764,80.252691,7.79,4,high,0.45,Open,0.07,28.0
R1207,Z05,Z05,12.982524,80.127711,12.994364,80.163601,4.82,2,high,0.8,Open,0.03,16.0
R1208,Z05,Z02,13.062244,80.117455,13.097173,80.239414,8.0,3,high,0.45,Open,0.12,32.0
R1209,Z01,Z04,13.148936,80.255732,12.869719,80.283277,8.0,4,medium,0.1,Open,0.02,23.0
R1210,Z02,Z04,13.063075,80.293194,12.945712,80.191529,8.0,2,high,0.8,Open,0.05,25.0
R1211,Z04,Z04,12.850446,80.128621,12.994957,80.201406,8.0,2,high,0.45,Open,0.01,28.0
R1212,Z04,Z03,12.872674,80.164163,12.966488,80.267471,8.0,2,high,0.45,Open,0.03,26.0
R1213,Z04,Z05,12.898973,80.124526,13.106466,80.155149,8.0,3,high,0.25,Flooded,0.48,40.0
R1214,Z01,Z04,13.147831,80.169862,12.942369,80.162074,8.0,1,low,0.65,Open,0.1,16.0
R1215,Z04,Z04,12.935345,80.232981,12.899405,80.273684,7.16,3,medium,0.75,Open,0.01,17.0
R1216,Z01,Z01,13.193955,80.193922,13.171261,80.192267,3.16,6,medium,0.45,Open,0.01,8.0
R1217,Z05,Z01,13.095613,80.101007,13.190167,80.115243,8.0,5,medium,0.1,Open,0.04,23.0
R1218,Z05,Z04,13.064537,80.113732,12.913429,80.231224,8.0,6,medium,0.45,Open,0.1,23.0
R1219,Z04,Z01,12.912718,80.27314,13.155419,80.169638,8.0,4,high,0.8,Open,0.09,29.0
R1220,Z02,Z04,13.066581,80.280339,12.831533,80.116534,8.0,4,low,0.45,Open,0.1,18.0
R1221,Z04,Z05,12.894547,80.239536,12.945861,80.117513,8.0,3,high,0.45,Open,0.08,28.0
R1222,Z05,Z05,13.019148,80.172093,13.032944,80.159342,2.5,3,high,1.0,Open,0.06,9.0
R1223,Z05,Z04,13.057374,80.206391,12.865384,80.159664,8.0,3,medium,0.45,Open,0.0,19.0
R1224,Z01,Z02,13.175849,80.24361,13.046575,80.244205,8.0,3,low,0.45,Open,0.04,16.0
R1225,Z05,Z04,13.106466,80.155149,12.898973,80.124526,8.0,4,medium,0.1,Open,0.03,19.0
R1226,Z01,Z01,13.195995,80.247978,13.195001,80.229505,2.34,1,low,0.45,Open,0.11,4.0
R1227,Z01,Z05,13.184485,80.191928,13.051843,80.101492,8.0,2,medium,0.1,Open,0.03,20.0
R1228,Z04,Z04,12.873977,80.170854,12.936386,80.241983,8.0,2,high,0.45,Open,0.1,30.0
R1229,Z05,Z01,13.119884,80.137942,13.135463,80.162444,3.77,1,medium,0.45,Open,0.08,9.0
R1230,Z04,Z04,12.91542,80.168664,12.938726,80.155003,3.66,2,medium,0.25,Open,0.05,8.0
R1231,Z04,Z02,12.876382,80.267796,13.11454,80.20678,8.0,2,medium,1.0,Open,0.1,18.0
R1232,Z04,Z03,12.80225,80.246583,13.037015,80.284166,8.0,3,medium,0.45,Open,0.11,20.0
R1233,Z04,Z04,12.924645,80.211452,12.874726,80.246613,8.0,6,low,0.45,Open,0.03,14.0
R1234,Z02,Z01,13.108131,80.205146,13.138862,80.274587,8.0,3,medium,0.45,Open,0.01,21.0
R1235,Z01,Z01,13.181774,80.280868,13.135463,80.162444,8.0,3,low,0.65,Open,0.05,19.0
R1236,Z04,Z05,12.829566,80.202482,13.051843,80.101492,8.0,4,low,0.25,Open,0.03,15.0
R1237,Z05,Z05,13.086777,80.163297,13.04818,80.137772,6.25,2,high,0.3,Open,0.07,19.0
R1238,Z04,Z04,12.911426,80.245373,12.866107,80.143929,8.0,2,high,0.8,Open,0.05,28.0
R1239,Z05,Z04,13.109903,80.151201,12.871614,80.109634,8.0,1,medium,0.45,Open,0.02,22.0
R1240,Z04,Z01,12.896466,80.275273,13.196432,80.163663,8.0,3,high,0.25,Open,0.08,25.0
R1241,Z04,Z05,12.866139,80.12884,13.052522,80.14345,8.0,6,medium,0.1,Open,0.1,18.0
R1242,Z04,Z04,12.874726,80.246613,12.850924,80.133031,8.0,4,high,0.45,Open,0.05,27.0
R1243,Z05,Z02,13.062244,80.117455,13.067617,80.271861,8.0,3,low,0.1,Open,0.12,15.0
R1244,Z04,Z04,12.828512,80.133987,12.838996,80.122011,2.1,2,medium,0.25,Open,0.03,6.0
R1245,Z04,Z02,12.934501,80.248979,13.111716,80.222097,8.0,3,medium,0.1,Open,0.05,18.0
R1246,Z01,Z01,13.16312,80.183735,13.121918,80.212704,6.79,1,medium,0.65,Open,0.07,16.0
R1247,Z04,Z05,12.850446,80.128621,13.06505,80.182482,8.0,1,high,0.45,Open,0.09,28.0
R1248,Z04,Z04,12.915258,80.278309,12.846897,80.212079,8.0,4,low,0.6,Open,0.06,18.0
R1249,Z05,Z04,13.081496,80.105161,12.851676,80.255975,8.0,3,low,0.1,Open,0.03,17.0
R1250,Z04,Z04,12.891806,80.187451,12.875182,80.149177,5.35,5,high,0.25,Open,0.06,18.0
R1251,Z04,Z01,12.804088,80.191241,13.183409,80.257544,8.0,4,low,0.45,Open,0.04,18.0
R1252,Z03,Z04,12.944866,80.29704,12.804397,80.225323,8.0,2,high,0.1,Blocked,1.03,
R1253,Z03,Z04,12.97823,80.296513,12.829772,80.266893,8.0,6,medium,0.1,Open,0.09,21.0
R1254,Z05,Z05,13.123045,80.148689,13.035809,80.170197,8.0,3,medium,0.65,Open,0.11,20.0
R1255,Z04,Z05,12.898188,80.15184,12.996411,80.115814,8.0,3,low,0.25,Open,0.11,17.0
R1256,Z01,Z04,13.18632,80.138826,12.860095,80.242405,8.0,6,low,0.3,Open,0.06,16.0
R1257,Z05,Z04,13.150067,80.119374,12.955984,80.227487,8.0,1,medium,0.1,Open,0.06,19.0
R1258,Z04,Z03,12.863937,80.154696,12.939717,80.288367,8.0,4,medium,0.8,Open,0.08,23.0
R1259,Z04,Z04,12.898506,80.250275,12.881856,80.158849,8.0,2,medium,0.45,Open,0.03,22.0
R1260,Z04,Z01,12.892055,80.122731,13.101945,80.258583,8.0,3,medium,0.45,Open,0.01,23.0
R1261,Z04,Z04,12.861826,80.265206,12.869719,80.283277,2.53,3,medium,0.8,Open,0.07,6.0
R1262,Z04,Z03,12.842498,80.142717,13.007842,80.263724,8.0,3,medium,0.85,Open,0.1,22.0
R1263,Z04,Z04,12.828279,80.181377,12.915393,80.1335,8.0,6,high,0.45,Open,0.12,27.0
R1264,Z01,Z05,13.193955,80.193922,13.000316,80.142753,8.0,3,medium,0.6,Open,0.0,20.0
R1265,Z05,Z02,13.153794,80.125494,13.068834,80.22901,8.0,4,medium,0.45,Open,0.1,20.0
R1266,Z04,Z03,12.882682,80.172913,13.032946,80.298525,8.0,2,low,0.45,Open,0.11,15.0
R1267,Z04,Z01,12.887987,80.233219,13.167099,80.128024,8.0,3,high,0.6,Open,0.07,26.0
R1268,Z05,Z04,13.023442,80.159728,12.873311,80.104112,8.0,2,high,0.6,Open,0.02,24.0
R1269,Z04,Z05,12.942028,80.277695,12.987818,80.100186,8.0,3,high,0.65,Flooded,0.39,45.0
R1270,Z04,Z04,12.913429,80.231224,12.886495,80.169046,8.0,2,high,0.45,Open,0.09,29.0
R1271,Z03,Z03,12.993764,80.252691,12.998076,80.256593,0.78,1,high,0.8,Open,0.06,3.0
R1272,Z01,Z01,13.197436,80.237455,13.188415,80.16828,8.0,4,medium,0.4,Open,0.01,23.0
R1273,Z02,Z04,13.083493,80.234633,12.90234,80.177051,8.0,3,low,0.45,Open,0.03,16.0
R1274,Z01,Z01,13.143699,80.197399,13.186773,80.223555,6.83,1,high,0.25,Open,0.11,22.0
R1275,Z05,Z05,13.017884,80.180292,13.08506,80.150247,8.0,2,low,0.8,Open,0.03,14.0
R1276,Z04,Z01,12.801703,80.259737,13.18632,80.138826,8.0,3,medium,0.45,Open,0.05,22.0
R1277,Z04,Z04,12.86244,80.267736,12.859067,80.231287,4.63,5,medium,0.45,Open,0.09,13.0
R1278,Z01,Z04,13.118329,80.239739,12.92456,80.1695,8.0,3,high,0.25,Blocked,1.27,
R1279,Z05,Z01,13.106466,80.155149,13.167691,80.214004,8.0,4,medium,0.8,Open,0.03,20.0
R1280,Z01,Z01,13.117888,80.234359,13.135463,80.162444,8.0,5,low,0.6,Open,0.09,17.0
R1281,Z04,Z03,12.935045,80.150449,12.975701,80.277032,8.0,2,low,0.45,Open,0.04,18.0
R1282,Z04,Z04,12.898931,80.202202,12.845869,80.164399,8.0,3,high,0.45,Open,0.06,27.0
R1283,Z03,Z05,12.964571,80.275668,13.006747,80.155321,8.0,1,high,0.5,Open,0.03,32.0
R1284,Z04,Z01,12.821681,80.163466,13.183117,80.261954,8.0,5,high,0.8,Open,0.03,24.0
R1285,Z03,Z04,12.994773,80.254173,12.898973,80.124526,8.0,4,low,0.25,Open,0.09,15.0
R1286,Z04,Z02,12.924624,80.158824,13.088466,80.296021,8.0,3,low,0.25,Open,0.05,17.0
R1287,Z05,Z01,13.150376,80.129118,13.187635,80.248699,8.0,5,high,0.3,Open,0.07,28.0
R1288,Z04,Z04,12.898931,80.202202,12.815252,80.187181,8.0,5,high,0.25,Open,0.08,29.0
R1289,Z01,Z04,13.155419,80.169638,12.898188,80.15184,8.0,3,low,0.45,Open,0.05,17.0
R1290,Z05,Z03,13.00575,80.194874,13.03324,80.223743,5.28,2,medium,0.6,Open,0.02,15.0
R1291,Z02,Z04,13.067484,80.294152,12.838717,80.113583,8.0,5,low,0.1,Open,0.07,15.0
R1292,Z04,Z04,12.955984,80.227487,12.879715,80.276723,8.0,2,high,0.45,Open,0.11,24.0
R1293,Z04,Z04,12.875969,80.162546,12.849446,80.297604,8.0,6,medium,0.25,Open,0.06,19.0
R1294,Z05,Z01,13.067306,80.171061,13.167099,80.128024,8.0,3,medium,0.3,Open,0.08,19.0
R1295,Z04,Z04,12.925918,80.229733,12.86642,80.247011,8.0,1,low,0.25,Open,0.11,18.0
R1296,Z04,Z05,12.813072,80.283457,12.976348,80.167709,8.0,5,medium,0.4,Open,0.07,19.0
R1297,Z01,Z04,13.127236,80.250878,12.932201,80.171009,8.0,2,medium,0.45,Flooded,0.34,32.0
R1298,Z04,Z04,12.885723,80.240431,12.853482,80.29045,7.74,2,low,0.3,Open,0.07,15.0
R1299,Z04,Z01,12.968555,80.19417,13.171261,80.192267,8.0,3,high,0.3,Open,0.04,29.0
R1300,Z01,Z04,13.167547,80.144491,12.873369,80.104395,8.0,2,medium,0.45,Open,0.03,20.0
R1301,Z01,Z05,13.191555,80.225763,12.984628,80.119289,8.0,3,low,0.6,Open,0.09,18.0
R1302,Z05,Z01,13.004738,80.164282,13.188415,80.16828,8.0,4,high,0.1,Open,0.0,28.0
R1303,Z04,Z02,12.875314,80.169902,13.10602,80.241722,8.0,6,low,0.65,Open,0.01,18.0
R1304,Z05,Z01,13.052522,80.14345,13.159211,80.181916,8.0,4,high,0.45,Open,0.06,31.0
R1305,Z04,Z05,12.831533,80.116534,13.042058,80.148231,8.0,2,high,0.45,Open,0.04,26.0
R1306,Z05,Z05,13.128577,80.12399,13.134323,80.107228,2.26,2,high,0.45,Open,0.08,8.0
R1307,Z05,Z04,13.095613,80.101007,12.879819,80.276385,8.0,4,medium,0.4,Open,0.05,20.0
R1308,Z01,Z05,13.16312,80.183735,13.150376,80.129118,7.12,5,high,0.65,Open,0.01,23.0
R1309,Z04,Z04,12.820513,80.109017,12.831948,80.241758,8.0,5,low,0.8,Open,0.07,18.0
R1310,Z04,Z05,12.879819,80.276385,12.997024,80.172945,8.0,3,medium,0.45,Open,0.05,23.0
R1311,Z04,Z02,12.915393,80.1335,13.111716,80.222097,8.0,2,high,0.8,Open,0.08,24.0
R1312,Z01,Z04,13.150922,80.282123,12.822978,80.147682,8.0,3,medium,0.25,Open,0.09,21.0
R1313,Z04,Z01,12.886495,80.169046,13.132439,80.247215,8.0,3,medium,0.45,Open,0.01,18.0
R1314,Z04,Z02,12.803783,80.148517,13.097173,80.239414,8.0,1,medium,0.45,Open,0.07,22.0
R1315,Z05,Z02,13.171117,80.116406,13.088466,80.296021,8.0,3,medium,0.65,Open,0.07,21.0
R1316,Z04,Z04,12.916615,80.103924,12.902664,80.291512,8.0,2,high,0.45,Open,0.11,27.0
R1317,Z02,Z04,13.085225,80.269786,12.948804,80.158977,8.0,1,high,0.8,Open,0.1,31.0
R1318,Z02,Z01,13.08861,80.276669,13.195567,80.10394,8.0,4,medium,0.45,Open,0.08,22.0
R1319,Z01,Z04,13.177969,80.157725,12.912718,80.27314,8.0,4,medium,0.25,Open,0.05,24.0
R1320,Z04,Z04,12.947432,80.221219,12.874726,80.246613,8.0,2,high,0.45,Open,0.11,26.0
R1321,Z05,Z05,13.058756,80.195367,12.982524,80.127711,8.0,4,high,0.25,Open,0.11,31.0
R1322,Z05,Z01,13.051843,80.101492,13.132978,80.287781,8.0,5,medium,0.45,Open,0.06,22.0
R1323,Z04,Z04,12.886631,80.227444,12.908017,80.140963,8.0,1,medium,0.3,Open,0.09,20.0
R1324,Z01,Z01,13.198051,80.252289,13.149879,80.255234,6.69,1,medium,0.45,Open,0.1,17.0
R1325,Z04,Z03,12.957745,80.233285,13.03998,80.246692,8.0,3,high,0.4,Open,0.07,28.0
R1326,Z01,Z04,13.121636,80.23204,12.96427,80.196047,8.0,3,medium,0.45,Open,0.04,21.0
R1327,Z04,Z01,12.876382,80.267796,13.187635,80.248699,8.0,6,high,0.45,Open,0.1,26.0
R1328,Z04,Z05,12.928114,80.28121,13.042058,80.148231,8.0,1,high,0.65,Open,0.02,31.0
R1329,Z04,Z01,12.873977,80.170854,13.184974,80.224829,8.0,2,medium,0.65,Open,0.1,19.0
R1330,Z05,Z01,12.959496,80.116313,13.138892,80.2674,8.0,3,medium,0.45,Open,0.02,22.0
R1331,Z04,Z02,12.939459,80.12713,13.072331,80.216361,8.0,4,low,0.65,Open,0.08,15.0
R1332,Z04,Z01,12.869385,80.115294,13.161004,80.215234,8.0,2,low,0.45,Open,0.04,16.0
R1333,Z05,Z05,13.013129,80.169931,13.133708,80.133141,8.0,2,medium,0.45,Open,0.09,20.0
R1334,Z01,Z01,13.138966,80.216937,13.160877,80.217073,3.04,3,medium,0.45,Open,0.05,8.0
R1335,Z04,Z05,12.875933,80.268281,13.033398,80.120058,8.0,5,low,0.8,Open,0.1,18.0
R1336,Z05,Z03,12.997024,80.172945,13.03984,80.26039,8.0,3,medium,0.45,Open,0.03,22.0
R1337,Z04,Z02,12.945712,80.191529,13.058866,80.265862,8.0,2,low,0.85,Open,0.07,17.0
R1338,Z04,Z01,12.831948,80.241758,13.193623,80.18198,8.0,2,high,0.65,Open,0.12,29.0
R1339,Z04,Z04,12.867412,80.276954,12.836117,80.164574,8.0,5,high,0.1,Open,0.0,27.0
R1340,Z05,Z04,12.961216,80.143204,12.850446,80.128621,8.0,4,low,0.65,Open,0.09,17.0
R1341,Z04,Z04,12.879715,80.276723,12.867718,80.22025,7.32,5,medium,0.1,Open,0.11,20.0
R1342,Z04,Z04,12.945712,80.191529,12.999528,80.213555,7.97,2,medium,0.45,Open,0.08,21.0
R1343,Z01,Z05,13.167547,80.144491,13.047732,80.181312,8.0,3,medium,0.45,Open,0.09,22.0
R1344,Z03,Z05,13.005303,80.253336,13.008102,80.163526,8.0,2,high,0.45,Open,0.03,27.0
R1345,Z01,Z05,13.159443,80.154746,12.976348,80.167709,8.0,4,high,0.45,Open,0.08,28.0
R1346,Z02,Z01,13.068598,80.292772,13.173527,80.257474,8.0,2,high,0.45,Open,0.04,30.0
R1347,Z01,Z04,13.16312,80.183735,12.93666,80.280177,8.0,1,low,0.45,Open,0.11,14.0
R1348,Z01,Z05,13.12168,80.276868,13.144089,80.144206,8.0,2,medium,1.0,Open,0.02,23.0
R1349,Z05,Z05,13.014101,80.1717,13.072898,80.160243,8.0,2,high,0.45,Open,0.02,30.0
R1350,Z04,Z04,12.873679,80.223603,12.984553,80.200492,8.0,4,medium,0.45,Open,0.08,23.0
R1351,Z04,Z04,12.850497,80.230316,12.871119,80.154927,8.0,4,high,0.65,Open,0.03,31.0
R1352,Z03,Z05,12.985379,80.270569,13.046071,80.193047,8.0,3,high,0.8,Open,0.08,32.0
R1353,Z05,Z04,13.017884,80.180292,12.874065,80.280454,8.0,4,high,0.45,Open,0.05,30.0
R1354,Z04,Z04,12.866107,80.143929,12.964979,80.237874,8.0,2,medium,0.65,Open,0.05,20.0
R1355,Z05,Z05,13.05718,80.135709,13.086327,80.149168,4.39,4,medium,0.25,Open,0.04,13.0
R1356,Z04,Z02,12.87369,80.122421,13.088466,80.296021,8.0,4,low,0.45,Open,0.09,15.0
R1357,Z04,Z03,12.870341,80.234878,13.005303,80.253336,8.0,3,high,0.45,Open,0.01,32.0
R1358,Z01,Z04,13.158744,80.225029,12.880903,80.139741,8.0,1,high,0.4,Open,0.09,26.0
R1359,Z04,Z05,12.813072,80.283457,13.033398,80.120058,8.0,4,medium,0.5,Open,0.1,21.0
R1360,Z05,Z04,13.058339,80.10916,12.842498,80.142717,8.0,2,medium,0.25,Open,0.04,22.0
R1361,Z02,Z01,13.049683,80.244644,13.155419,80.169638,8.0,2,low,0.45,Open,0.05,19.0
R1362,Z05,Z05,13.110512,80.108746,13.03233,80.157759,8.0,3,medium,0.6,Open,0.04,23.0
R1363,Z03,Z01,12.935516,80.290446,13.161004,80.215234,8.0,5,medium,0.6,Open,0.07,20.0
R1364,Z04,Z05,12.842498,80.142717,12.99838,80.191239,8.0,5,medium,0.8,Open,0.07,20.0
R1365,Z04,Z01,12.934501,80.248979,13.098904,80.299763,8.0,4,high,0.1,Open,0.07,25.0
R1366,Z05,Z04,13.10537,80.152945,12.928527,80.244401,8.0,4,high,0.25,Open,0.02,32.0
R1367,Z02,Z02,13.044535,80.250072,13.043664,80.258363,1.05,2,low,0.1,Open,0.04,2.0
R1368,Z03,Z05,12.97823,80.296513,13.106466,80.155149,8.0,4,low,0.45,Open,0.12,18.0
R1369,Z01,Z03,13.195001,80.229505,12.988869,80.247665,8.0,2,medium,0.65,Open,0.04,21.0
R1370,Z04,Z04,12.916615,80.103924,12.80441,80.275275,8.0,3,low,0.45,Open,0.11,17.0
R1371,Z05,Z02,13.081496,80.105161,13.080144,80.20682,8.0,3,low,0.65,Open,0.04,15.0
R1372,Z04,Z04,12.800172,80.202976,12.869193,80.188647,8.0,2,low,0.8,Open,0.04,15.0
R1373,Z05,Z01,13.006747,80.155321,13.177969,80.157725,8.0,3,low,0.1,Open,0.07,18.0
R1374,Z04,Z04,12.956086,80.245675,12.9767,80.23682,3.07,4,medium,0.45,Open,0.06,8.0
R1375,Z05,Z05,13.000316,80.142753,13.154714,80.110486,8.0,6,medium,0.1,Open,0.06,20.0
R1376,Z02,Z04,13.1071,80.190945,12.866139,80.12884,8.0,2,high,0.45,Open,0.11,28.0
R1377,Z01,Z01,13.177969,80.157725,13.129933,80.280226,8.0,2,low,0.1,Open,0.11,17.0
R1378,Z04,Z02,12.842879,80.206219,13.085225,80.269786,8.0,5,medium,0.45,Open,0.0,23.0
R1379,Z04,Z01,12.925918,80.229733,13.106815,80.243752,8.0,2,medium,0.65,Open,0.05,20.0
R1380,Z01,Z05,13.160185,80.204003,13.012291,80.101907,8.0,5,medium,0.3,Open,0.02,19.0
R1381,Z04,Z04,12.846897,80.212079,12.804397,80.225323,6.13,5,low,0.45,Open,0.09,14.0
R1382,Z05,Z05,13.085224,80.162401,13.035809,80.170197,6.93,3,low,0.65,Open,0.01,16.0
R1383,Z04,Z04,12.877906,80.154973,12.918477,80.208836,8.0,1,medium,0.45,Open,0.09,24.0
R1384,Z04,Z05,12.95374,80.246025,13.058442,80.119815,8.0,2,medium,0.65,Open,0.05,21.0
R1385,Z04,Z05,12.964245,80.198068,13.009203,80.153276,8.0,4,low,0.1,Open,0.06,16.0
R1386,Z04,Z04,12.87369,80.122421,12.961039,80.232411,8.0,4,low,0.85,Open,0.06,15.0
R1387,Z04,Z03,12.938806,80.18724,13.007842,80.263724,8.0,3,medium,0.65,Open,0.08,23.0
R1388,Z04,Z01,12.936386,80.241983,13.135463,80.162444,8.0,3,medium,0.45,Open,0.01,22.0
R1389,Z04,Z04,12.906455,80.268365,12.95374,80.246025,7.14,4,high,0.45,Open,0.08,27.0
R1390,Z01,Z05,13.147743,80.284721,12.997024,80.172945,8.0,2,medium,0.8,Open,0.04,23.0
R1391,Z01,Z03,13.160828,80.197208,12.980328,80.276252,8.0,4,medium,0.45,Open,0.09,22.0
R1392,Z01,Z04,13.187635,80.248699,12.908017,80.140963,8.0,3,medium,0.1,Open,0.05,20.0
R1393,Z04,Z04,12.894591,80.133396,12.823357,80.202126,8.0,1,medium,0.1,Open,0.11,18.0
R1394,Z04,Z04,12.850446,80.128621,12.979682,80.215126,8.0,4,medium,0.65,Blocked,0.81,
R1395,Z05,Z04,12.945861,80.117513,12.876382,80.267796,8.0,4,medium,0.25,Open,0.09,23.0
R1396,Z05,Z05,13.142073,80.140791,13.049983,80.218772,8.0,2,medium,0.1,Open,0.08,23.0
R1397,Z05,Z04,12.961216,80.143204,13.00938,80.222105,8.0,5,medium,0.1,Open,0.08,21.0
R1398,Z04,Z03,12.851427,80.162817,12.998076,80.256593,8.0,3,medium,0.25,Open,0.09,23.0
R1399,Z04,Z05,12.867469,80.25476,12.982524,80.127711,8.0,4,medium,0.65,Open,0.11,20.0
R1400,Z04,Z04,12.874424,80.27908,12.808191,80.293183,8.0,5,low,0.45,Open,0.06,18.0
R1401,Z05,Z05,13.079678,80.115897,12.99717,80.150724,8.0,2,low,0.8,Open,0.1,15.0
R1402,Z05,Z03,13.028309,80.212614,13.025153,80.290321,8.0,5,low,0.1,Open,0.07,19.0
R1403,Z04,Z05,12.934501,80.248979,13.06505,80.182482,8.0,3,low,0.8,Open,0.12,17.0
R1404,Z05,Z05,12.990756,80.164036,12.982524,80.127711,4.73,4,high,0.65,Flooded,0.2,33.0
R1405,Z05,Z04,13.154714,80.110486,12.876382,80.267796,8.0,2,low,0.45,Open,0.12,18.0
R1406,Z05,Z05,12.957,80.144806,13.081975,80.182263,8.0,6,medium,0.45,Open,0.03,22.0
R1407,Z05,Z04,13.101572,80.122991,12.800172,80.202976,8.0,2,low,0.45,Open,0.11,19.0
R1408,Z04,Z05,12.899405,80.273684,13.042058,80.148231,8.0,4,medium,0.25,Open,0.1,21.0
R1409,Z05,Z05,13.027294,80.149223,12.946222,80.113415,8.0,4,high,0.1,Open,0.04,30.0
R1410,Z04,Z02,12.810145,80.159297,13.066581,80.280339,8.0,4,medium,0.65,Open,0.08,23.0
R1411,Z01,Z02,13.142228,80.220438,13.09037,80.256853,8.0,3,high,0.65,Open,0.11,27.0
R1412,Z04,Z04,12.869193,80.188647,12.886495,80.169046,3.45,1,medium,0.45,Open,0.09,8.0
R1413,Z05,Z05,13.134195,80.148608,13.039335,80.202324,8.0,2,high,0.8,Open,0.01,28.0
R1414,Z05,Z05,12.99902,80.15525,12.986734,80.15425,1.71,4,medium,0.45,Open,0.09,4.0
R1415,Z04,Z04,12.803783,80.148517,12.869171,80.161093,8.0,5,low,0.55,Open,0.05,18.0
R1416,Z01,Z01,13.128612,80.230974,13.161004,80.215234,4.91,3,low,0.45,Open,0.03,11.0
R1417,Z01,Z04,13.171261,80.192267,12.817928,80.195278,8.0,4,low,0.45,Open,0.04,16.0
R1418,Z05,Z04,13.046763,80.11623,12.874726,80.246613,8.0,4,high,1.0,Open,0.0,25.0
R1419,Z01,Z04,13.191947,80.197908,12.907477,80.287235,8.0,3,high,0.65,Open,0.09,24.0
R1420,Z01,Z04,13.16312,80.183735,12.92456,80.1695,8.0,3,medium,0.55,Open,0.08,22.0
R1421,Z04,Z04,12.820513,80.109017,12.978496,80.241726,8.0,4,medium,0.45,Open,0.1,21.0
R1422,Z01,Z01,13.149515,80.200354,13.114273,80.249777,7.93,5,low,0.1,Open,0.11,17.0
R1423,Z01,Z01,13.138015,80.18599,13.166652,80.263692,8.0,2,high,0.25,Open,0.09,26.0
R1424,Z05,Z05,12.998466,80.126253,13.138899,80.10353,8.0,3,medium,0.45,Open,0.07,23.0
R1425,Z04,Z04,12.807663,80.111806,12.901635,80.280697,8.0,4,medium,0.6,Open,0.08,22.0
R1426,Z05,Z04,13.118581,80.15622,12.956672,80.252997,8.0,1,medium,0.25,Open,0.09,19.0
R1427,Z02,Z03,13.080749,80.244853,12.999059,80.280725,8.0,2,medium,0.8,Open,0.09,21.0
R1428,Z05,Z01,13.120184,80.152847,13.159211,80.181916,6.54,2,high,0.45,Open,0.08,25.0
R1429,Z04,Z01,12.917935,80.266571,13.158031,80.28661,8.0,2,low,0.3,Flooded,0.43,26.0
R1430,Z01,Z05,13.173527,80.257474,13.009203,80.153276,8.0,3,medium,0.65,Open,0.07,23.0
R1431,Z01,Z04,13.174765,80.208693,12.938726,80.155003,8.0,2,low,0.65,Open,0.07,16.0
R1432,Z04,Z05,12.85634,80.186779,13.112555,80.102129,8.0,4,high,0.8,Open,0.06,28.0
R1433,Z04,Z01,12.815513,80.200707,13.188013,80.109279,8.0,3,medium,0.45,Open,0.01,21.0
R1434,Z04,Z04,12.852457,80.292709,12.958422,80.16674,8.0,3,medium,0.45,Open,0.01,22.0
R1435,Z03,Z04,13.03915,80.231203,12.902775,80.19886,8.0,6,high,0.1,Open,0.07,30.0
R1436,Z04,Z05,12.838717,80.113583,12.956083,80.12766,8.0,3,low,0.1,Open,0.06,19.0
R1437,Z01,Z02,13.197436,80.237455,13.100713,80.196343,8.0,2,medium,0.45,Open,0.09,19.0
R1438,Z01,Z01,13.132439,80.247215,13.195001,80.229505,8.0,4,medium,0.8,Open,0.01,19.0
R1439,Z01,Z04,13.181225,80.265065,12.912718,80.27314,8.0,2,medium,0.1,Open,0.11,24.0
R1440,Z03,Z01,12.998433,80.292821,13.182381,80.180205,8.0,1,medium,0.45,Open,0.02,20.0
R1441,Z04,Z01,12.934501,80.248979,13.175849,80.24361,8.0,3,medium,0.45,Open,0.11,22.0
R1442,Z04,Z04,12.979682,80.215126,12.829092,80.111005,8.0,3,high,0.45,Open,0.1,27.0
R1443,Z04,Z01,12.894296,80.251977,13.14766,80.239653,8.0,4,medium,0.45,Open,0.07,20.0
R1444,Z05,Z05,12.965027,80.149211,13.057219,80.184551,8.0,3,medium,0.45,Open,0.08,22.0
R1445,Z05,Z03,12.94063,80.113955,12.994286,80.270301,8.0,2,medium,0.85,Open,0.11,22.0
R1446,Z05,Z02,13.017884,80.180292,13.062826,80.282181,8.0,3,medium,0.8,Open,0.09,19.0
R1447,Z05,Z01,13.008078,80.132941,13.118329,80.239739,8.0,1,medium,0.5,Open,0.03,21.0
R1448,Z04,Z05,12.934501,80.248979,13.110512,80.108746,8.0,4,medium,0.45,Open,0.01,21.0
R1449,Z04,Z05,12.906363,80.241672,13.094786,80.130328,8.0,5,high,0.3,Open,0.03,30.0
R1450,Z04,Z03,12.840434,80.180347,12.993764,80.252691,8.0,4,high,0.65,Open,0.03,31.0
R1451,Z02,Z01,13.067617,80.271861,13.160828,80.197208,8.0,6,high,0.65,Open,0.03,25.0
R1452,Z01,Z04,13.186773,80.223555,12.800782,80.185838,8.0,2,low,0.25,Open,0.02,16.0
R1453,Z02,Z04,13.049683,80.244644,12.851092,80.2815,8.0,1,high,0.25,Open,0.03,27.0
R1454,Z01,Z03,13.118676,80.26437,13.01833,80.254082,8.0,3,low,1.0,Open,0.11,15.0
R1455,Z04,Z02,12.964979,80.237874,13.050938,80.281228,8.0,5,high,0.65,Open,0.08,27.0
R1456,Z05,Z04,13.112555,80.102129,12.911418,80.120296,8.0,4,medium,0.65,Open,0.11,18.0
R1457,Z05,Z04,13.095613,80.101007,12.803447,80.190025,8.0,5,high,0.45,Open,0.04,26.0
R1458,Z03,Z03,12.96236,80.293919,12.966488,80.267471,3.39,1,medium,0.45,Open,0.06,9.0
R1459,Z01,Z05,13.147743,80.284721,13.120184,80.152847,8.0,4,high,0.3,Open,0.02,25.0
R1460,Z04,Z03,12.812906,80.225267,12.972795,80.264881,8.0,3,low,0.25,Open,0.06,17.0
R1461,Z04,Z04,12.87751,80.143024,12.884835,80.121577,2.89,2,medium,0.1,Blocked,0.9,
R1462,Z03,Z03,12.967702,80.295155,13.005312,80.260723,6.79,3,high,0.45,Open,0.1,24.0
R1463,Z01,Z05,13.162541,80.20427,13.02344,80.214437,8.0,2,low,0.3,Open,0.08,17.0
R1464,Z04,Z04,12.909653,80.186383,12.839494,80.177933,8.0,2,medium,0.25,Open,0.06,20.0
R1465,Z03,Z03,13.024906,80.246376,13.005312,80.260723,3.27,4,medium,0.1,Open,0.11,8.0
R1466,Z05,Z01,13.123045,80.148689,13.170822,80.195504,8.0,6,low,0.25,Open,0.06,18.0
R1467,Z04,Z03,12.830404,80.226647,13.026355,80.287258,8.0,1,high,0.8,Open,0.07,25.0
R1468,Z04,Z01,12.842879,80.206219,13.197038,80.200628,8.0,1,medium,0.1,Open,0.07,19.0
R1469,Z04,Z01,12.853482,80.29045,13.181225,80.265065,8.0,5,medium,0.45,Open,0.05,19.0
R1470,Z01,Z04,13.188021,80.110035,12.865666,80.225481,8.0,4,low,0.8,Open,0.09,15.0
R1471,Z04,Z04,12.874424,80.27908,12.909653,80.186383,8.0,2,medium,0.45,Open,0.06,21.0
R1472,Z05,Z04,13.106089,80.162482,12.886495,80.169046,8.0,3,medium,0.6,Open,0.06,23.0
R1473,Z04,Z05,12.874424,80.27908,13.001131,80.131695,8.0,2,high,0.45,Open,0.05,26.0
R1474,Z04,Z05,12.851676,80.255975,13.134769,80.107958,8.0,4,high,0.1,Open,0.07,29.0
R1475,Z01,Z01,13.184485,80.191928,13.103774,80.258784,8.0,4,low,0.3,Open,0.01,15.0
R1476,Z05,Z03,13.081975,80.182263,13.009107,80.261191,8.0,2,low,0.45,Open,0.03,16.0
R1477,Z04,Z01,12.873404,80.139849,13.174765,80.208693,8.0,3,high,0.1,Open,0.08,30.0
R1478,Z04,Z04,12.863937,80.154696,12.80424,80.244675,8.0,2,low,0.45,Open,0.06,17.0
R1479,Z04,Z04,12.894296,80.251977,12.971146,80.213738,8.0,4,medium,0.45,Open,0.06,20.0
R1480,Z03,Z05,13.00679,80.285834,13.158059,80.111982,8.0,2,medium,0.25,Open,0.04,20.0
R1481,Z03,Z03,13.032946,80.298525,12.985379,80.270569,7.48,4,medium,0.3,Open,0.06,19.0
R1482,Z04,Z05,12.932201,80.171009,13.049995,80.128536,8.0,3,high,0.3,Flooded,0.32,49.0
R1483,Z04,Z02,12.925918,80.229733,13.050938,80.281228,8.0,1,medium,0.45,Open,0.04,22.0
R1484,Z01,Z01,13.137073,80.212321,13.184485,80.191928,7.06,3,low,0.45,Open,0.03,14.0
R1485,Z04,Z04,12.874065,80.280454,12.943812,80.259902,8.0,5,low,0.6,Open,0.09,15.0
R1486,Z04,Z04,12.976507,80.195901,12.888891,80.251456,8.0,2,low,0.1,Open,0.09,17.0
R1487,Z04,Z05,12.92935,80.201991,13.109903,80.151201,8.0,3,medium,0.45,Open,0.07,23.0
R1488,Z05,Z01,13.138899,80.10353,13.163468,80.170432,8.0,1,low,0.25,Open,0.05,17.0
R1489,Z04,Z04,12.902664,80.291512,12.851092,80.2815,7.27,4,low,0.25,Open,0.12,14.0
R1490,Z04,Z04,12.956086,80.245675,12.831183,80.13847,8.0,2,medium,0.45,Open,0.12,22.0
R1491,Z04,Z05,12.954767,80.197839,13.046079,80.149334,8.0,5,low,0.45,Open,0.1,19.0
R1492,Z04,Z04,12.869171,80.161093,12.860942,80.153336,1.5,3,low,0.8,Blocked,1.29,
R1493,Z04,Z04,12.851676,80.255975,12.828512,80.133987,8.0,4,low,0.45,Open,0.1,17.0
R1494,Z05,Z01,13.15716,80.108805,13.184877,80.180381,8.0,3,medium,0.1,Open,0.06,20.0
R1495,Z04,Z05,12.913429,80.231224,12.997024,80.172945,8.0,6,high,0.25,Blocked,1.21,
R1496,Z05,Z04,13.001131,80.131695,12.896466,80.275273,8.0,3,high,0.1,Open,0.04,27.0
R1497,Z04,Z02,12.932244,80.142896,13.068598,80.292772,8.0,3,medium,0.25,Open,0.1,24.0
R1498,Z02,Z04,13.041202,80.281153,12.924624,80.158824,8.0,3,medium,0.65,Open,0.06,23.0
R1499,Z03,Z04,12.998433,80.292821,12.90624,80.241547,8.0,6,low,0.4,Open,0.08,15.0
R1500,Z02,Z05,13.056918,80.294864,13.08506,80.150247,8.0,4,high,0.45,Open,0.04,28.0
