incident_id,zone_id,zone_name,latitude,longitude,incident_type,severity,timestamp
I00001,Z02,Central Chennai,13.08909,80.270958,Flooded Road,Moderate,2026-09-24 18:15:00
I00002,Z03,Adyar,13.017128,80.225124,Medical Emergency,Critical,2026-09-24 17:38:00
I00003,Z04,Velachery,12.998439,80.222016,Shelter Request,Critical,2026-09-24 11:38:00
I00004,Z04,Velachery,12.989783,80.205634,Household Evacuation,Critical,2026-09-24 11:04:00
I00005,Z03,Adyar,12.986002,80.237698,Medical Emergency,Critical,2026-09-24 23:13:00
I00006,Z05,South-West Chennai,13.015601,80.163005,Household Evacuation,High,2026-09-24 16:21:00
I00007,Z05,South-West Chennai,13.04356,80.183819,Medical Emergency,Critical,2026-09-24 11:55:00
I00008,Z03,Adyar,12.986631,80.265917,Household Evacuation,Moderate,2026-09-24 06:34:00
I00009,Z03,Adyar,13.012161,80.262875,Household Evacuation,Moderate,2026-09-24 11:34:00
I00010,Z02,Central Chennai,13.06748,80.256537,Household Evacuation,Critical,2026-09-24 05:55:00
I00011,Z02,Central Chennai,13.059721,80.258597,Water Rescue,Moderate,2026-09-24 06:39:00
I00012,Z01,North Chennai,13.105098,80.282742,Shelter Request,Critical,2026-09-24 07:54:00
I00013,Z01,North Chennai,13.143471,80.266529,Household Evacuation,Moderate,2026-09-24 02:24:00
I00014,Z05,South-West Chennai,13.016491,80.141958,Flooded Road,Moderate,2026-09-24 16:53:00
I00015,Z01,North Chennai,13.087795,80.287646,Household Evacuation,Critical,2026-09-24 09:31:00
I00016,Z01,North Chennai,13.0911,80.285928,Water Rescue,Moderate,2026-09-24 06:25:00
I00017,Z01,North Chennai,13.143214,80.295704,Household Evacuation,High,2026-09-24 06:30:00
I00018,Z01,North Chennai,13.105175,80.28822,Shelter Request,High,2026-09-24 17:32:00
I00019,Z02,Central Chennai,13.06207,80.277924,Flooded Road,Moderate,2026-09-24 03:30:00
I00020,Z03,Adyar,12.989969,80.25387,Flooded Road,High,2026-09-24 10:36:00
I00021,Z01,North Chennai,13.123585,80.316065,Shelter Request,Moderate,2026-09-24 03:38:00
I00022,Z04,Velachery,12.965908,80.214568,Household Evacuation,High,2026-09-24 09:56:00
I00023,Z04,Velachery,13.014257,80.19165,Flooded Road,Low,2026-09-24 09:31:00
I00024,Z03,Adyar,13.009109,80.263196,Shelter Request,Moderate,2026-09-24 03:52:00
I00025,Z01,North Chennai,13.116199,80.284565,Household Evacuation,Critical,2026-09-24 20:43:00
I00026,Z02,Central Chennai,13.074212,80.287548,Flooded Road,Low,2026-09-24 16:43:00
I00027,Z02,Central Chennai,13.099207,80.268295,Medical Emergency,Critical,2026-09-24 21:32:00
I00028,Z02,Central Chennai,13.092023,80.277579,Medical Emergency,Moderate,2026-09-24 22:52:00
I00029,Z05,South-West Chennai,13.026188,80.181724,Medical Emergency,Critical,2026-09-24 05:25:00
I00030,Z01,North Chennai,13.139131,80.296925,Medical Emergency,Critical,2026-09-24 00:46:00
I00031,Z05,South-West Chennai,12.97827,80.173083,Household Evacuation,High,2026-09-24 06:04:00
I00032,Z05,South-West Chennai,13.028732,80.181305,Flooded Road,Critical,2026-09-24 07:24:00
I00033,Z01,North Chennai,13.112636,80.285663,Household Evacuation,High,2026-09-24 23:53:00
I00034,Z02,Central Chennai,13.072062,80.265401,Medical Emergency,High,2026-09-24 02:12:00
I00035,Z01,North Chennai,13.124724,80.272162,Household Evacuation,Moderate,2026-09-24 15:49:00
I00036,Z05,South-West Chennai,13.018438,80.160477,Shelter Request,Low,2026-09-24 13:32:00
I00037,Z04,Velachery,12.986625,80.187951,Water Rescue,Low,2026-09-24 02:43:00
I00038,Z02,Central Chennai,13.07336,80.282935,Medical Emergency,Moderate,2026-09-24 22:30:00
I00039,Z03,Adyar,12.991464,80.255863,Medical Emergency,Critical,2026-09-24 16:26:00
I00040,Z05,South-West Chennai,13.028937,80.176243,Household Evacuation,High,2026-09-24 21:05:00
I00041,Z04,Velachery,13.004624,80.196837,Household Evacuation,Critical,2026-09-24 14:32:00
I00042,Z04,Velachery,12.977495,80.21025,Shelter Request,High,2026-09-24 01:56:00
I00043,Z01,North Chennai,13.126988,80.244559,Flooded Road,Low,2026-09-24 05:38:00
I00044,Z01,North Chennai,13.115548,80.279322,Shelter Request,Moderate,2026-09-24 14:30:00
I00045,Z04,Velachery,13.031124,80.252245,Household Evacuation,Moderate,2026-09-24 23:16:00
I00046,Z02,Central Chennai,13.082958,80.264215,Medical Emergency,Critical,2026-09-24 13:41:00
I00047,Z01,North Chennai,13.144531,80.284037,Flooded Road,Moderate,2026-09-24 21:33:00
I00048,Z01,North Chennai,13.12358,80.284107,Flooded Road,High,2026-09-24 09:05:00
I00049,Z03,Adyar,13.001392,80.232364,Shelter Request,High,2026-09-24 01:01:00
I00050,Z02,Central Chennai,13.05698,80.284952,Shelter Request,High,2026-09-24 23:45:00
I00051,Z02,Central Chennai,13.025634,80.268025,Flooded Road,Critical,2026-09-24 11:28:00
I00052,Z04,Velachery,12.980664,80.202464,Household Evacuation,High,2026-09-24 10:05:00
I00053,Z05,South-West Chennai,13.024988,80.16616,Shelter Request,High,2026-09-24 08:25:00
I00054,Z04,Velachery,12.954957,80.238137,Flooded Road,High,2026-09-24 01:22:00
I00055,Z02,Central Chennai,13.108768,80.269399,Household Evacuation,Low,2026-09-24 06:11:00
I00056,Z05,South-West Chennai,13.002152,80.197894,Household Evacuation,High,2026-09-24 08:36:00
I00057,Z02,Central Chennai,13.086604,80.270615,Flooded Road,Moderate,2026-09-24 04:01:00
I00058,Z04,Velachery,12.983596,80.212533,Household Evacuation,Moderate,2026-09-24 16:13:00
I00059,Z03,Adyar,13.013306,80.276762,Medical Emergency,Critical,2026-09-24 09:41:00
I00060,Z01,North Chennai,13.121793,80.266089,Shelter Request,High,2026-09-24 02:12:00
I00061,Z03,Adyar,13.003481,80.294332,Flooded Road,Critical,2026-09-24 22:59:00
I00062,Z05,South-West Chennai,13.022542,80.180124,Household Evacuation,High,2026-09-24 15:14:00
I00063,Z01,North Chennai,13.093573,80.278401,Water Rescue,Low,2026-09-24 22:48:00
I00064,Z05,South-West Chennai,12.998186,80.156924,Shelter Request,High,2026-09-24 13:22:00
I00065,Z01,North Chennai,13.098133,80.306395,Medical Emergency,Moderate,2026-09-24 00:56:00
I00066,Z04,Velachery,12.990246,80.215245,Flooded Road,High,2026-09-24 10:13:00
I00067,Z04,Velachery,12.966611,80.22805,Flooded Road,High,2026-09-24 20:55:00
I00068,Z03,Adyar,12.965354,80.258268,Medical Emergency,Critical,2026-09-24 04:48:00
I00069,Z03,Adyar,12.992875,80.260557,Shelter Request,Low,2026-09-24 04:02:00
I00070,Z02,Central Chennai,13.106601,80.26946,Flooded Road,Moderate,2026-09-24 03:49:00
I00071,Z01,North Chennai,13.130555,80.297828,Flooded Road,Critical,2026-09-24 05:20:00
I00072,Z01,North Chennai,13.095091,80.288182,Medical Emergency,High,2026-09-24 08:06:00
I00073,Z04,Velachery,12.986905,80.200306,Water Rescue,High,2026-09-24 13:16:00
I00074,Z03,Adyar,13.007808,80.265225,Household Evacuation,Critical,2026-09-24 05:04:00
I00075,Z01,North Chennai,13.090193,80.289578,Flooded Road,Critical,2026-09-24 14:17:00
I00076,Z05,South-West Chennai,13.024617,80.163915,Medical Emergency,Low,2026-09-24 09:44:00
I00077,Z04,Velachery,12.96078,80.238713,Flooded Road,Critical,2026-09-24 16:33:00
I00078,Z04,Velachery,12.984542,80.196422,Medical Emergency,Critical,2026-09-24 04:18:00
I00079,Z04,Velachery,12.976371,80.210265,Shelter Request,High,2026-09-24 09:45:00
I00080,Z03,Adyar,13.015716,80.292413,Medical Emergency,Critical,2026-09-24 23:16:00
I00081,Z03,Adyar,13.013003,80.291574,Flooded Road,Moderate,2026-09-24 15:11:00
I00082,Z02,Central Chennai,13.062213,80.278579,Flooded Road,High,2026-09-24 08:08:00
I00083,Z01,North Chennai,13.104552,80.292182,Flooded Road,High,2026-09-24 20:54:00
I00084,Z01,North Chennai,13.061269,80.289242,Flooded Road,High,2026-09-24 19:24:00
I00085,Z02,Central Chennai,13.063869,80.280159,Shelter Request,Critical,2026-09-24 19:36:00
I00086,Z05,South-West Chennai,13.034994,80.180702,Flooded Road,High,2026-09-24 21:38:00
I00087,Z01,North Chennai,13.123899,80.321607,Shelter Request,High,2026-09-24 22:21:00
I00088,Z02,Central Chennai,13.049125,80.250248,Household Evacuation,Moderate,2026-09-24 13:09:00
I00089,Z04,Velachery,12.990157,80.2415,Flooded Road,Moderate,2026-09-24 23:34:00
I00090,Z01,North Chennai,13.130512,80.271397,Flooded Road,Moderate,2026-09-24 01:12:00
I00091,Z04,Velachery,12.989224,80.199004,Medical Emergency,Moderate,2026-09-24 03:39:00
I00092,Z02,Central Chennai,13.081277,80.282472,Household Evacuation,High,2026-09-24 08:50:00
I00093,Z01,North Chennai,13.10833,80.279954,Flooded Road,Moderate,2026-09-24 17:19:00
I00094,Z03,Adyar,13.018444,80.234173,Shelter Request,Moderate,2026-09-24 02:51:00
I00095,Z01,North Chennai,13.14399,80.313601,Medical Emergency,Low,2026-09-24 15:32:00
I00096,Z05,South-West Chennai,13.002105,80.18204,Water Rescue,High,2026-09-24 06:04:00
I00097,Z03,Adyar,13.017372,80.247525,Flooded Road,High,2026-09-24 10:31:00
I00098,Z04,Velachery,12.963947,80.220367,Medical Emergency,High,2026-09-24 08:26:00
I00099,Z02,Central Chennai,13.066158,80.260533,Flooded Road,Moderate,2026-09-24 14:44:00
I00100,Z03,Adyar,13.035482,80.273343,Shelter Request,Low,2026-09-24 23:26:00
I00101,Z03,Adyar,13.021243,80.253967,Water Rescue,Moderate,2026-09-24 17:04:00
I00102,Z02,Central Chennai,13.059943,80.295505,Flooded Road,Moderate,2026-09-24 18:58:00
I00103,Z04,Velachery,12.9885,80.240883,Flooded Road,Low,2026-09-24 14:27:00
I00104,Z02,Central Chennai,13.090636,80.293608,Flooded Road,Low,2026-09-24 01:51:00
I00105,Z01,North Chennai,13.083861,80.301103,Household Evacuation,Critical,2026-09-24 05:34:00
I00106,Z01,North Chennai,13.115621,80.263718,Household Evacuation,High,2026-09-24 07:26:00
I00107,Z05,South-West Chennai,12.998446,80.203142,Household Evacuation,Moderate,2026-09-24 13:58:00
I00108,Z01,North Chennai,13.108477,80.317209,Medical Emergency,High,2026-09-24 08:13:00
I00109,Z05,South-West Chennai,13.027923,80.175356,Medical Emergency,High,2026-09-24 07:36:00
I00110,Z05,South-West Chennai,12.992276,80.157537,Flooded Road,High,2026-09-24 14:49:00
I00111,Z03,Adyar,13.017521,80.244636,Flooded Road,High,2026-09-24 23:54:00
I00112,Z03,Adyar,13.029087,80.242476,Household Evacuation,Critical,2026-09-24 15:50:00
I00113,Z01,North Chennai,13.109194,80.324238,Household Evacuation,Moderate,2026-09-24 19:36:00
I00114,Z04,Velachery,13.000489,80.240469,Shelter Request,High,2026-09-24 22:26:00
I00115,Z05,South-West Chennai,13.031616,80.152055,Flooded Road,Low,2026-09-24 20:07:00
I00116,Z01,North Chennai,13.141327,80.279423,Shelter Request,High,2026-09-24 09:28:00
I00117,Z04,Velachery,12.976269,80.174352,Shelter Request,High,2026-09-24 16:47:00
I00118,Z05,South-West Chennai,13.012809,80.187832,Household Evacuation,Moderate,2026-09-24 23:19:00
I00119,Z03,Adyar,13.025767,80.242718,Flooded Road,Low,2026-09-24 06:27:00
I00120,Z02,Central Chennai,13.079804,80.267133,Household Evacuation,Moderate,2026-09-24 02:06:00
I00121,Z03,Adyar,13.019454,80.269188,Flooded Road,High,2026-09-24 21:43:00
I00122,Z01,North Chennai,13.109475,80.298751,Flooded Road,Moderate,2026-09-24 01:24:00
I00123,Z03,Adyar,13.027171,80.249239,Shelter Request,High,2026-09-24 00:20:00
I00124,Z03,Adyar,13.028466,80.247352,Household Evacuation,Moderate,2026-09-24 23:38:00
I00125,Z01,North Chennai,13.142645,80.33591,Household Evacuation,High,2026-09-24 11:27:00
I00126,Z02,Central Chennai,13.064398,80.276455,Shelter Request,Critical,2026-09-24 19:32:00
I00127,Z03,Adyar,13.023656,80.258661,Household Evacuation,Critical,2026-09-24 07:08:00
I00128,Z03,Adyar,13.03543,80.286549,Household Evacuation,Moderate,2026-09-24 08:17:00
I00129,Z04,Velachery,12.975332,80.198373,Flooded Road,High,2026-09-24 13:05:00
I00130,Z04,Velachery,12.967686,80.196319,Flooded Road,Low,2026-09-24 10:02:00
I00131,Z03,Adyar,13.042575,80.252091,Medical Emergency,Critical,2026-09-24 19:42:00
I00132,Z05,South-West Chennai,13.043145,80.159478,Medical Emergency,Moderate,2026-09-24 22:08:00
I00133,Z05,South-West Chennai,13.018991,80.18041,Flooded Road,High,2026-09-24 23:47:00
I00134,Z05,South-West Chennai,12.997022,80.189981,Flooded Road,Moderate,2026-09-24 15:48:00
I00135,Z03,Adyar,13.010324,80.230233,Flooded Road,Critical,2026-09-24 23:24:00
I00136,Z05,South-West Chennai,13.043322,80.189293,Medical Emergency,Low,2026-09-24 23:04:00
I00137,Z04,Velachery,12.988145,80.181901,Flooded Road,High,2026-09-24 18:03:00
I00138,Z01,North Chennai,13.128001,80.280556,Shelter Request,High,2026-09-24 14:14:00
I00139,Z03,Adyar,13.018171,80.249061,Medical Emergency,High,2026-09-24 02:54:00
I00140,Z05,South-West Chennai,12.991581,80.20622,Medical Emergency,Low,2026-09-24 01:35:00
I00141,Z01,North Chennai,13.096596,80.287607,Water Rescue,High,2026-09-24 13:59:00
I00142,Z02,Central Chennai,13.10249,80.243892,Shelter Request,Critical,2026-09-24 09:10:00
I00143,Z05,South-West Chennai,13.04239,80.167643,Household Evacuation,High,2026-09-24 20:07:00
I00144,Z05,South-West Chennai,13.02245,80.180387,Flooded Road,High,2026-09-24 06:49:00
I00145,Z05,South-West Chennai,13.034443,80.178113,Household Evacuation,High,2026-09-24 09:02:00
I00146,Z05,South-West Chennai,13.021461,80.176319,Medical Emergency,Low,2026-09-24 12:57:00
I00147,Z05,South-West Chennai,13.014312,80.222979,Water Rescue,High,2026-09-24 04:06:00
I00148,Z01,North Chennai,13.102801,80.309639,Medical Emergency,High,2026-09-24 14:06:00
I00149,Z02,Central Chennai,13.059646,80.250363,Household Evacuation,Moderate,2026-09-24 20:22:00
I00150,Z04,Velachery,13.027348,80.252412,Household Evacuation,High,2026-09-24 07:08:00
I00151,Z05,South-West Chennai,13.024161,80.14847,Shelter Request,Critical,2026-09-24 04:34:00
I00152,Z05,South-West Chennai,13.007908,80.211187,Water Rescue,High,2026-09-24 06:17:00
I00153,Z04,Velachery,12.972112,80.208808,Water Rescue,Critical,2026-09-24 03:32:00
I00154,Z03,Adyar,12.984535,80.235282,Shelter Request,High,2026-09-24 21:09:00
I00155,Z05,South-West Chennai,12.989178,80.185715,Flooded Road,Low,2026-09-24 06:40:00
I00156,Z03,Adyar,13.036044,80.247695,Shelter Request,High,2026-09-24 02:05:00
I00157,Z03,Adyar,13.002231,80.236607,Flooded Road,High,2026-09-24 00:26:00
I00158,Z03,Adyar,13.029659,80.241501,Medical Emergency,Moderate,2026-09-24 10:33:00
I00159,Z02,Central Chennai,13.061007,80.276039,Medical Emergency,Low,2026-09-24 16:15:00
I00160,Z01,North Chennai,13.120544,80.29905,Flooded Road,High,2026-09-24 22:46:00
I00161,Z05,South-West Chennai,13.011615,80.179455,Flooded Road,High,2026-09-24 18:52:00
I00162,Z04,Velachery,12.98162,80.186145,Water Rescue,Moderate,2026-09-24 23:48:00
I00163,Z05,South-West Chennai,13.006487,80.140575,Flooded Road,Moderate,2026-09-24 04:43:00
I00164,Z03,Adyar,12.987764,80.260137,Flooded Road,High,2026-09-24 22:59:00
I00165,Z05,South-West Chennai,13.019506,80.167617,Shelter Request,High,2026-09-24 23:03:00
I00166,Z05,South-West Chennai,13.038799,80.210727,Household Evacuation,High,2026-09-24 23:14:00
I00167,Z03,Adyar,13.028417,80.254108,Water Rescue,Low,2026-09-24 18:06:00
I00168,Z01,North Chennai,13.13584,80.24464,Household Evacuation,Critical,2026-09-24 02:19:00
I00169,Z03,Adyar,13.01496,80.247378,Flooded Road,High,2026-09-24 09:11:00
I00170,Z02,Central Chennai,13.07896,80.25899,Flooded Road,Critical,2026-09-24 03:21:00
I00171,Z01,North Chennai,13.10519,80.270523,Flooded Road,High,2026-09-24 13:50:00
I00172,Z02,Central Chennai,13.060185,80.275047,Shelter Request,Critical,2026-09-24 09:45:00
I00173,Z03,Adyar,12.982906,80.231348,Household Evacuation,Moderate,2026-09-24 16:55:00
I00174,Z01,North Chennai,13.115695,80.270014,Flooded Road,Critical,2026-09-24 13:38:00
I00175,Z04,Velachery,12.957583,80.237388,Shelter Request,Critical,2026-09-24 21:22:00
I00176,Z01,North Chennai,13.106802,80.315504,Flooded Road,Low,2026-09-24 04:33:00
I00177,Z02,Central Chennai,13.108459,80.269258,Medical Emergency,Moderate,2026-09-24 05:40:00
I00178,Z05,South-West Chennai,13.004616,80.214715,Flooded Road,Moderate,2026-09-24 14:06:00
I00179,Z01,North Chennai,13.131693,80.24977,Flooded Road,High,2026-09-24 20:02:00
I00180,Z04,Velachery,12.965455,80.198964,Flooded Road,High,2026-09-24 04:55:00
I00181,Z04,Velachery,12.973897,80.220532,Flooded Road,High,2026-09-24 15:22:00
I00182,Z04,Velachery,12.994457,80.195692,Shelter Request,High,2026-09-24 02:40:00
I00183,Z04,Velachery,12.959242,80.22893,Household Evacuation,Critical,2026-09-24 18:17:00
I00184,Z05,South-West Chennai,13.021295,80.148627,Household Evacuation,Moderate,2026-09-24 22:24:00
I00185,Z03,Adyar,13.036691,80.268493,Household Evacuation,Moderate,2026-09-24 15:11:00
I00186,Z03,Adyar,13.023805,80.249454,Shelter Request,High,2026-09-24 19:32:00
I00187,Z02,Central Chennai,13.074423,80.304598,Water Rescue,High,2026-09-24 03:19:00
I00188,Z02,Central Chennai,13.064309,80.253298,Flooded Road,Moderate,2026-09-24 22:51:00
I00189,Z05,South-West Chennai,13.015198,80.155734,Medical Emergency,Moderate,2026-09-24 16:03:00
I00190,Z02,Central Chennai,13.094724,80.255094,Flooded Road,Critical,2026-09-24 05:31:00
I00191,Z03,Adyar,13.026671,80.238043,Water Rescue,Critical,2026-09-24 21:37:00
I00192,Z01,North Chennai,13.115117,80.275358,Medical Emergency,Moderate,2026-09-24 02:24:00
I00193,Z02,Central Chennai,13.078795,80.300926,Shelter Request,Moderate,2026-09-24 23:47:00
I00194,Z05,South-West Chennai,13.044451,80.20786,Medical Emergency,High,2026-09-24 08:52:00
I00195,Z02,Central Chennai,13.099939,80.271652,Shelter Request,High,2026-09-24 05:14:00
I00196,Z02,Central Chennai,13.050539,80.273593,Household Evacuation,Critical,2026-09-24 00:21:00
I00197,Z04,Velachery,12.999038,80.2069,Household Evacuation,Moderate,2026-09-24 04:11:00
I00198,Z05,South-West Chennai,12.993493,80.174159,Water Rescue,High,2026-09-24 06:36:00
I00199,Z02,Central Chennai,13.111575,80.251015,Shelter Request,High,2026-09-24 22:56:00
I00200,Z01,North Chennai,13.106731,80.282536,Flooded Road,High,2026-09-24 05:14:00
I00201,Z03,Adyar,13.003615,80.287056,Household Evacuation,Critical,2026-09-24 19:09:00
I00202,Z04,Velachery,12.993146,80.184452,Flooded Road,Moderate,2026-09-24 11:50:00
I00203,Z03,Adyar,13.000051,80.267981,Household Evacuation,High,2026-09-24 20:36:00
I00204,Z03,Adyar,13.028055,80.306645,Household Evacuation,High,2026-09-24 13:12:00
I00205,Z05,South-West Chennai,13.035968,80.189286,Household Evacuation,Moderate,2026-09-24 00:51:00
I00206,Z05,South-West Chennai,12.978246,80.169104,Flooded Road,Low,2026-09-24 02:51:00
I00207,Z01,North Chennai,13.122545,80.266842,Household Evacuation,High,2026-09-24 23:07:00
I00208,Z04,Velachery,13.016181,80.193543,Household Evacuation,Moderate,2026-09-24 23:21:00
I00209,Z03,Adyar,13.013864,80.227743,Flooded Road,High,2026-09-24 15:18:00
I00210,Z02,Central Chennai,13.06082,80.292513,Household Evacuation,Low,2026-09-24 06:01:00
I00211,Z02,Central Chennai,13.073677,80.272497,Flooded Road,High,2026-09-24 16:24:00
I00212,Z02,Central Chennai,13.090293,80.297842,Flooded Road,Moderate,2026-09-24 10:51:00
I00213,Z01,North Chennai,13.124074,80.257779,Medical Emergency,High,2026-09-24 21:07:00
I00214,Z03,Adyar,12.99529,80.257654,Flooded Road,High,2026-09-24 02:22:00
I00215,Z04,Velachery,12.987168,80.204952,Shelter Request,Critical,2026-09-24 23:45:00
I00216,Z02,Central Chennai,13.061504,80.278374,Household Evacuation,High,2026-09-24 18:10:00
I00217,Z04,Velachery,12.949754,80.216029,Household Evacuation,Moderate,2026-09-24 05:06:00
I00218,Z02,Central Chennai,13.072948,80.279739,Household Evacuation,High,2026-09-24 09:41:00
I00219,Z02,Central Chennai,13.083466,80.260421,Household Evacuation,Moderate,2026-09-24 23:14:00
I00220,Z02,Central Chennai,13.087656,80.253222,Shelter Request,High,2026-09-24 06:47:00
I00221,Z01,North Chennai,13.151209,80.290107,Household Evacuation,High,2026-09-24 21:03:00
I00222,Z04,Velachery,12.978224,80.245632,Shelter Request,Low,2026-09-24 14:56:00
I00223,Z02,Central Chennai,13.098845,80.252917,Flooded Road,Low,2026-09-24 08:50:00
I00224,Z02,Central Chennai,13.090185,80.286804,Water Rescue,High,2026-09-24 16:01:00
I00225,Z04,Velachery,13.007112,80.180372,Flooded Road,Moderate,2026-09-24 12:23:00
I00226,Z04,Velachery,13.023261,80.215206,Shelter Request,Moderate,2026-09-24 06:33:00
I00227,Z02,Central Chennai,13.065802,80.259942,Shelter Request,High,2026-09-24 10:58:00
I00228,Z04,Velachery,12.967899,80.250239,Flooded Road,Moderate,2026-09-24 18:46:00
I00229,Z04,Velachery,12.971492,80.194556,Flooded Road,Moderate,2026-09-24 09:23:00
I00230,Z04,Velachery,12.938155,80.231623,Shelter Request,High,2026-09-24 19:24:00
I00231,Z03,Adyar,13.0307,80.255158,Flooded Road,Low,2026-09-24 14:29:00
I00232,Z05,South-West Chennai,13.017419,80.19037,Shelter Request,High,2026-09-24 10:55:00
I00233,Z01,North Chennai,13.115886,80.280347,Water Rescue,Critical,2026-09-24 15:22:00
I00234,Z01,North Chennai,13.129112,80.279159,Household Evacuation,Moderate,2026-09-24 14:24:00
I00235,Z04,Velachery,12.996695,80.219959,Household Evacuation,Critical,2026-09-24 12:09:00
I00236,Z03,Adyar,12.985647,80.26414,Household Evacuation,High,2026-09-24 14:37:00
I00237,Z02,Central Chennai,13.079662,80.287443,Flooded Road,High,2026-09-24 07:29:00
I00238,Z04,Velachery,12.958664,80.19978,Household Evacuation,Moderate,2026-09-24 10:58:00
I00239,Z05,South-West Chennai,13.033095,80.18232,Flooded Road,High,2026-09-24 16:58:00
I00240,Z01,North Chennai,13.122677,80.303421,Water Rescue,High,2026-09-24 01:11:00
I00241,Z04,Velachery,12.969026,80.192401,Water Rescue,Low,2026-09-24 08:53:00
I00242,Z02,Central Chennai,13.088888,80.281874,Shelter Request,Moderate,2026-09-24 06:44:00
I00243,Z04,Velachery,12.97003,80.238114,Household Evacuation,Moderate,2026-09-24 15:05:00
I00244,Z01,North Chennai,13.147897,80.277014,Flooded Road,Critical,2026-09-24 11:01:00
I00245,Z05,South-West Chennai,12.998473,80.15167,Shelter Request,Moderate,2026-09-24 07:39:00
I00246,Z05,South-West Chennai,13.027444,80.186911,Flooded Road,High,2026-09-24 02:01:00
I00247,Z04,Velachery,12.976904,80.201068,Household Evacuation,Moderate,2026-09-24 05:08:00
I00248,Z01,North Chennai,13.093373,80.280725,Flooded Road,Critical,2026-09-24 23:09:00
I00249,Z04,Velachery,13.000314,80.195893,Household Evacuation,High,2026-09-24 08:26:00
I00250,Z01,North Chennai,13.081022,80.294729,Household Evacuation,High,2026-09-24 17:23:00
I00251,Z01,North Chennai,13.111146,80.296103,Water Rescue,Critical,2026-09-24 02:28:00
I00252,Z01,North Chennai,13.17984,80.286759,Household Evacuation,Critical,2026-09-24 12:49:00
I00253,Z03,Adyar,12.99867,80.226657,Medical Emergency,Critical,2026-09-24 13:06:00
I00254,Z01,North Chennai,13.109689,80.321159,Water Rescue,High,2026-09-24 08:54:00
I00255,Z04,Velachery,12.957678,80.220574,Household Evacuation,Critical,2026-09-24 07:54:00
I00256,Z01,North Chennai,13.081597,80.270862,Flooded Road,High,2026-09-24 09:52:00
I00257,Z01,North Chennai,13.110988,80.320976,Household Evacuation,High,2026-09-24 05:46:00
I00258,Z01,North Chennai,13.134527,80.273977,Household Evacuation,High,2026-09-24 07:06:00
I00259,Z04,Velachery,13.006521,80.193948,Flooded Road,High,2026-09-24 13:04:00
I00260,Z04,Velachery,12.972098,80.251805,Medical Emergency,High,2026-09-24 00:15:00
I00261,Z04,Velachery,12.994956,80.188506,Household Evacuation,Moderate,2026-09-24 20:22:00
I00262,Z04,Velachery,12.993169,80.198095,Flooded Road,Moderate,2026-09-24 22:51:00
I00263,Z02,Central Chennai,13.076715,80.27068,Medical Emergency,Low,2026-09-24 21:34:00
I00264,Z03,Adyar,13.014935,80.241015,Medical Emergency,Moderate,2026-09-24 20:30:00
I00265,Z03,Adyar,13.012623,80.259522,Shelter Request,High,2026-09-24 11:39:00
I00266,Z04,Velachery,12.98475,80.198916,Water Rescue,Critical,2026-09-24 06:05:00
I00267,Z01,North Chennai,13.113248,80.277583,Medical Emergency,High,2026-09-24 01:02:00
I00268,Z05,South-West Chennai,13.022834,80.174492,Flooded Road,High,2026-09-24 21:11:00
I00269,Z02,Central Chennai,13.050264,80.279984,Water Rescue,Moderate,2026-09-24 11:53:00
I00270,Z03,Adyar,12.967671,80.246519,Shelter Request,Moderate,2026-09-24 21:45:00
I00271,Z04,Velachery,12.983263,80.211329,Water Rescue,Low,2026-09-24 16:38:00
I00272,Z05,South-West Chennai,13.014434,80.146079,Flooded Road,High,2026-09-24 09:13:00
I00273,Z05,South-West Chennai,13.072319,80.187351,Household Evacuation,Moderate,2026-09-24 14:24:00
I00274,Z04,Velachery,12.959614,80.201032,Flooded Road,Critical,2026-09-24 17:25:00
I00275,Z01,North Chennai,13.106811,80.286836,Water Rescue,Critical,2026-09-24 09:37:00
I00276,Z02,Central Chennai,13.065683,80.261636,Household Evacuation,Moderate,2026-09-24 20:35:00
I00277,Z05,South-West Chennai,13.030809,80.165994,Shelter Request,Moderate,2026-09-24 23:03:00
I00278,Z03,Adyar,13.005286,80.255085,Medical Emergency,Critical,2026-09-24 21:52:00
I00279,Z05,South-West Chennai,13.020673,80.181455,Shelter Request,High,2026-09-24 01:02:00
I00280,Z01,North Chennai,13.090714,80.299795,Household Evacuation,Critical,2026-09-24 07:40:00
I00281,Z04,Velachery,13.005114,80.195558,Flooded Road,High,2026-09-24 21:47:00
I00282,Z03,Adyar,13.016342,80.246847,Flooded Road,High,2026-09-24 14:01:00
I00283,Z04,Velachery,12.992114,80.202806,Flooded Road,High,2026-09-24 17:40:00
I00284,Z02,Central Chennai,13.065902,80.265529,Shelter Request,High,2026-09-24 07:45:00
I00285,Z05,South-West Chennai,13.005798,80.190683,Water Rescue,Moderate,2026-09-24 00:39:00
I00286,Z04,Velachery,12.970999,80.180974,Flooded Road,High,2026-09-24 06:30:00
I00287,Z04,Velachery,12.992155,80.212537,Water Rescue,Moderate,2026-09-24 06:00:00
I00288,Z05,South-West Chennai,12.979767,80.178164,Household Evacuation,Critical,2026-09-24 20:23:00
I00289,Z02,Central Chennai,13.095208,80.246422,Flooded Road,High,2026-09-24 15:10:00
I00290,Z01,North Chennai,13.127319,80.301233,Flooded Road,High,2026-09-24 15:40:00
I00291,Z05,South-West Chennai,13.017779,80.184402,Water Rescue,Moderate,2026-09-24 11:34:00
I00292,Z01,North Chennai,13.093414,80.305154,Household Evacuation,Critical,2026-09-24 18:49:00
I00293,Z02,Central Chennai,13.049482,80.237319,Household Evacuation,High,2026-09-24 01:21:00
I00294,Z02,Central Chennai,13.07344,80.292132,Shelter Request,Moderate,2026-09-24 16:41:00
I00295,Z03,Adyar,13.023299,80.235478,Flooded Road,High,2026-09-24 22:27:00
I00296,Z05,South-West Chennai,12.976187,80.21206,Medical Emergency,High,2026-09-24 18:29:00
I00297,Z05,South-West Chennai,13.038679,80.164137,Flooded Road,Critical,2026-09-24 06:02:00
I00298,Z03,Adyar,13.012745,80.247145,Flooded Road,Moderate,2026-09-24 19:09:00
I00299,Z04,Velachery,12.983696,80.229827,Household Evacuation,Moderate,2026-09-24 23:41:00
I00300,Z03,Adyar,13.019068,80.250529,Flooded Road,Low,2026-09-24 11:08:00
I00301,Z04,Velachery,12.989445,80.203068,Flooded Road,High,2026-09-24 18:49:00
I00302,Z02,Central Chennai,13.076716,80.259365,Household Evacuation,High,2026-09-24 19:10:00
I00303,Z04,Velachery,12.967668,80.196005,Medical Emergency,High,2026-09-24 03:42:00
I00304,Z05,South-West Chennai,12.982812,80.222401,Household Evacuation,Critical,2026-09-24 15:57:00
I00305,Z03,Adyar,13.027469,80.247276,Household Evacuation,Critical,2026-09-24 17:45:00
I00306,Z05,South-West Chennai,13.02185,80.179926,Medical Emergency,Moderate,2026-09-24 15:05:00
I00307,Z04,Velachery,12.963259,80.220708,Flooded Road,Moderate,2026-09-24 18:27:00
I00308,Z04,Velachery,12.996693,80.237495,Household Evacuation,Critical,2026-09-24 19:39:00
I00309,Z04,Velachery,12.987595,80.166835,Shelter Request,High,2026-09-24 11:49:00
I00310,Z05,South-West Chennai,13.022207,80.173274,Household Evacuation,Moderate,2026-09-24 01:53:00
I00311,Z01,North Chennai,13.112677,80.266648,Medical Emergency,Moderate,2026-09-24 10:05:00
I00312,Z02,Central Chennai,13.085038,80.234095,Household Evacuation,Moderate,2026-09-24 08:28:00
I00313,Z05,South-West Chennai,13.011396,80.187623,Medical Emergency,High,2026-09-24 22:40:00
I00314,Z05,South-West Chennai,13.025406,80.148661,Household Evacuation,Low,2026-09-24 11:18:00
I00315,Z02,Central Chennai,13.087727,80.249778,Shelter Request,Moderate,2026-09-24 08:22:00
I00316,Z01,North Chennai,13.115605,80.293217,Household Evacuation,High,2026-09-24 21:14:00
I00317,Z05,South-West Chennai,13.025441,80.185735,Household Evacuation,High,2026-09-24 01:28:00
I00318,Z04,Velachery,12.961848,80.189697,Shelter Request,High,2026-09-24 10:56:00
I00319,Z03,Adyar,13.027738,80.24147,Flooded Road,Critical,2026-09-24 15:08:00
I00320,Z04,Velachery,12.952964,80.250074,Shelter Request,Critical,2026-09-24 16:15:00
I00321,Z02,Central Chennai,13.024845,80.278148,Shelter Request,Critical,2026-09-24 19:58:00
I00322,Z05,South-West Chennai,12.990082,80.156695,Household Evacuation,Moderate,2026-09-24 05:22:00
I00323,Z03,Adyar,13.019189,80.246383,Flooded Road,Moderate,2026-09-24 06:43:00
I00324,Z05,South-West Chennai,13.006548,80.192811,Medical Emergency,Low,2026-09-24 21:15:00
I00325,Z05,South-West Chennai,13.010822,80.165817,Water Rescue,Critical,2026-09-24 09:35:00
I00326,Z02,Central Chennai,13.049032,80.254374,Water Rescue,High,2026-09-24 08:29:00
I00327,Z05,South-West Chennai,13.009515,80.165419,Flooded Road,High,2026-09-24 11:16:00
I00328,Z01,North Chennai,13.123402,80.298767,Shelter Request,Critical,2026-09-24 16:03:00
I00329,Z05,South-West Chennai,12.982857,80.159877,Flooded Road,High,2026-09-24 07:07:00
I00330,Z05,South-West Chennai,13.019685,80.149179,Water Rescue,High,2026-09-24 18:49:00
I00331,Z02,Central Chennai,13.080317,80.242349,Flooded Road,Moderate,2026-09-24 23:52:00
I00332,Z01,North Chennai,13.135787,80.286023,Flooded Road,High,2026-09-24 06:12:00
I00333,Z01,North Chennai,13.116349,80.271038,Medical Emergency,Moderate,2026-09-24 04:52:00
I00334,Z04,Velachery,12.988241,80.271065,Household Evacuation,High,2026-09-24 02:00:00
I00335,Z01,North Chennai,13.106442,80.290916,Household Evacuation,Moderate,2026-09-24 15:55:00
I00336,Z04,Velachery,12.991721,80.264243,Flooded Road,Moderate,2026-09-24 18:54:00
I00337,Z02,Central Chennai,13.110678,80.247526,Shelter Request,Critical,2026-09-24 21:08:00
I00338,Z02,Central Chennai,13.107841,80.267657,Medical Emergency,Moderate,2026-09-24 05:22:00
I00339,Z05,South-West Chennai,13.012336,80.179768,Medical Emergency,Low,2026-09-24 18:13:00
I00340,Z01,North Chennai,13.122828,80.293504,Medical Emergency,High,2026-09-24 21:31:00
I00341,Z05,South-West Chennai,13.023258,80.198455,Medical Emergency,Moderate,2026-09-24 03:50:00
I00342,Z01,North Chennai,13.149126,80.323169,Flooded Road,High,2026-09-24 12:05:00
I00343,Z02,Central Chennai,13.077367,80.301752,Flooded Road,High,2026-09-24 10:50:00
I00344,Z04,Velachery,12.97501,80.212998,Household Evacuation,Critical,2026-09-24 21:09:00
I00345,Z01,North Chennai,13.120548,80.312406,Household Evacuation,Critical,2026-09-24 10:27:00
I00346,Z05,South-West Chennai,13.017924,80.178196,Shelter Request,Critical,2026-09-24 11:21:00
I00347,Z01,North Chennai,13.089546,80.309866,Flooded Road,Low,2026-09-24 09:14:00
I00348,Z05,South-West Chennai,13.044244,80.181824,Medical Emergency,Moderate,2026-09-24 09:59:00
I00349,Z03,Adyar,13.008625,80.243724,Household Evacuation,Moderate,2026-09-24 01:33:00
I00350,Z05,South-West Chennai,13.000642,80.152847,Household Evacuation,Moderate,2026-09-24 12:18:00
I00351,Z04,Velachery,12.974985,80.210445,Shelter Request,Moderate,2026-09-24 10:36:00
I00352,Z03,Adyar,13.022083,80.285308,Medical Emergency,Moderate,2026-09-24 07:17:00
I00353,Z05,South-West Chennai,13.015008,80.195565,Medical Emergency,Moderate,2026-09-24 06:58:00
I00354,Z02,Central Chennai,13.081939,80.288803,Household Evacuation,Critical,2026-09-24 13:19:00
I00355,Z03,Adyar,13.013522,80.275682,Flooded Road,Critical,2026-09-24 00:10:00
I00356,Z03,Adyar,13.005076,80.237901,Household Evacuation,High,2026-09-24 20:20:00
I00357,Z04,Velachery,12.996834,80.210092,Medical Emergency,High,2026-09-24 04:48:00
I00358,Z03,Adyar,13.018539,80.281121,Shelter Request,Critical,2026-09-24 13:52:00
I00359,Z05,South-West Chennai,13.054865,80.191227,Water Rescue,High,2026-09-24 08:19:00
I00360,Z03,Adyar,13.027603,80.285283,Household Evacuation,Critical,2026-09-24 11:49:00
I00361,Z02,Central Chennai,13.064233,80.267149,Water Rescue,Low,2026-09-24 21:52:00
I00362,Z03,Adyar,13.017589,80.267053,Flooded Road,High,2026-09-24 18:19:00
I00363,Z03,Adyar,13.033394,80.291195,Shelter Request,High,2026-09-24 03:03:00
I00364,Z05,South-West Chennai,13.014139,80.166429,Flooded Road,Moderate,2026-09-24 22:57:00
I00365,Z02,Central Chennai,13.102468,80.277012,Flooded Road,High,2026-09-24 05:45:00
I00366,Z03,Adyar,12.981202,80.221178,Medical Emergency,High,2026-09-24 19:07:00
I00367,Z04,Velachery,13.006813,80.196869,Flooded Road,Critical,2026-09-24 12:14:00
I00368,Z03,Adyar,13.003399,80.2866,Shelter Request,Moderate,2026-09-24 07:12:00
I00369,Z03,Adyar,13.025041,80.256621,Shelter Request,Moderate,2026-09-24 15:13:00
I00370,Z04,Velachery,12.968625,80.251782,Household Evacuation,Low,2026-09-24 00:16:00
I00371,Z03,Adyar,12.996709,80.237386,Flooded Road,Critical,2026-09-24 11:54:00
I00372,Z04,Velachery,12.981365,80.243321,Flooded Road,High,2026-09-24 18:49:00
I00373,Z01,North Chennai,13.125357,80.250165,Medical Emergency,Critical,2026-09-24 01:28:00
I00374,Z01,North Chennai,13.150633,80.247058,Medical Emergency,Moderate,2026-09-24 03:43:00
I00375,Z05,South-West Chennai,13.002142,80.155833,Medical Emergency,High,2026-09-24 04:59:00
I00376,Z02,Central Chennai,13.078934,80.293448,Shelter Request,High,2026-09-24 15:13:00
I00377,Z01,North Chennai,13.148333,80.247971,Household Evacuation,High,2026-09-24 11:45:00
I00378,Z01,North Chennai,13.142943,80.279811,Medical Emergency,High,2026-09-24 01:17:00
I00379,Z05,South-West Chennai,13.013758,80.167584,Flooded Road,High,2026-09-24 03:03:00
I00380,Z04,Velachery,12.981858,80.241751,Shelter Request,Low,2026-09-24 16:00:00
I00381,Z04,Velachery,12.982196,80.16293,Flooded Road,Critical,2026-09-24 08:24:00
I00382,Z01,North Chennai,13.10506,80.263457,Flooded Road,Moderate,2026-09-24 03:21:00
I00383,Z02,Central Chennai,13.075167,80.295765,Flooded Road,Moderate,2026-09-24 19:35:00
I00384,Z02,Central Chennai,13.086328,80.2688,Flooded Road,Moderate,2026-09-24 15:04:00
I00385,Z05,South-West Chennai,13.037534,80.164553,Medical Emergency,High,2026-09-24 22:02:00
I00386,Z05,South-West Chennai,13.005697,80.184013,Flooded Road,Moderate,2026-09-24 20:03:00
I00387,Z04,Velachery,12.993767,80.221953,Flooded Road,Critical,2026-09-24 19:33:00
I00388,Z05,South-West Chennai,13.005609,80.200326,Shelter Request,Critical,2026-09-24 13:43:00
I00389,Z03,Adyar,12.973004,80.24835,Flooded Road,Low,2026-09-24 01:01:00
I00390,Z01,North Chennai,13.089814,80.26884,Flooded Road,Moderate,2026-09-24 21:21:00
I00391,Z03,Adyar,13.0055,80.250376,Household Evacuation,Moderate,2026-09-24 07:22:00
I00392,Z04,Velachery,12.980321,80.199447,Medical Emergency,Moderate,2026-09-24 07:34:00
I00393,Z01,North Chennai,13.087854,80.318255,Flooded Road,Critical,2026-09-24 20:12:00
I00394,Z05,South-West Chennai,12.997147,80.171697,Flooded Road,High,2026-09-24 18:40:00
I00395,Z05,South-West Chennai,13.006596,80.221307,Household Evacuation,High,2026-09-24 01:34:00
I00396,Z04,Velachery,12.990107,80.210704,Flooded Road,Critical,2026-09-24 22:23:00
I00397,Z02,Central Chennai,13.073049,80.274094,Flooded Road,High,2026-09-24 23:30:00
I00398,Z03,Adyar,13.037828,80.22725,Medical Emergency,Moderate,2026-09-24 11:04:00
I00399,Z03,Adyar,13.031577,80.289936,Flooded Road,High,2026-09-24 00:41:00
I00400,Z04,Velachery,12.990595,80.24946,Water Rescue,Moderate,2026-09-24 10:12:00
I00401,Z04,Velachery,12.963766,80.21315,Water Rescue,High,2026-09-24 15:42:00
I00402,Z03,Adyar,13.001338,80.273637,Household Evacuation,Critical,2026-09-24 12:11:00
I00403,Z04,Velachery,12.990026,80.219563,Shelter Request,High,2026-09-24 12:07:00
I00404,Z02,Central Chennai,13.085407,80.284426,Flooded Road,High,2026-09-24 15:09:00
I00405,Z01,North Chennai,13.103974,80.257743,Flooded Road,Moderate,2026-09-24 14:16:00
I00406,Z05,South-West Chennai,13.02825,80.169893,Household Evacuation,Low,2026-09-24 06:25:00
I00407,Z02,Central Chennai,13.073593,80.226075,Flooded Road,Moderate,2026-09-24 11:20:00
I00408,Z01,North Chennai,13.099136,80.296508,Shelter Request,Low,2026-09-24 06:25:00
I00409,Z03,Adyar,12.983888,80.267121,Household Evacuation,Critical,2026-09-24 02:02:00
I00410,Z01,North Chennai,13.109517,80.288069,Medical Emergency,High,2026-09-24 10:44:00
I00411,Z04,Velachery,12.949972,80.217047,Household Evacuation,Low,2026-09-24 00:11:00
I00412,Z05,South-West Chennai,13.02245,80.172964,Household Evacuation,Critical,2026-09-24 06:07:00
I00413,Z01,North Chennai,13.102824,80.271641,Household Evacuation,Moderate,2026-09-24 18:16:00
I00414,Z02,Central Chennai,13.082959,80.266784,Flooded Road,High,2026-09-24 16:57:00
I00415,Z02,Central Chennai,13.061121,80.275734,Shelter Request,Low,2026-09-24 14:08:00
I00416,Z02,Central Chennai,13.064635,80.2644,Flooded Road,High,2026-09-24 22:20:00
I00417,Z03,Adyar,13.002651,80.252284,Water Rescue,Moderate,2026-09-24 01:12:00
I00418,Z02,Central Chennai,13.077275,80.266583,Shelter Request,Critical,2026-09-24 14:44:00
I00419,Z05,South-West Chennai,13.003377,80.178666,Water Rescue,Moderate,2026-09-24 16:27:00
I00420,Z05,South-West Chennai,13.013041,80.190075,Medical Emergency,Moderate,2026-09-24 20:50:00
I00421,Z02,Central Chennai,13.091238,80.24911,Water Rescue,High,2026-09-24 12:51:00
I00422,Z03,Adyar,12.990212,80.230139,Household Evacuation,High,2026-09-24 10:48:00
I00423,Z03,Adyar,13.014509,80.269438,Shelter Request,High,2026-09-24 20:29:00
I00424,Z03,Adyar,12.993762,80.219024,Medical Emergency,Moderate,2026-09-24 10:37:00
I00425,Z01,North Chennai,13.130025,80.272631,Flooded Road,Critical,2026-09-24 22:32:00
I00426,Z03,Adyar,13.032161,80.252063,Shelter Request,High,2026-09-24 10:48:00
I00427,Z04,Velachery,12.98479,80.210762,Shelter Request,Moderate,2026-09-24 08:45:00
I00428,Z01,North Chennai,13.117382,80.277814,Household Evacuation,Moderate,2026-09-24 07:36:00
I00429,Z02,Central Chennai,13.069877,80.275666,Shelter Request,High,2026-09-24 18:43:00
I00430,Z05,South-West Chennai,13.004625,80.199391,Flooded Road,Low,2026-09-24 19:32:00
I00431,Z04,Velachery,12.971523,80.232957,Medical Emergency,Moderate,2026-09-24 11:38:00
I00432,Z05,South-West Chennai,12.990652,80.202507,Household Evacuation,High,2026-09-24 17:54:00
I00433,Z03,Adyar,12.994985,80.260657,Shelter Request,High,2026-09-24 09:40:00
I00434,Z05,South-West Chennai,13.06764,80.164603,Medical Emergency,High,2026-09-24 23:42:00
I00435,Z05,South-West Chennai,13.043853,80.188126,Flooded Road,Low,2026-09-24 22:19:00
I00436,Z04,Velachery,12.992019,80.252462,Medical Emergency,High,2026-09-24 19:13:00
I00437,Z03,Adyar,12.973786,80.256579,Household Evacuation,High,2026-09-24 19:27:00
I00438,Z04,Velachery,13.003659,80.185277,Flooded Road,Low,2026-09-24 13:03:00
I00439,Z05,South-West Chennai,13.038755,80.180043,Water Rescue,Moderate,2026-09-24 12:35:00
I00440,Z05,South-West Chennai,13.014817,80.187413,Water Rescue,Critical,2026-09-24 10:04:00
I00441,Z02,Central Chennai,13.087244,80.263688,Shelter Request,Moderate,2026-09-24 14:28:00
I00442,Z02,Central Chennai,13.064791,80.270193,Medical Emergency,Moderate,2026-09-24 17:00:00
I00443,Z01,North Chennai,13.14943,80.319526,Flooded Road,High,2026-09-24 08:32:00
I00444,Z03,Adyar,13.029254,80.277322,Flooded Road,High,2026-09-24 19:16:00
I00445,Z01,North Chennai,13.08379,80.312992,Medical Emergency,High,2026-09-24 01:20:00
I00446,Z05,South-West Chennai,12.985562,80.205485,Household Evacuation,High,2026-09-24 23:24:00
I00447,Z03,Adyar,12.994878,80.232535,Flooded Road,High,2026-09-24 05:49:00
I00448,Z03,Adyar,12.984637,80.226799,Water Rescue,High,2026-09-24 14:02:00
I00449,Z01,North Chennai,13.114687,80.267926,Flooded Road,Moderate,2026-09-24 15:32:00
I00450,Z04,Velachery,12.968346,80.247713,Household Evacuation,Moderate,2026-09-24 19:13:00
I00451,Z01,North Chennai,13.087067,80.284337,Shelter Request,Moderate,2026-09-24 05:31:00
I00452,Z05,South-West Chennai,13.022731,80.173462,Flooded Road,Moderate,2026-09-24 20:57:00
I00453,Z04,Velachery,13.016402,80.196657,Household Evacuation,Moderate,2026-09-24 02:01:00
I00454,Z03,Adyar,13.037139,80.247929,Water Rescue,Critical,2026-09-24 23:05:00
I00455,Z05,South-West Chennai,13.008676,80.178608,Household Evacuation,Low,2026-09-24 17:21:00
I00456,Z02,Central Chennai,13.09507,80.249417,Household Evacuation,Moderate,2026-09-24 23:58:00
I00457,Z02,Central Chennai,13.073652,80.282246,Household Evacuation,High,2026-09-24 21:47:00
I00458,Z01,North Chennai,13.153035,80.314382,Medical Emergency,High,2026-09-24 03:31:00
I00459,Z02,Central Chennai,13.046975,80.241884,Flooded Road,Moderate,2026-09-24 11:29:00
I00460,Z02,Central Chennai,13.098723,80.252622,Household Evacuation,High,2026-09-24 15:45:00
I00461,Z04,Velachery,12.96775,80.197075,Flooded Road,Moderate,2026-09-24 20:59:00
I00462,Z04,Velachery,12.962571,80.192491,Flooded Road,Moderate,2026-09-24 18:26:00
I00463,Z01,North Chennai,13.096079,80.292344,Water Rescue,Critical,2026-09-24 06:07:00
I00464,Z04,Velachery,12.972098,80.222983,Shelter Request,Moderate,2026-09-24 20:48:00
I00465,Z02,Central Chennai,13.090206,80.307425,Shelter Request,Critical,2026-09-24 19:59:00
I00466,Z04,Velachery,13.000718,80.187242,Shelter Request,High,2026-09-24 11:46:00
I00467,Z05,South-West Chennai,13.06637,80.188326,Flooded Road,High,2026-09-24 13:51:00
I00468,Z01,North Chennai,13.136569,80.235153,Medical Emergency,Moderate,2026-09-24 19:58:00
I00469,Z02,Central Chennai,13.106509,80.248116,Medical Emergency,Moderate,2026-09-24 01:38:00
I00470,Z01,North Chennai,13.125264,80.275503,Flooded Road,Moderate,2026-09-24 13:10:00
I00471,Z01,North Chennai,13.107693,80.30626,Water Rescue,Moderate,2026-09-24 16:55:00
I00472,Z02,Central Chennai,13.075545,80.268141,Flooded Road,Moderate,2026-09-24 14:59:00
I00473,Z03,Adyar,13.009535,80.236457,Water Rescue,Critical,2026-09-24 08:47:00
I00474,Z02,Central Chennai,13.106914,80.295933,Shelter Request,Moderate,2026-09-24 12:06:00
I00475,Z02,Central Chennai,13.050315,80.278123,Household Evacuation,Moderate,2026-09-24 13:38:00
I00476,Z01,North Chennai,13.078507,80.291929,Water Rescue,High,2026-09-24 18:47:00
I00477,Z01,North Chennai,13.125216,80.282316,Flooded Road,Moderate,2026-09-24 22:23:00
I00478,Z01,North Chennai,13.098956,80.267559,Household Evacuation,High,2026-09-24 23:34:00
I00479,Z02,Central Chennai,13.051756,80.290514,Water Rescue,High,2026-09-24 14:49:00
I00480,Z04,Velachery,12.980891,80.217938,Flooded Road,Critical,2026-09-24 01:37:00
I00481,Z05,South-West Chennai,13.011155,80.185118,Flooded Road,High,2026-09-24 00:21:00
I00482,Z01,North Chennai,13.108265,80.296215,Medical Emergency,Critical,2026-09-24 04:34:00
I00483,Z04,Velachery,12.990921,80.241903,Shelter Request,High,2026-09-24 00:30:00
I00484,Z04,Velachery,13.006933,80.184969,Water Rescue,Critical,2026-09-24 03:37:00
I00485,Z04,Velachery,13.000606,80.235837,Medical Emergency,Low,2026-09-24 21:03:00
I00486,Z02,Central Chennai,13.097234,80.280341,Flooded Road,Moderate,2026-09-24 15:37:00
I00487,Z04,Velachery,12.996903,80.184193,Household Evacuation,High,2026-09-24 17:25:00
I00488,Z01,North Chennai,13.108951,80.277005,Shelter Request,High,2026-09-24 20:21:00
I00489,Z01,North Chennai,13.1322,80.273332,Medical Emergency,Moderate,2026-09-24 02:51:00
I00490,Z03,Adyar,13.045559,80.251219,Household Evacuation,Moderate,2026-09-24 06:07:00
I00491,Z01,North Chennai,13.146797,80.325606,Medical Emergency,Moderate,2026-09-24 14:18:00
I00492,Z04,Velachery,12.976011,80.188712,Flooded Road,High,2026-09-24 14:18:00
I00493,Z02,Central Chennai,13.110555,80.271228,Shelter Request,Critical,2026-09-24 17:05:00
I00494,Z03,Adyar,12.975134,80.22754,Household Evacuation,High,2026-09-24 16:18:00
I00495,Z02,Central Chennai,13.057166,80.27793,Flooded Road,Low,2026-09-24 13:39:00
I00496,Z04,Velachery,12.999485,80.219556,Household Evacuation,High,2026-09-24 15:18:00
I00497,Z02,Central Chennai,13.093167,80.277164,Flooded Road,Moderate,2026-09-24 04:12:00
I00498,Z01,North Chennai,13.106708,80.29535,Water Rescue,Low,2026-09-24 11:47:00
I00499,Z01,North Chennai,13.080288,80.296188,Medical Emergency,Critical,2026-09-24 04:28:00
I00500,Z02,Central Chennai,13.091314,80.266298,Medical Emergency,Moderate,2026-09-24 03:22:00
I00501,Z05,South-West Chennai,12.992029,80.156639,Household Evacuation,High,2026-09-24 11:40:00
I00502,Z04,Velachery,12.994574,80.214163,Flooded Road,High,2026-09-24 05:29:00
I00503,Z05,South-West Chennai,13.050086,80.177463,Water Rescue,Moderate,2026-09-24 05:17:00
I00504,Z05,South-West Chennai,13.002538,80.205743,Flooded Road,High,2026-09-24 04:47:00
I00505,Z05,South-West Chennai,13.000005,80.154486,Medical Emergency,High,2026-09-24 16:10:00
I00506,Z01,North Chennai,13.13073,80.288379,Flooded Road,Moderate,2026-09-24 12:51:00
I00507,Z05,South-West Chennai,13.025478,80.16844,Household Evacuation,Critical,2026-09-24 13:26:00
I00508,Z02,Central Chennai,13.080361,80.265435,Household Evacuation,Critical,2026-09-24 12:13:00
I00509,Z03,Adyar,13.012557,80.270162,Flooded Road,High,2026-09-24 13:56:00
I00510,Z02,Central Chennai,13.08872,80.302177,Flooded Road,High,2026-09-24 12:39:00
I00511,Z01,North Chennai,13.124663,80.296985,Medical Emergency,High,2026-09-24 22:41:00
I00512,Z05,South-West Chennai,13.054419,80.212025,Household Evacuation,Critical,2026-09-24 00:03:00
I00513,Z05,South-West Chennai,13.023616,80.167285,Household Evacuation,High,2026-09-24 20:04:00
I00514,Z04,Velachery,12.994979,80.18986,Household Evacuation,Moderate,2026-09-24 13:35:00
I00515,Z04,Velachery,12.975526,80.194738,Shelter Request,Critical,2026-09-24 18:52:00
I00516,Z01,North Chennai,13.149497,80.303909,Household Evacuation,Moderate,2026-09-24 17:05:00
I00517,Z04,Velachery,12.965138,80.227922,Household Evacuation,High,2026-09-24 11:10:00
I00518,Z01,North Chennai,13.104246,80.319135,Household Evacuation,Critical,2026-09-24 23:55:00
I00519,Z04,Velachery,13.007677,80.193405,Household Evacuation,High,2026-09-24 06:14:00
I00520,Z05,South-West Chennai,13.044176,80.181143,Flooded Road,High,2026-09-24 20:24:00
I00521,Z03,Adyar,13.016969,80.269421,Flooded Road,High,2026-09-24 06:33:00
I00522,Z03,Adyar,12.982847,80.242921,Shelter Request,Critical,2026-09-24 08:40:00
I00523,Z05,South-West Chennai,13.012881,80.171106,Medical Emergency,Critical,2026-09-24 09:16:00
I00524,Z01,North Chennai,13.121641,80.284458,Water Rescue,Critical,2026-09-24 08:19:00
I00525,Z01,North Chennai,13.124607,80.315231,Flooded Road,Low,2026-09-24 19:31:00
I00526,Z02,Central Chennai,13.085567,80.32271,Shelter Request,Critical,2026-09-24 00:33:00
I00527,Z04,Velachery,12.975197,80.19742,Flooded Road,High,2026-09-24 13:28:00
I00528,Z04,Velachery,12.974848,80.184776,Water Rescue,Critical,2026-09-24 20:27:00
I00529,Z04,Velachery,12.983323,80.181071,Medical Emergency,High,2026-09-24 00:46:00
I00530,Z03,Adyar,13.00059,80.25992,Household Evacuation,Low,2026-09-24 12:17:00
I00531,Z03,Adyar,13.015677,80.25083,Household Evacuation,High,2026-09-24 10:17:00
I00532,Z03,Adyar,12.990756,80.286919,Flooded Road,Moderate,2026-09-24 22:17:00
I00533,Z05,South-West Chennai,13.02271,80.177018,Flooded Road,Moderate,2026-09-24 08:24:00
I00534,Z02,Central Chennai,13.11237,80.274023,Household Evacuation,High,2026-09-24 21:41:00
I00535,Z05,South-West Chennai,13.00304,80.177483,Household Evacuation,Critical,2026-09-24 05:20:00
I00536,Z03,Adyar,13.006107,80.216136,Flooded Road,Critical,2026-09-24 17:52:00
I00537,Z03,Adyar,13.008953,80.240009,Shelter Request,High,2026-09-24 11:16:00
I00538,Z02,Central Chennai,13.041589,80.296129,Medical Emergency,High,2026-09-24 07:37:00
I00539,Z01,North Chennai,13.082119,80.272659,Household Evacuation,High,2026-09-24 09:28:00
I00540,Z03,Adyar,13.002884,80.228943,Flooded Road,Critical,2026-09-24 17:08:00
I00541,Z03,Adyar,12.993657,80.275944,Household Evacuation,Low,2026-09-24 03:02:00
I00542,Z03,Adyar,13.017173,80.245597,Household Evacuation,Moderate,2026-09-24 16:37:00
I00543,Z02,Central Chennai,13.07222,80.28819,Flooded Road,Moderate,2026-09-24 20:39:00
I00544,Z01,North Chennai,13.136253,80.270033,Water Rescue,Moderate,2026-09-24 03:37:00
I00545,Z04,Velachery,12.93389,80.216355,Flooded Road,Critical,2026-09-24 04:19:00
I00546,Z01,North Chennai,13.109158,80.2829,Flooded Road,Moderate,2026-09-24 10:00:00
I00547,Z04,Velachery,12.983674,80.188465,Flooded Road,Moderate,2026-09-24 12:12:00
I00548,Z03,Adyar,12.993576,80.234225,Flooded Road,Moderate,2026-09-24 03:37:00
I00549,Z01,North Chennai,13.100255,80.272272,Shelter Request,High,2026-09-24 17:04:00
I00550,Z01,North Chennai,13.143064,80.32359,Shelter Request,Critical,2026-09-24 03:13:00
I00551,Z02,Central Chennai,13.085373,80.289891,Flooded Road,High,2026-09-24 16:34:00
I00552,Z02,Central Chennai,13.056287,80.2844,Shelter Request,High,2026-09-24 19:50:00
I00553,Z03,Adyar,13.025723,80.252408,Water Rescue,Moderate,2026-09-24 20:51:00
I00554,Z02,Central Chennai,13.040623,80.287517,Water Rescue,High,2026-09-24 11:59:00
I00555,Z02,Central Chennai,13.093143,80.288782,Flooded Road,Critical,2026-09-24 00:03:00
I00556,Z03,Adyar,13.035703,80.281618,Water Rescue,Moderate,2026-09-24 05:37:00
I00557,Z04,Velachery,12.947258,80.237289,Water Rescue,Moderate,2026-09-24 22:29:00
I00558,Z03,Adyar,13.030244,80.245209,Flooded Road,Moderate,2026-09-24 02:44:00
I00559,Z03,Adyar,12.987719,80.236291,Shelter Request,Critical,2026-09-24 18:20:00
I00560,Z02,Central Chennai,13.071253,80.257976,Water Rescue,Moderate,2026-09-24 20:46:00
I00561,Z02,Central Chennai,13.059085,80.255899,Medical Emergency,Critical,2026-09-24 01:31:00
I00562,Z01,North Chennai,13.111828,80.295886,Medical Emergency,High,2026-09-24 17:29:00
I00563,Z03,Adyar,13.000798,80.253782,Shelter Request,Moderate,2026-09-24 22:02:00
I00564,Z01,North Chennai,13.097602,80.273144,Household Evacuation,Critical,2026-09-24 06:19:00
I00565,Z04,Velachery,12.995069,80.259337,Household Evacuation,Critical,2026-09-24 08:24:00
I00566,Z03,Adyar,13.010594,80.240564,Household Evacuation,Low,2026-09-24 09:22:00
I00567,Z05,South-West Chennai,12.989443,80.171262,Water Rescue,Moderate,2026-09-24 12:32:00
I00568,Z03,Adyar,13.016741,80.247338,Flooded Road,High,2026-09-24 22:33:00
I00569,Z02,Central Chennai,13.105725,80.25195,Water Rescue,Moderate,2026-09-24 14:43:00
I00570,Z01,North Chennai,13.102275,80.252661,Medical Emergency,High,2026-09-24 11:07:00
I00571,Z01,North Chennai,13.112337,80.296386,Flooded Road,Moderate,2026-09-24 01:24:00
I00572,Z05,South-West Chennai,13.029926,80.179629,Flooded Road,Low,2026-09-24 05:11:00
I00573,Z05,South-West Chennai,12.997521,80.18242,Shelter Request,High,2026-09-24 19:02:00
I00574,Z05,South-West Chennai,13.040045,80.166278,Flooded Road,Critical,2026-09-24 09:14:00
I00575,Z05,South-West Chennai,13.013158,80.174625,Flooded Road,Moderate,2026-09-24 04:40:00
I00576,Z03,Adyar,13.045974,80.266244,Shelter Request,Moderate,2026-09-24 00:57:00
I00577,Z05,South-West Chennai,13.019545,80.174735,Flooded Road,High,2026-09-24 09:59:00
I00578,Z02,Central Chennai,13.084386,80.244069,Shelter Request,Critical,2026-09-24 04:53:00
I00579,Z02,Central Chennai,13.093342,80.282006,Flooded Road,High,2026-09-24 20:30:00
I00580,Z04,Velachery,12.973668,80.192978,Shelter Request,Critical,2026-09-24 06:17:00
I00581,Z02,Central Chennai,13.087771,80.230272,Shelter Request,High,2026-09-24 00:18:00
I00582,Z01,North Chennai,13.135667,80.299795,Shelter Request,High,2026-09-24 04:58:00
I00583,Z04,Velachery,12.96056,80.249595,Flooded Road,Moderate,2026-09-24 17:43:00
I00584,Z03,Adyar,13.008712,80.269399,Household Evacuation,Critical,2026-09-24 13:47:00
I00585,Z01,North Chennai,13.096473,80.297757,Medical Emergency,High,2026-09-24 12:24:00
I00586,Z03,Adyar,12.990645,80.249769,Flooded Road,High,2026-09-24 11:17:00
I00587,Z04,Velachery,12.993925,80.215411,Flooded Road,High,2026-09-24 18:26:00
I00588,Z05,South-West Chennai,13.017184,80.185575,Household Evacuation,High,2026-09-24 07:05:00
I00589,Z05,South-West Chennai,13.021887,80.183292,Medical Emergency,High,2026-09-24 05:21:00
I00590,Z01,North Chennai,13.106407,80.308254,Medical Emergency,Moderate,2026-09-24 21:57:00
I00591,Z02,Central Chennai,13.065365,80.267313,Household Evacuation,Moderate,2026-09-24 12:18:00
I00592,Z02,Central Chennai,13.094926,80.249667,Medical Emergency,Low,2026-09-24 21:26:00
I00593,Z04,Velachery,12.99063,80.175225,Shelter Request,Moderate,2026-09-24 19:19:00
I00594,Z04,Velachery,12.991993,80.186254,Household Evacuation,Critical,2026-09-24 08:19:00
I00595,Z03,Adyar,13.029613,80.23754,Shelter Request,Moderate,2026-09-24 09:17:00
I00596,Z02,Central Chennai,13.061773,80.261652,Flooded Road,High,2026-09-24 22:52:00
I00597,Z05,South-West Chennai,13.030997,80.186712,Flooded Road,Critical,2026-09-24 00:13:00
I00598,Z01,North Chennai,13.13109,80.301065,Water Rescue,High,2026-09-24 23:14:00
I00599,Z01,North Chennai,13.132212,80.286399,Flooded Road,High,2026-09-24 00:06:00
I00600,Z03,Adyar,13.03318,80.246139,Flooded Road,Moderate,2026-09-24 15:19:00
I00601,Z04,Velachery,13.004704,80.184889,Shelter Request,Moderate,2026-09-24 08:40:00
I00602,Z04,Velachery,12.99034,80.248777,Flooded Road,Moderate,2026-09-24 15:25:00
I00603,Z02,Central Chennai,13.07848,80.234739,Household Evacuation,Moderate,2026-09-24 13:39:00
I00604,Z02,Central Chennai,13.077457,80.256589,Flooded Road,High,2026-09-24 06:43:00
I00605,Z05,South-West Chennai,12.982348,80.174599,Household Evacuation,High,2026-09-24 18:48:00
I00606,Z02,Central Chennai,13.059117,80.28346,Flooded Road,Moderate,2026-09-24 02:52:00
I00607,Z05,South-West Chennai,13.007961,80.190447,Medical Emergency,Critical,2026-09-24 19:08:00
I00608,Z03,Adyar,12.984939,80.262551,Medical Emergency,Moderate,2026-09-24 22:20:00
I00609,Z02,Central Chennai,13.075357,80.285971,Water Rescue,High,2026-09-24 22:27:00
I00610,Z04,Velachery,12.99854,80.187544,Water Rescue,Critical,2026-09-24 18:22:00
I00611,Z04,Velachery,12.971228,80.200561,Shelter Request,Moderate,2026-09-24 13:07:00
I00612,Z04,Velachery,13.003986,80.214817,Flooded Road,Critical,2026-09-24 19:14:00
I00613,Z02,Central Chennai,13.072484,80.298865,Flooded Road,Moderate,2026-09-24 07:29:00
I00614,Z05,South-West Chennai,13.02886,80.1759,Household Evacuation,Moderate,2026-09-24 17:33:00
I00615,Z02,Central Chennai,13.022961,80.283877,Shelter Request,High,2026-09-24 13:57:00
I00616,Z05,South-West Chennai,13.016091,80.157287,Household Evacuation,Critical,2026-09-24 15:30:00
I00617,Z05,South-West Chennai,13.041407,80.151023,Flooded Road,Moderate,2026-09-24 05:21:00
I00618,Z03,Adyar,13.033383,80.24896,Medical Emergency,Critical,2026-09-24 11:58:00
I00619,Z04,Velachery,13.015799,80.206497,Flooded Road,High,2026-09-24 19:28:00
I00620,Z02,Central Chennai,13.086358,80.270777,Medical Emergency,Critical,2026-09-24 22:41:00
I00621,Z03,Adyar,13.028113,80.22831,Medical Emergency,Critical,2026-09-24 04:22:00
I00622,Z03,Adyar,12.9967,80.25146,Flooded Road,Moderate,2026-09-24 02:33:00
I00623,Z01,North Chennai,13.13599,80.245605,Household Evacuation,Critical,2026-09-24 10:43:00
I00624,Z03,Adyar,12.982604,80.257879,Shelter Request,Moderate,2026-09-24 02:16:00
I00625,Z03,Adyar,12.981708,80.227485,Household Evacuation,Critical,2026-09-24 13:15:00
I00626,Z03,Adyar,12.997419,80.253929,Household Evacuation,Moderate,2026-09-24 04:05:00
I00627,Z02,Central Chennai,13.056337,80.294649,Household Evacuation,Moderate,2026-09-24 13:34:00
I00628,Z03,Adyar,13.013133,80.266682,Water Rescue,Low,2026-09-24 20:16:00
I00629,Z01,North Chennai,13.104945,80.287565,Medical Emergency,High,2026-09-24 16:47:00
I00630,Z02,Central Chennai,13.082804,80.259954,Household Evacuation,Moderate,2026-09-24 06:14:00
I00631,Z02,Central Chennai,13.077699,80.263768,Medical Emergency,Low,2026-09-24 10:19:00
I00632,Z03,Adyar,13.017273,80.243241,Shelter Request,High,2026-09-24 23:29:00
I00633,Z01,North Chennai,13.125004,80.283141,Medical Emergency,Moderate,2026-09-24 06:41:00
I00634,Z05,South-West Chennai,13.015585,80.198602,Household Evacuation,High,2026-09-24 20:24:00
I00635,Z01,North Chennai,13.137504,80.274096,Medical Emergency,High,2026-09-24 14:26:00
I00636,Z02,Central Chennai,13.101685,80.278385,Household Evacuation,Moderate,2026-09-24 07:13:00
I00637,Z01,North Chennai,13.120139,80.274261,Water Rescue,Low,2026-09-24 21:59:00
I00638,Z05,South-West Chennai,13.042418,80.16438,Household Evacuation,High,2026-09-24 17:25:00
I00639,Z01,North Chennai,13.101272,80.290812,Household Evacuation,Moderate,2026-09-24 21:28:00
I00640,Z02,Central Chennai,13.078062,80.267432,Flooded Road,High,2026-09-24 04:31:00
I00641,Z01,North Chennai,13.121831,80.273266,Household Evacuation,Moderate,2026-09-24 12:29:00
I00642,Z05,South-West Chennai,13.014148,80.187216,Water Rescue,Moderate,2026-09-24 13:44:00
I00643,Z04,Velachery,12.977934,80.209121,Flooded Road,High,2026-09-24 05:15:00
I00644,Z02,Central Chennai,13.093094,80.256581,Shelter Request,High,2026-09-24 09:13:00
I00645,Z04,Velachery,12.948413,80.270988,Household Evacuation,Low,2026-09-24 19:32:00
I00646,Z02,Central Chennai,13.055645,80.259078,Shelter Request,Moderate,2026-09-24 06:44:00
I00647,Z03,Adyar,12.973999,80.230957,Medical Emergency,High,2026-09-24 11:04:00
I00648,Z04,Velachery,12.95566,80.233895,Household Evacuation,Low,2026-09-24 07:22:00
I00649,Z04,Velachery,12.975889,80.202934,Household Evacuation,Critical,2026-09-24 15:53:00
I00650,Z04,Velachery,12.991769,80.200863,Flooded Road,Moderate,2026-09-24 19:15:00
I00651,Z02,Central Chennai,13.078713,80.300687,Medical Emergency,Moderate,2026-09-24 00:07:00
I00652,Z05,South-West Chennai,13.004666,80.192709,Flooded Road,High,2026-09-24 21:14:00
I00653,Z05,South-West Chennai,13.022236,80.17024,Medical Emergency,Critical,2026-09-24 23:44:00
I00654,Z05,South-West Chennai,12.992833,80.152692,Medical Emergency,Moderate,2026-09-24 23:49:00
I00655,Z03,Adyar,12.984915,80.239902,Shelter Request,High,2026-09-24 10:15:00
I00656,Z03,Adyar,13.028315,80.247464,Household Evacuation,High,2026-09-24 11:58:00
I00657,Z02,Central Chennai,13.066923,80.289773,Water Rescue,Critical,2026-09-24 15:57:00
I00658,Z03,Adyar,13.01933,80.240679,Household Evacuation,Moderate,2026-09-24 18:29:00
I00659,Z02,Central Chennai,13.090813,80.259982,Water Rescue,Moderate,2026-09-24 09:52:00
I00660,Z04,Velachery,12.946927,80.219454,Water Rescue,High,2026-09-24 19:09:00
I00661,Z02,Central Chennai,13.093131,80.298979,Medical Emergency,High,2026-09-24 09:14:00
I00662,Z05,South-West Chennai,13.041586,80.20171,Shelter Request,Moderate,2026-09-24 05:11:00
I00663,Z02,Central Chennai,13.07701,80.278707,Flooded Road,Low,2026-09-24 08:08:00
I00664,Z04,Velachery,12.949557,80.236208,Shelter Request,Low,2026-09-24 14:15:00
I00665,Z04,Velachery,12.971827,80.212259,Flooded Road,Moderate,2026-09-24 13:15:00
I00666,Z05,South-West Chennai,13.012858,80.171647,Medical Emergency,Low,2026-09-24 23:11:00
I00667,Z03,Adyar,13.015942,80.295069,Household Evacuation,High,2026-09-24 04:11:00
I00668,Z03,Adyar,13.024149,80.251332,Flooded Road,High,2026-09-24 09:22:00
I00669,Z02,Central Chennai,13.06071,80.254032,Flooded Road,Moderate,2026-09-24 03:32:00
I00670,Z04,Velachery,12.976629,80.255254,Medical Emergency,High,2026-09-24 00:17:00
I00671,Z05,South-West Chennai,13.016278,80.183416,Household Evacuation,Low,2026-09-24 09:08:00
I00672,Z02,Central Chennai,13.04695,80.244915,Water Rescue,Critical,2026-09-24 13:04:00
I00673,Z04,Velachery,12.990836,80.212189,Household Evacuation,High,2026-09-24 09:13:00
I00674,Z02,Central Chennai,13.084642,80.303725,Household Evacuation,Low,2026-09-24 14:17:00
I00675,Z02,Central Chennai,13.038429,80.277029,Medical Emergency,High,2026-09-24 09:36:00
I00676,Z01,North Chennai,13.093401,80.279104,Flooded Road,Moderate,2026-09-24 02:22:00
I00677,Z04,Velachery,12.974443,80.248597,Household Evacuation,High,2026-09-24 22:46:00
I00678,Z04,Velachery,12.969627,80.223716,Medical Emergency,Low,2026-09-24 20:30:00
I00679,Z02,Central Chennai,13.089219,80.266008,Medical Emergency,Critical,2026-09-24 19:32:00
I00680,Z04,Velachery,12.961024,80.234114,Medical Emergency,Critical,2026-09-24 01:01:00
I00681,Z03,Adyar,12.994686,80.258441,Shelter Request,Moderate,2026-09-24 12:23:00
I00682,Z03,Adyar,13.030995,80.257961,Flooded Road,Critical,2026-09-24 12:18:00
I00683,Z01,North Chennai,13.123573,80.279918,Water Rescue,Moderate,2026-09-24 16:09:00
I00684,Z02,Central Chennai,13.073795,80.241797,Water Rescue,High,2026-09-24 14:53:00
I00685,Z04,Velachery,12.955717,80.242929,Medical Emergency,High,2026-09-24 19:34:00
I00686,Z02,Central Chennai,13.051493,80.280811,Flooded Road,Moderate,2026-09-24 14:40:00
I00687,Z02,Central Chennai,13.080725,80.261983,Flooded Road,High,2026-09-24 01:01:00
I00688,Z01,North Chennai,13.085681,80.273542,Flooded Road,Moderate,2026-09-24 21:05:00
I00689,Z04,Velachery,12.97449,80.197842,Household Evacuation,Critical,2026-09-24 13:29:00
I00690,Z05,South-West Chennai,13.026675,80.179577,Flooded Road,Critical,2026-09-24 18:27:00
I00691,Z03,Adyar,13.04539,80.259521,Shelter Request,Critical,2026-09-24 10:28:00
I00692,Z01,North Chennai,13.09926,80.304477,Flooded Road,Low,2026-09-24 04:03:00
I00693,Z01,North Chennai,13.112498,80.289712,Water Rescue,High,2026-09-24 01:29:00
I00694,Z02,Central Chennai,13.079044,80.28569,Medical Emergency,High,2026-09-24 20:19:00
I00695,Z04,Velachery,12.979641,80.219076,Household Evacuation,Moderate,2026-09-24 23:56:00
I00696,Z04,Velachery,12.94148,80.238534,Household Evacuation,Critical,2026-09-24 00:43:00
I00697,Z03,Adyar,12.992405,80.244921,Flooded Road,Low,2026-09-24 18:31:00
I00698,Z01,North Chennai,13.133325,80.276036,Flooded Road,High,2026-09-24 01:22:00
I00699,Z01,North Chennai,13.105129,80.270975,Medical Emergency,Moderate,2026-09-24 05:08:00
I00700,Z03,Adyar,13.003122,80.279811,Flooded Road,Critical,2026-09-24 00:24:00
I00701,Z04,Velachery,12.963062,80.239186,Shelter Request,High,2026-09-24 00:36:00
I00702,Z01,North Chennai,13.105056,80.290789,Flooded Road,High,2026-09-24 19:58:00
I00703,Z01,North Chennai,13.115462,80.292816,Medical Emergency,Moderate,2026-09-24 09:47:00
I00704,Z01,North Chennai,13.108376,80.300255,Flooded Road,High,2026-09-24 05:59:00
I00705,Z04,Velachery,12.952026,80.20107,Household Evacuation,Moderate,2026-09-24 20:24:00
I00706,Z01,North Chennai,13.148263,80.289093,Household Evacuation,Moderate,2026-09-24 04:34:00
I00707,Z01,North Chennai,13.097845,80.283304,Household Evacuation,High,2026-09-24 11:04:00
I00708,Z01,North Chennai,13.140394,80.2843,Shelter Request,High,2026-09-24 04:43:00
I00709,Z02,Central Chennai,13.079108,80.266972,Shelter Request,Moderate,2026-09-24 15:34:00
I00710,Z03,Adyar,13.01314,80.288642,Water Rescue,High,2026-09-24 04:13:00
I00711,Z01,North Chennai,13.131998,80.27885,Household Evacuation,Moderate,2026-09-24 19:15:00
I00712,Z01,North Chennai,13.082402,80.311859,Flooded Road,Critical,2026-09-24 09:16:00
I00713,Z03,Adyar,13.045655,80.267216,Shelter Request,Moderate,2026-09-24 01:37:00
I00714,Z02,Central Chennai,13.08497,80.250509,Shelter Request,Moderate,2026-09-24 08:29:00
I00715,Z02,Central Chennai,13.085442,80.257944,Water Rescue,High,2026-09-24 04:22:00
I00716,Z05,South-West Chennai,13.069316,80.189471,Household Evacuation,High,2026-09-24 16:37:00
I00717,Z04,Velachery,12.968377,80.21331,Medical Emergency,Critical,2026-09-24 05:24:00
I00718,Z03,Adyar,13.012017,80.246556,Medical Emergency,High,2026-09-24 00:37:00
I00719,Z01,North Chennai,13.102071,80.291491,Medical Emergency,Moderate,2026-09-24 13:08:00
I00720,Z01,North Chennai,13.14958,80.272432,Shelter Request,Moderate,2026-09-24 11:13:00
I00721,Z01,North Chennai,13.095523,80.308828,Shelter Request,High,2026-09-24 09:47:00
I00722,Z04,Velachery,12.990198,80.192864,Water Rescue,High,2026-09-24 17:25:00
I00723,Z04,Velachery,12.991241,80.239708,Flooded Road,High,2026-09-24 10:40:00
I00724,Z02,Central Chennai,13.082436,80.273098,Flooded Road,Moderate,2026-09-24 05:18:00
I00725,Z04,Velachery,12.975207,80.218968,Medical Emergency,Moderate,2026-09-24 18:52:00
I00726,Z03,Adyar,12.996497,80.240344,Flooded Road,Low,2026-09-24 05:40:00
I00727,Z02,Central Chennai,13.087753,80.221788,Medical Emergency,High,2026-09-24 09:39:00
I00728,Z01,North Chennai,13.119945,80.269995,Medical Emergency,Low,2026-09-24 14:31:00
I00729,Z05,South-West Chennai,13.023909,80.143947,Flooded Road,Critical,2026-09-24 18:25:00
I00730,Z02,Central Chennai,13.049153,80.242395,Shelter Request,Moderate,2026-09-24 19:19:00
I00731,Z04,Velachery,12.961409,80.239668,Water Rescue,Critical,2026-09-24 11:57:00
I00732,Z05,South-West Chennai,13.023996,80.150578,Water Rescue,High,2026-09-24 00:37:00
I00733,Z02,Central Chennai,13.077578,80.295193,Household Evacuation,Low,2026-09-24 00:58:00
I00734,Z03,Adyar,13.028579,80.24104,Shelter Request,Critical,2026-09-24 02:08:00
I00735,Z02,Central Chennai,13.083804,80.259986,Household Evacuation,High,2026-09-24 08:55:00
I00736,Z01,North Chennai,13.108768,80.283003,Shelter Request,Low,2026-09-24 05:56:00
I00737,Z05,South-West Chennai,13.025447,80.168101,Medical Emergency,High,2026-09-24 20:57:00
I00738,Z05,South-West Chennai,13.012808,80.175852,Shelter Request,Critical,2026-09-24 15:44:00
I00739,Z05,South-West Chennai,13.048805,80.225381,Medical Emergency,Moderate,2026-09-24 09:24:00
I00740,Z04,Velachery,12.959981,80.187626,Flooded Road,Critical,2026-09-24 08:13:00
I00741,Z03,Adyar,12.997076,80.230309,Medical Emergency,High,2026-09-24 15:37:00
I00742,Z03,Adyar,13.019919,80.257145,Shelter Request,High,2026-09-24 18:29:00
I00743,Z03,Adyar,13.01913,80.269685,Flooded Road,High,2026-09-24 01:46:00
I00744,Z03,Adyar,13.02475,80.231068,Household Evacuation,Moderate,2026-09-24 10:20:00
I00745,Z01,North Chennai,13.140475,80.28566,Medical Emergency,Moderate,2026-09-24 05:17:00
I00746,Z05,South-West Chennai,13.002894,80.202601,Water Rescue,Low,2026-09-24 14:09:00
I00747,Z04,Velachery,13.032912,80.216825,Water Rescue,Moderate,2026-09-24 14:01:00
I00748,Z02,Central Chennai,13.088853,80.26405,Flooded Road,Moderate,2026-09-24 06:25:00
I00749,Z01,North Chennai,13.070591,80.292072,Shelter Request,Critical,2026-09-24 20:30:00
I00750,Z02,Central Chennai,13.10728,80.263613,Flooded Road,Critical,2026-09-24 20:01:00
I00751,Z02,Central Chennai,13.085685,80.235944,Medical Emergency,High,2026-09-24 02:27:00
I00752,Z02,Central Chennai,13.081917,80.251553,Flooded Road,High,2026-09-24 04:13:00
I00753,Z05,South-West Chennai,13.041188,80.206376,Medical Emergency,Moderate,2026-09-24 07:44:00
I00754,Z02,Central Chennai,13.074931,80.294108,Shelter Request,Low,2026-09-24 17:33:00
I00755,Z03,Adyar,13.02293,80.247535,Flooded Road,High,2026-09-24 03:38:00
I00756,Z04,Velachery,13.002783,80.210479,Flooded Road,High,2026-09-24 07:17:00
I00757,Z01,North Chennai,13.083919,80.274486,Household Evacuation,Moderate,2026-09-24 19:08:00
I00758,Z02,Central Chennai,13.07714,80.297592,Shelter Request,Moderate,2026-09-24 07:01:00
I00759,Z05,South-West Chennai,13.008649,80.223484,Flooded Road,Critical,2026-09-24 12:14:00
I00760,Z02,Central Chennai,13.118809,80.247012,Flooded Road,High,2026-09-24 05:29:00
I00761,Z04,Velachery,13.022722,80.19958,Medical Emergency,Moderate,2026-09-24 02:07:00
I00762,Z05,South-West Chennai,13.043541,80.159068,Household Evacuation,High,2026-09-24 18:39:00
I00763,Z05,South-West Chennai,12.998047,80.178049,Medical Emergency,High,2026-09-24 22:49:00
I00764,Z04,Velachery,12.99955,80.207668,Medical Emergency,Critical,2026-09-24 12:14:00
I00765,Z05,South-West Chennai,13.019665,80.175849,Household Evacuation,High,2026-09-24 01:29:00
I00766,Z03,Adyar,13.049798,80.256296,Household Evacuation,High,2026-09-24 17:37:00
I00767,Z03,Adyar,12.985032,80.251849,Shelter Request,Critical,2026-09-24 07:47:00
I00768,Z02,Central Chennai,13.090053,80.298025,Household Evacuation,High,2026-09-24 08:23:00
I00769,Z04,Velachery,13.037992,80.209019,Household Evacuation,Moderate,2026-09-24 20:38:00
I00770,Z01,North Chennai,13.107883,80.264491,Medical Emergency,Low,2026-09-24 20:53:00
I00771,Z02,Central Chennai,13.089525,80.295273,Flooded Road,Low,2026-09-24 17:12:00
I00772,Z02,Central Chennai,13.079034,80.300579,Water Rescue,Low,2026-09-24 16:12:00
I00773,Z02,Central Chennai,13.072306,80.27896,Water Rescue,Critical,2026-09-24 18:35:00
I00774,Z05,South-West Chennai,13.020059,80.185624,Flooded Road,High,2026-09-24 04:05:00
I00775,Z04,Velachery,12.988003,80.200258,Flooded Road,Low,2026-09-24 19:46:00
I00776,Z01,North Chennai,13.152416,80.31417,Flooded Road,High,2026-09-24 06:24:00
I00777,Z02,Central Chennai,13.080353,80.237497,Household Evacuation,Moderate,2026-09-24 23:54:00
I00778,Z04,Velachery,12.949519,80.193623,Household Evacuation,Moderate,2026-09-24 01:36:00
I00779,Z04,Velachery,13.006277,80.192412,Household Evacuation,Critical,2026-09-24 16:40:00
I00780,Z01,North Chennai,13.117875,80.27832,Household Evacuation,Moderate,2026-09-24 08:24:00
I00781,Z02,Central Chennai,13.082909,80.295071,Household Evacuation,High,2026-09-24 04:56:00
I00782,Z01,North Chennai,13.118499,80.269987,Water Rescue,High,2026-09-24 22:54:00
I00783,Z03,Adyar,12.982995,80.260535,Medical Emergency,High,2026-09-24 18:33:00
I00784,Z03,Adyar,12.992971,80.264761,Flooded Road,High,2026-09-24 15:08:00
I00785,Z03,Adyar,12.993351,80.256848,Flooded Road,High,2026-09-24 15:50:00
I00786,Z02,Central Chennai,13.103687,80.27649,Flooded Road,Low,2026-09-24 08:26:00
I00787,Z04,Velachery,13.001242,80.217844,Household Evacuation,High,2026-09-24 04:22:00
I00788,Z04,Velachery,12.936948,80.224813,Medical Emergency,Critical,2026-09-24 18:38:00
I00789,Z01,North Chennai,13.091666,80.237075,Shelter Request,High,2026-09-24 18:49:00
I00790,Z04,Velachery,12.949503,80.212882,Shelter Request,Moderate,2026-09-24 23:25:00
I00791,Z04,Velachery,12.973676,80.225526,Household Evacuation,High,2026-09-24 00:23:00
I00792,Z05,South-West Chennai,13.002561,80.19293,Flooded Road,Critical,2026-09-24 15:12:00
I00793,Z05,South-West Chennai,13.008943,80.194276,Medical Emergency,Low,2026-09-24 14:48:00
I00794,Z02,Central Chennai,13.086243,80.292119,Flooded Road,High,2026-09-24 10:33:00
I00795,Z03,Adyar,12.998292,80.262226,Flooded Road,Critical,2026-09-24 13:45:00
I00796,Z01,North Chennai,13.129153,80.274374,Shelter Request,Moderate,2026-09-24 19:39:00
I00797,Z03,Adyar,13.024305,80.243991,Flooded Road,Moderate,2026-09-24 21:38:00
I00798,Z05,South-West Chennai,13.031662,80.177653,Flooded Road,Low,2026-09-24 06:59:00
I00799,Z05,South-West Chennai,13.02342,80.176803,Flooded Road,Low,2026-09-24 14:15:00
I00800,Z04,Velachery,13.006296,80.230581,Household Evacuation,Moderate,2026-09-24 07:17:00
I00801,Z04,Velachery,12.957596,80.21253,Household Evacuation,High,2026-09-24 17:34:00
I00802,Z05,South-West Chennai,12.999531,80.191617,Water Rescue,Moderate,2026-09-24 18:32:00
I00803,Z02,Central Chennai,13.060049,80.251752,Household Evacuation,Moderate,2026-09-24 00:22:00
I00804,Z02,Central Chennai,13.086641,80.299894,Shelter Request,High,2026-09-24 15:29:00
I00805,Z05,South-West Chennai,13.034041,80.180564,Household Evacuation,High,2026-09-24 22:18:00
I00806,Z04,Velachery,12.983797,80.200592,Household Evacuation,Moderate,2026-09-24 05:20:00
I00807,Z03,Adyar,13.019278,80.24767,Water Rescue,High,2026-09-24 14:24:00
I00808,Z02,Central Chennai,13.070081,80.305106,Water Rescue,Critical,2026-09-24 01:31:00
I00809,Z02,Central Chennai,13.09125,80.276011,Water Rescue,High,2026-09-24 14:57:00
I00810,Z05,South-West Chennai,12.989125,80.176065,Household Evacuation,Low,2026-09-24 18:30:00
I00811,Z05,South-West Chennai,13.010674,80.149929,Flooded Road,Moderate,2026-09-24 05:05:00
I00812,Z02,Central Chennai,13.083872,80.241189,Household Evacuation,Moderate,2026-09-24 07:42:00
I00813,Z02,Central Chennai,13.115064,80.266416,Medical Emergency,Critical,2026-09-24 16:32:00
I00814,Z02,Central Chennai,13.087776,80.241397,Medical Emergency,Moderate,2026-09-24 13:19:00
I00815,Z05,South-West Chennai,13.022962,80.167335,Shelter Request,Low,2026-09-24 12:22:00
I00816,Z02,Central Chennai,13.034813,80.288737,Medical Emergency,Critical,2026-09-24 06:50:00
I00817,Z05,South-West Chennai,12.990079,80.158314,Shelter Request,High,2026-09-24 06:11:00
I00818,Z04,Velachery,12.974272,80.195596,Household Evacuation,High,2026-09-24 00:46:00
I00819,Z02,Central Chennai,13.069798,80.297945,Shelter Request,High,2026-09-24 14:43:00
I00820,Z04,Velachery,12.983439,80.207995,Water Rescue,Critical,2026-09-24 19:40:00
I00821,Z02,Central Chennai,13.05756,80.290027,Flooded Road,High,2026-09-24 05:39:00
I00822,Z04,Velachery,12.976264,80.257117,Household Evacuation,Low,2026-09-24 07:47:00
I00823,Z01,North Chennai,13.116681,80.278692,Flooded Road,Moderate,2026-09-24 22:41:00
I00824,Z05,South-West Chennai,12.989602,80.161937,Shelter Request,High,2026-09-24 23:44:00
I00825,Z02,Central Chennai,13.062268,80.258078,Flooded Road,High,2026-09-24 10:12:00
I00826,Z03,Adyar,12.996705,80.271865,Water Rescue,High,2026-09-24 00:25:00
I00827,Z05,South-West Chennai,12.979966,80.169731,Water Rescue,Low,2026-09-24 06:44:00
I00828,Z04,Velachery,12.975135,80.183593,Household Evacuation,Critical,2026-09-24 04:24:00
I00829,Z03,Adyar,13.000059,80.251762,Household Evacuation,Moderate,2026-09-24 01:21:00
I00830,Z05,South-West Chennai,13.03766,80.214008,Household Evacuation,High,2026-09-24 10:10:00
I00831,Z02,Central Chennai,13.065732,80.276885,Flooded Road,Moderate,2026-09-24 09:10:00
I00832,Z03,Adyar,13.03689,80.247129,Water Rescue,Moderate,2026-09-24 08:36:00
I00833,Z03,Adyar,12.997575,80.222906,Flooded Road,Critical,2026-09-24 19:40:00
I00834,Z05,South-West Chennai,13.022991,80.192876,Household Evacuation,Moderate,2026-09-24 23:05:00
I00835,Z04,Velachery,13.021551,80.21229,Household Evacuation,Moderate,2026-09-24 04:15:00
I00836,Z03,Adyar,13.027199,80.228362,Water Rescue,Moderate,2026-09-24 14:20:00
I00837,Z02,Central Chennai,13.074456,80.263329,Household Evacuation,High,2026-09-24 21:07:00
I00838,Z03,Adyar,13.000709,80.270435,Flooded Road,Moderate,2026-09-24 16:19:00
I00839,Z01,North Chennai,13.099578,80.266668,Flooded Road,Moderate,2026-09-24 00:18:00
I00840,Z02,Central Chennai,13.106859,80.251153,Household Evacuation,High,2026-09-24 08:30:00
I00841,Z05,South-West Chennai,13.024055,80.172847,Medical Emergency,Moderate,2026-09-24 04:22:00
I00842,Z03,Adyar,13.031158,80.252055,Water Rescue,Low,2026-09-24 04:02:00
I00843,Z04,Velachery,12.936942,80.238442,Flooded Road,Critical,2026-09-24 15:29:00
I00844,Z01,North Chennai,13.124445,80.273037,Medical Emergency,Critical,2026-09-24 23:46:00
I00845,Z01,North Chennai,13.142718,80.303452,Medical Emergency,Critical,2026-09-24 19:44:00
I00846,Z03,Adyar,13.009202,80.243929,Household Evacuation,Critical,2026-09-24 08:04:00
I00847,Z05,South-West Chennai,13.028182,80.180379,Shelter Request,Moderate,2026-09-24 22:39:00
I00848,Z03,Adyar,13.002374,80.249,Water Rescue,Critical,2026-09-24 17:30:00
I00849,Z05,South-West Chennai,13.009804,80.187957,Flooded Road,Critical,2026-09-24 15:04:00
I00850,Z05,South-West Chennai,13.005049,80.157176,Household Evacuation,High,2026-09-24 09:19:00
I00851,Z05,South-West Chennai,12.99312,80.147516,Flooded Road,High,2026-09-24 17:19:00
I00852,Z05,South-West Chennai,13.015156,80.168503,Water Rescue,Moderate,2026-09-24 09:47:00
I00853,Z02,Central Chennai,13.073034,80.266973,Medical Emergency,Low,2026-09-24 18:49:00
I00854,Z02,Central Chennai,13.081926,80.256217,Water Rescue,High,2026-09-24 22:31:00
I00855,Z03,Adyar,13.005831,80.224306,Shelter Request,Critical,2026-09-24 19:08:00
I00856,Z05,South-West Chennai,13.0178,80.186849,Shelter Request,Low,2026-09-24 09:12:00
I00857,Z04,Velachery,12.95105,80.270056,Water Rescue,Low,2026-09-24 22:47:00
I00858,Z03,Adyar,12.987932,80.269583,Flooded Road,Critical,2026-09-24 00:22:00
I00859,Z04,Velachery,12.962733,80.190829,Medical Emergency,Low,2026-09-24 17:52:00
I00860,Z02,Central Chennai,13.063166,80.247375,Water Rescue,Moderate,2026-09-24 22:37:00
I00861,Z01,North Chennai,13.082993,80.257805,Medical Emergency,High,2026-09-24 23:45:00
I00862,Z04,Velachery,12.996668,80.186011,Flooded Road,High,2026-09-24 10:58:00
I00863,Z02,Central Chennai,13.069535,80.264924,Flooded Road,Low,2026-09-24 21:09:00
I00864,Z05,South-West Chennai,13.003849,80.198308,Water Rescue,Moderate,2026-09-24 10:53:00
I00865,Z01,North Chennai,13.130783,80.279219,Shelter Request,Moderate,2026-09-24 22:02:00
I00866,Z01,North Chennai,13.13047,80.272195,Water Rescue,Moderate,2026-09-24 20:45:00
I00867,Z04,Velachery,12.962713,80.17728,Water Rescue,Critical,2026-09-24 09:14:00
I00868,Z05,South-West Chennai,13.032604,80.170061,Medical Emergency,Low,2026-09-24 01:37:00
I00869,Z01,North Chennai,13.076785,80.254265,Household Evacuation,Moderate,2026-09-24 02:36:00
I00870,Z04,Velachery,12.94689,80.249309,Medical Emergency,Moderate,2026-09-24 05:19:00
I00871,Z04,Velachery,12.979711,80.20185,Household Evacuation,Critical,2026-09-24 17:30:00
I00872,Z01,North Chennai,13.107632,80.30924,Medical Emergency,High,2026-09-24 17:59:00
I00873,Z03,Adyar,13.011776,80.24646,Medical Emergency,High,2026-09-24 17:21:00
I00874,Z03,Adyar,13.006327,80.247104,Medical Emergency,Low,2026-09-24 09:16:00
I00875,Z02,Central Chennai,13.074607,80.307398,Shelter Request,Critical,2026-09-24 15:03:00
I00876,Z03,Adyar,13.071178,80.248176,Flooded Road,Low,2026-09-24 14:28:00
I00877,Z05,South-West Chennai,13.02164,80.184439,Household Evacuation,High,2026-09-24 05:04:00
I00878,Z05,South-West Chennai,13.03407,80.176438,Flooded Road,Low,2026-09-24 01:02:00
I00879,Z05,South-West Chennai,13.012377,80.194298,Household Evacuation,High,2026-09-24 01:44:00
I00880,Z02,Central Chennai,13.063983,80.291272,Flooded Road,Moderate,2026-09-24 06:07:00
I00881,Z02,Central Chennai,13.08641,80.263324,Flooded Road,Low,2026-09-24 05:50:00
I00882,Z01,North Chennai,13.118857,80.261256,Medical Emergency,Moderate,2026-09-24 20:58:00
I00883,Z02,Central Chennai,13.073543,80.263481,Flooded Road,Moderate,2026-09-24 01:56:00
I00884,Z01,North Chennai,13.117928,80.316837,Household Evacuation,Low,2026-09-24 04:40:00
I00885,Z01,North Chennai,13.107591,80.32053,Household Evacuation,Moderate,2026-09-24 20:49:00
I00886,Z03,Adyar,13.006868,80.25336,Medical Emergency,Moderate,2026-09-24 03:00:00
I00887,Z05,South-West Chennai,13.041072,80.165057,Household Evacuation,Moderate,2026-09-24 00:33:00
I00888,Z03,Adyar,12.987164,80.263551,Water Rescue,Moderate,2026-09-24 01:25:00
I00889,Z05,South-West Chennai,13.025015,80.188306,Medical Emergency,High,2026-09-24 14:42:00
I00890,Z05,South-West Chennai,13.059571,80.225134,Medical Emergency,Moderate,2026-09-24 11:44:00
I00891,Z01,North Chennai,13.093911,80.302549,Flooded Road,Critical,2026-09-24 15:57:00
I00892,Z01,North Chennai,13.11391,80.298183,Shelter Request,High,2026-09-24 01:30:00
I00893,Z03,Adyar,12.999688,80.255154,Household Evacuation,Moderate,2026-09-24 17:21:00
I00894,Z05,South-West Chennai,12.997911,80.194519,Shelter Request,High,2026-09-24 19:30:00
I00895,Z02,Central Chennai,13.080158,80.292002,Water Rescue,High,2026-09-24 18:22:00
I00896,Z05,South-West Chennai,13.012637,80.182522,Flooded Road,Critical,2026-09-24 05:43:00
I00897,Z04,Velachery,12.992234,80.220262,Medical Emergency,Moderate,2026-09-24 05:08:00
I00898,Z01,North Chennai,13.087894,80.287976,Household Evacuation,High,2026-09-24 22:39:00
I00899,Z02,Central Chennai,13.051952,80.246739,Household Evacuation,Moderate,2026-09-24 02:42:00
I00900,Z02,Central Chennai,13.046201,80.27196,Medical Emergency,Moderate,2026-09-24 02:26:00
I00901,Z02,Central Chennai,13.041564,80.252401,Flooded Road,High,2026-09-24 17:25:00
I00902,Z01,North Chennai,13.094796,80.278842,Flooded Road,Moderate,2026-09-24 23:49:00
I00903,Z02,Central Chennai,13.106677,80.26693,Household Evacuation,High,2026-09-24 15:23:00
I00904,Z05,South-West Chennai,13.039544,80.197684,Household Evacuation,Moderate,2026-09-24 23:55:00
I00905,Z03,Adyar,12.966101,80.255828,Flooded Road,High,2026-09-24 04:04:00
I00906,Z05,South-West Chennai,13.046312,80.157552,Household Evacuation,Moderate,2026-09-24 18:13:00
I00907,Z02,Central Chennai,13.096002,80.2527,Medical Emergency,Moderate,2026-09-24 03:14:00
I00908,Z04,Velachery,12.947657,80.223003,Household Evacuation,High,2026-09-24 23:39:00
I00909,Z02,Central Chennai,13.023514,80.279189,Medical Emergency,Moderate,2026-09-24 20:37:00
I00910,Z04,Velachery,12.984965,80.242439,Medical Emergency,High,2026-09-24 18:27:00
I00911,Z03,Adyar,12.987685,80.241351,Shelter Request,High,2026-09-24 12:50:00
I00912,Z02,Central Chennai,13.097831,80.298311,Flooded Road,High,2026-09-24 20:32:00
I00913,Z02,Central Chennai,13.10373,80.271403,Medical Emergency,High,2026-09-24 12:57:00
I00914,Z04,Velachery,13.009773,80.198295,Flooded Road,Moderate,2026-09-24 07:18:00
I00915,Z04,Velachery,12.966531,80.201381,Water Rescue,Moderate,2026-09-24 13:55:00
I00916,Z04,Velachery,12.966565,80.212117,Flooded Road,Critical,2026-09-24 09:47:00
I00917,Z04,Velachery,12.974811,80.227973,Household Evacuation,Low,2026-09-24 15:34:00
I00918,Z05,South-West Chennai,13.012454,80.146923,Household Evacuation,Low,2026-09-24 13:43:00
I00919,Z02,Central Chennai,13.078248,80.261682,Medical Emergency,High,2026-09-24 02:24:00
I00920,Z05,South-West Chennai,12.996189,80.155403,Medical Emergency,High,2026-09-24 00:51:00
I00921,Z01,North Chennai,13.108442,80.297366,Household Evacuation,Low,2026-09-24 00:37:00
I00922,Z02,Central Chennai,13.088549,80.274944,Shelter Request,High,2026-09-24 13:03:00
I00923,Z05,South-West Chennai,13.013026,80.182865,Flooded Road,Critical,2026-09-24 03:29:00
I00924,Z02,Central Chennai,13.084043,80.245526,Flooded Road,Moderate,2026-09-24 17:03:00
I00925,Z04,Velachery,13.016668,80.215603,Shelter Request,Low,2026-09-24 20:44:00
I00926,Z02,Central Chennai,13.101662,80.255625,Household Evacuation,Low,2026-09-24 14:31:00
I00927,Z05,South-West Chennai,12.98323,80.174171,Household Evacuation,Low,2026-09-24 07:21:00
I00928,Z04,Velachery,12.938656,80.212564,Medical Emergency,Moderate,2026-09-24 17:40:00
I00929,Z05,South-West Chennai,13.043803,80.160377,Flooded Road,Low,2026-09-24 06:29:00
I00930,Z05,South-West Chennai,13.027374,80.174906,Household Evacuation,High,2026-09-24 06:24:00
I00931,Z05,South-West Chennai,13.043051,80.176748,Medical Emergency,Moderate,2026-09-24 07:02:00
I00932,Z03,Adyar,12.951292,80.242804,Flooded Road,High,2026-09-24 01:52:00
I00933,Z01,North Chennai,13.12011,80.260387,Medical Emergency,Critical,2026-09-24 21:15:00
I00934,Z01,North Chennai,13.095121,80.288669,Water Rescue,Moderate,2026-09-24 16:12:00
I00935,Z02,Central Chennai,13.085902,80.248408,Medical Emergency,Moderate,2026-09-24 02:59:00
I00936,Z05,South-West Chennai,13.006971,80.19234,Household Evacuation,Critical,2026-09-24 00:53:00
I00937,Z05,South-West Chennai,13.024722,80.167701,Household Evacuation,Moderate,2026-09-24 22:14:00
I00938,Z05,South-West Chennai,13.042894,80.179117,Medical Emergency,Moderate,2026-09-24 21:08:00
I00939,Z05,South-West Chennai,12.995774,80.143337,Household Evacuation,Moderate,2026-09-24 02:06:00
I00940,Z05,South-West Chennai,13.022981,80.158063,Medical Emergency,High,2026-09-24 14:11:00
I00941,Z02,Central Chennai,13.079983,80.303738,Shelter Request,Moderate,2026-09-24 07:46:00
I00942,Z02,Central Chennai,13.069912,80.227275,Household Evacuation,Moderate,2026-09-24 08:47:00
I00943,Z02,Central Chennai,13.108899,80.251298,Water Rescue,High,2026-09-24 19:36:00
I00944,Z04,Velachery,12.997067,80.213026,Shelter Request,Low,2026-09-24 06:35:00
I00945,Z01,North Chennai,13.14337,80.278801,Medical Emergency,Moderate,2026-09-24 22:27:00
I00946,Z02,Central Chennai,13.087037,80.280075,Flooded Road,High,2026-09-24 07:30:00
I00947,Z02,Central Chennai,13.09259,80.258251,Shelter Request,High,2026-09-24 22:55:00
I00948,Z02,Central Chennai,13.086475,80.254859,Flooded Road,Critical,2026-09-24 14:34:00
I00949,Z05,South-West Chennai,13.030871,80.161746,Flooded Road,High,2026-09-24 01:41:00
I00950,Z02,Central Chennai,13.096445,80.277859,Household Evacuation,Critical,2026-09-24 00:29:00
I00951,Z04,Velachery,12.990604,80.218928,Flooded Road,Moderate,2026-09-24 19:40:00
I00952,Z05,South-West Chennai,12.982422,80.171258,Household Evacuation,Moderate,2026-09-24 22:37:00
I00953,Z03,Adyar,13.021278,80.240632,Shelter Request,Moderate,2026-09-24 08:14:00
I00954,Z02,Central Chennai,13.072782,80.26933,Medical Emergency,High,2026-09-24 19:57:00
I00955,Z02,Central Chennai,13.108521,80.262182,Flooded Road,Moderate,2026-09-24 21:11:00
I00956,Z03,Adyar,12.991162,80.254156,Flooded Road,Moderate,2026-09-24 05:53:00
I00957,Z03,Adyar,12.99832,80.233156,Medical Emergency,Moderate,2026-09-24 10:31:00
I00958,Z01,North Chennai,13.135619,80.269331,Shelter Request,Low,2026-09-24 20:28:00
I00959,Z04,Velachery,12.95907,80.246133,Household Evacuation,Moderate,2026-09-24 08:12:00
I00960,Z05,South-West Chennai,13.017669,80.191575,Medical Emergency,Moderate,2026-09-24 09:28:00
I00961,Z05,South-West Chennai,13.032975,80.189809,Flooded Road,High,2026-09-24 04:02:00
I00962,Z02,Central Chennai,13.071394,80.256664,Water Rescue,Moderate,2026-09-24 03:09:00
I00963,Z03,Adyar,12.992502,80.257786,Shelter Request,High,2026-09-24 01:28:00
I00964,Z04,Velachery,12.966474,80.221058,Household Evacuation,High,2026-09-24 10:38:00
I00965,Z05,South-West Chennai,13.003427,80.162105,Flooded Road,Moderate,2026-09-24 01:40:00
I00966,Z04,Velachery,12.981536,80.208856,Household Evacuation,Moderate,2026-09-24 16:58:00
I00967,Z05,South-West Chennai,13.018495,80.184033,Shelter Request,High,2026-09-24 19:26:00
I00968,Z03,Adyar,12.997306,80.261523,Flooded Road,Low,2026-09-24 07:08:00
I00969,Z03,Adyar,12.980913,80.267301,Shelter Request,Critical,2026-09-24 04:56:00
I00970,Z02,Central Chennai,13.031925,80.277367,Flooded Road,Critical,2026-09-24 20:55:00
I00971,Z01,North Chennai,13.125199,80.307149,Household Evacuation,Moderate,2026-09-24 08:45:00
I00972,Z02,Central Chennai,13.086153,80.240393,Shelter Request,High,2026-09-24 22:17:00
I00973,Z04,Velachery,12.998547,80.23375,Water Rescue,Low,2026-09-24 12:33:00
I00974,Z05,South-West Chennai,13.006529,80.17523,Shelter Request,Critical,2026-09-24 19:25:00
I00975,Z02,Central Chennai,13.078549,80.262779,Medical Emergency,Low,2026-09-24 02:42:00
I00976,Z03,Adyar,12.997272,80.251968,Flooded Road,Critical,2026-09-24 15:35:00
I00977,Z01,North Chennai,13.14201,80.284511,Shelter Request,Low,2026-09-24 14:11:00
I00978,Z04,Velachery,12.971658,80.204583,Shelter Request,Critical,2026-09-24 23:43:00
I00979,Z01,North Chennai,13.106345,80.286107,Flooded Road,Low,2026-09-24 00:24:00
I00980,Z03,Adyar,13.005601,80.252881,Household Evacuation,Low,2026-09-24 00:04:00
I00981,Z05,South-West Chennai,13.006462,80.146492,Flooded Road,Critical,2026-09-24 14:48:00
I00982,Z03,Adyar,13.041339,80.248202,Medical Emergency,Critical,2026-09-24 08:44:00
I00983,Z04,Velachery,12.970916,80.24989,Shelter Request,High,2026-09-24 08:05:00
I00984,Z04,Velachery,12.993618,80.206971,Medical Emergency,Critical,2026-09-24 08:41:00
I00985,Z03,Adyar,13.010346,80.271567,Medical Emergency,Moderate,2026-09-24 11:34:00
I00986,Z05,South-West Chennai,13.024287,80.19659,Household Evacuation,High,2026-09-24 18:14:00
I00987,Z05,South-West Chennai,13.023083,80.22151,Shelter Request,High,2026-09-24 17:01:00
I00988,Z03,Adyar,12.991263,80.265208,Shelter Request,Low,2026-09-24 11:46:00
I00989,Z02,Central Chennai,13.049353,80.245494,Flooded Road,Moderate,2026-09-24 03:38:00
I00990,Z02,Central Chennai,13.106105,80.275298,Shelter Request,Critical,2026-09-24 04:24:00
I00991,Z02,Central Chennai,13.066303,80.297011,Medical Emergency,Low,2026-09-24 02:05:00
I00992,Z05,South-West Chennai,13.016454,80.159196,Flooded Road,High,2026-09-24 22:09:00
I00993,Z02,Central Chennai,13.060429,80.250067,Flooded Road,Critical,2026-09-24 05:08:00
I00994,Z01,North Chennai,13.09245,80.26246,Flooded Road,Moderate,2026-09-24 03:22:00
I00995,Z05,South-West Chennai,13.018794,80.145447,Water Rescue,Moderate,2026-09-24 08:12:00
I00996,Z04,Velachery,12.968866,80.230651,Shelter Request,Critical,2026-09-24 22:43:00
I00997,Z05,South-West Chennai,13.018771,80.172546,Flooded Road,High,2026-09-24 22:10:00
I00998,Z01,North Chennai,13.105999,80.255239,Flooded Road,High,2026-09-24 17:46:00
I00999,Z05,South-West Chennai,13.001257,80.188842,Flooded Road,High,2026-09-24 02:26:00
I01000,Z03,Adyar,13.024418,80.297624,Flooded Road,High,2026-09-24 00:05:00
I01001,Z03,Adyar,13.009256,80.259312,Medical Emergency,Moderate,2026-09-24 00:46:00
I01002,Z02,Central Chennai,13.079553,80.301433,Water Rescue,Low,2026-09-24 16:31:00
I01003,Z01,North Chennai,13.072891,80.28408,Water Rescue,Moderate,2026-09-24 12:21:00
I01004,Z02,Central Chennai,13.098377,80.254145,Household Evacuation,Moderate,2026-09-24 02:23:00
I01005,Z04,Velachery,12.976307,80.197778,Flooded Road,Critical,2026-09-24 06:56:00
I01006,Z02,Central Chennai,13.076064,80.273608,Flooded Road,Moderate,2026-09-24 11:32:00
I01007,Z03,Adyar,13.027558,80.251767,Water Rescue,High,2026-09-24 06:49:00
I01008,Z04,Velachery,12.952976,80.241007,Water Rescue,High,2026-09-24 21:23:00
I01009,Z05,South-West Chennai,13.027862,80.18271,Flooded Road,Critical,2026-09-24 11:24:00
I01010,Z03,Adyar,13.027759,80.256766,Shelter Request,Critical,2026-09-24 01:39:00
I01011,Z04,Velachery,12.984083,80.216027,Water Rescue,Low,2026-09-24 02:34:00
I01012,Z04,Velachery,12.961113,80.233951,Household Evacuation,Critical,2026-09-24 10:29:00
I01013,Z03,Adyar,13.036976,80.252256,Household Evacuation,Moderate,2026-09-24 11:59:00
I01014,Z01,North Chennai,13.096454,80.27988,Household Evacuation,Moderate,2026-09-24 02:29:00
I01015,Z01,North Chennai,13.095904,80.288321,Medical Emergency,Critical,2026-09-24 23:03:00
I01016,Z01,North Chennai,13.096885,80.232088,Flooded Road,High,2026-09-24 01:34:00
I01017,Z02,Central Chennai,13.083093,80.270155,Water Rescue,Critical,2026-09-24 15:24:00
I01018,Z04,Velachery,12.990329,80.24659,Water Rescue,Moderate,2026-09-24 05:26:00
I01019,Z04,Velachery,12.978813,80.207878,Water Rescue,Critical,2026-09-24 03:45:00
I01020,Z01,North Chennai,13.113431,80.262149,Flooded Road,High,2026-09-24 14:44:00
I01021,Z03,Adyar,13.030879,80.250547,Household Evacuation,Low,2026-09-24 23:00:00
I01022,Z01,North Chennai,13.083852,80.272922,Shelter Request,Critical,2026-09-24 15:16:00
I01023,Z04,Velachery,12.974995,80.208491,Medical Emergency,High,2026-09-24 15:05:00
I01024,Z02,Central Chennai,13.081388,80.260686,Water Rescue,High,2026-09-24 20:40:00
I01025,Z01,North Chennai,13.144037,80.268355,Medical Emergency,Moderate,2026-09-24 11:51:00
I01026,Z03,Adyar,13.01785,80.22874,Flooded Road,Critical,2026-09-24 21:26:00
I01027,Z03,Adyar,13.001389,80.223691,Water Rescue,Moderate,2026-09-24 19:37:00
I01028,Z03,Adyar,12.949934,80.250057,Shelter Request,High,2026-09-24 17:15:00
I01029,Z05,South-West Chennai,13.003054,80.161702,Flooded Road,Moderate,2026-09-24 22:28:00
I01030,Z03,Adyar,12.985192,80.242555,Shelter Request,Moderate,2026-09-24 05:29:00
I01031,Z03,Adyar,12.996326,80.290655,Flooded Road,High,2026-09-24 22:29:00
I01032,Z03,Adyar,13.019111,80.23449,Flooded Road,Moderate,2026-09-24 04:41:00
I01033,Z01,North Chennai,13.104234,80.317179,Water Rescue,High,2026-09-24 02:48:00
I01034,Z05,South-West Chennai,13.018091,80.17948,Shelter Request,Moderate,2026-09-24 11:25:00
I01035,Z01,North Chennai,13.113857,80.266772,Flooded Road,High,2026-09-24 11:01:00
I01036,Z02,Central Chennai,13.033313,80.29332,Household Evacuation,High,2026-09-24 22:14:00
I01037,Z04,Velachery,12.959183,80.200126,Household Evacuation,Moderate,2026-09-24 03:53:00
I01038,Z05,South-West Chennai,13.041287,80.161991,Household Evacuation,High,2026-09-24 22:18:00
I01039,Z05,South-West Chennai,13.019266,80.164002,Water Rescue,High,2026-09-24 04:07:00
I01040,Z03,Adyar,13.011215,80.239567,Household Evacuation,High,2026-09-24 21:01:00
I01041,Z04,Velachery,12.986918,80.203654,Water Rescue,Critical,2026-09-24 03:06:00
I01042,Z03,Adyar,13.053942,80.241574,Shelter Request,Low,2026-09-24 12:42:00
I01043,Z04,Velachery,12.990497,80.209266,Shelter Request,High,2026-09-24 10:31:00
I01044,Z04,Velachery,12.972428,80.233982,Household Evacuation,Moderate,2026-09-24 05:19:00
I01045,Z03,Adyar,13.028128,80.247523,Flooded Road,High,2026-09-24 06:29:00
I01046,Z02,Central Chennai,13.026978,80.278526,Shelter Request,High,2026-09-24 20:15:00
I01047,Z02,Central Chennai,13.057714,80.234324,Medical Emergency,High,2026-09-24 16:09:00
I01048,Z02,Central Chennai,13.0881,80.25681,Shelter Request,High,2026-09-24 05:37:00
I01049,Z02,Central Chennai,13.070273,80.266478,Shelter Request,High,2026-09-24 13:03:00
I01050,Z04,Velachery,12.97048,80.203619,Flooded Road,Moderate,2026-09-24 15:26:00
I01051,Z01,North Chennai,13.145599,80.330657,Medical Emergency,Moderate,2026-09-24 13:56:00
I01052,Z03,Adyar,12.998816,80.262327,Household Evacuation,High,2026-09-24 17:08:00
I01053,Z01,North Chennai,13.116003,80.273184,Household Evacuation,High,2026-09-24 04:34:00
I01054,Z02,Central Chennai,13.083595,80.24431,Shelter Request,High,2026-09-24 14:22:00
I01055,Z02,Central Chennai,13.081211,80.30068,Shelter Request,High,2026-09-24 23:03:00
I01056,Z02,Central Chennai,13.102184,80.255317,Flooded Road,Critical,2026-09-24 23:57:00
I01057,Z03,Adyar,13.017509,80.274975,Household Evacuation,High,2026-09-24 15:01:00
I01058,Z04,Velachery,12.981575,80.191564,Household Evacuation,Moderate,2026-09-24 03:17:00
I01059,Z03,Adyar,13.008617,80.240435,Flooded Road,Critical,2026-09-24 18:06:00
I01060,Z03,Adyar,13.031738,80.226509,Household Evacuation,High,2026-09-24 05:23:00
I01061,Z03,Adyar,13.019532,80.254261,Water Rescue,High,2026-09-24 01:27:00
I01062,Z02,Central Chennai,13.062271,80.25488,Water Rescue,Low,2026-09-24 19:17:00
I01063,Z02,Central Chennai,13.075159,80.274889,Medical Emergency,High,2026-09-24 11:06:00
I01064,Z04,Velachery,12.986391,80.24326,Flooded Road,High,2026-09-24 12:37:00
I01065,Z02,Central Chennai,13.053701,80.293165,Water Rescue,High,2026-09-24 09:35:00
I01066,Z01,North Chennai,13.132669,80.291858,Medical Emergency,Low,2026-09-24 06:52:00
I01067,Z03,Adyar,13.018451,80.248114,Water Rescue,Moderate,2026-09-24 18:35:00
I01068,Z05,South-West Chennai,13.022745,80.195791,Medical Emergency,High,2026-09-24 11:18:00
I01069,Z01,North Chennai,13.099268,80.276392,Household Evacuation,Critical,2026-09-24 12:02:00
I01070,Z02,Central Chennai,13.107717,80.257281,Medical Emergency,Moderate,2026-09-24 13:32:00
I01071,Z03,Adyar,12.973842,80.252016,Household Evacuation,High,2026-09-24 09:06:00
I01072,Z04,Velachery,13.010097,80.209515,Shelter Request,Low,2026-09-24 16:42:00
I01073,Z02,Central Chennai,13.068518,80.294694,Flooded Road,Moderate,2026-09-24 23:12:00
I01074,Z05,South-West Chennai,13.02738,80.145952,Water Rescue,High,2026-09-24 06:06:00
I01075,Z02,Central Chennai,13.101835,80.27471,Flooded Road,High,2026-09-24 14:12:00
I01076,Z01,North Chennai,13.096694,80.307077,Household Evacuation,Low,2026-09-24 09:58:00
I01077,Z05,South-West Chennai,12.978263,80.169305,Household Evacuation,High,2026-09-24 04:50:00
I01078,Z05,South-West Chennai,13.028939,80.155604,Shelter Request,Critical,2026-09-24 03:33:00
I01079,Z04,Velachery,12.990039,80.208504,Shelter Request,High,2026-09-24 14:02:00
I01080,Z01,North Chennai,13.126653,80.27673,Medical Emergency,Moderate,2026-09-24 10:59:00
I01081,Z01,North Chennai,13.123107,80.263377,Flooded Road,High,2026-09-24 21:42:00
I01082,Z05,South-West Chennai,12.999776,80.159305,Household Evacuation,Moderate,2026-09-24 19:46:00
I01083,Z02,Central Chennai,13.073661,80.251157,Flooded Road,Moderate,2026-09-24 18:54:00
I01084,Z03,Adyar,13.021923,80.258581,Shelter Request,Low,2026-09-24 10:54:00
I01085,Z02,Central Chennai,13.090205,80.236931,Household Evacuation,High,2026-09-24 10:43:00
I01086,Z04,Velachery,12.978138,80.197675,Medical Emergency,High,2026-09-24 00:24:00
I01087,Z04,Velachery,13.002092,80.213219,Shelter Request,High,2026-09-24 17:01:00
I01088,Z05,South-West Chennai,13.066362,80.186571,Household Evacuation,High,2026-09-24 21:36:00
I01089,Z04,Velachery,12.970526,80.210216,Household Evacuation,Moderate,2026-09-24 08:31:00
I01090,Z05,South-West Chennai,13.017993,80.186463,Flooded Road,High,2026-09-24 11:58:00
I01091,Z02,Central Chennai,13.080041,80.326098,Shelter Request,High,2026-09-24 05:07:00
I01092,Z03,Adyar,13.036008,80.240003,Flooded Road,High,2026-09-24 06:37:00
I01093,Z01,North Chennai,13.125564,80.293604,Medical Emergency,Low,2026-09-24 09:00:00
I01094,Z03,Adyar,13.017207,80.240267,Household Evacuation,Critical,2026-09-24 05:38:00
I01095,Z05,South-West Chennai,13.023217,80.17878,Medical Emergency,Critical,2026-09-24 10:59:00
I01096,Z02,Central Chennai,13.101278,80.274307,Household Evacuation,High,2026-09-24 22:46:00
I01097,Z05,South-West Chennai,13.039345,80.212172,Household Evacuation,Moderate,2026-09-24 11:48:00
I01098,Z01,North Chennai,13.09409,80.276423,Medical Emergency,Low,2026-09-24 16:43:00
I01099,Z03,Adyar,13.037241,80.235188,Medical Emergency,Moderate,2026-09-24 14:12:00
I01100,Z01,North Chennai,13.122466,80.279349,Medical Emergency,Critical,2026-09-24 01:24:00
I01101,Z05,South-West Chennai,13.040769,80.189728,Water Rescue,Moderate,2026-09-24 19:32:00
I01102,Z01,North Chennai,13.109268,80.300358,Medical Emergency,High,2026-09-24 01:22:00
I01103,Z03,Adyar,13.027497,80.247012,Shelter Request,Critical,2026-09-24 01:58:00
I01104,Z02,Central Chennai,13.089141,80.260126,Household Evacuation,High,2026-09-24 06:05:00
I01105,Z01,North Chennai,13.126906,80.290255,Flooded Road,High,2026-09-24 10:14:00
I01106,Z05,South-West Chennai,13.024198,80.154922,Shelter Request,High,2026-09-24 01:06:00
I01107,Z03,Adyar,13.031489,80.234764,Household Evacuation,High,2026-09-24 14:17:00
I01108,Z01,North Chennai,13.148247,80.295543,Flooded Road,High,2026-09-24 13:27:00
I01109,Z02,Central Chennai,13.037723,80.261058,Household Evacuation,High,2026-09-24 22:46:00
I01110,Z03,Adyar,13.021262,80.284827,Flooded Road,Moderate,2026-09-24 22:43:00
I01111,Z02,Central Chennai,13.082391,80.283589,Flooded Road,High,2026-09-24 13:28:00
I01112,Z05,South-West Chennai,13.014909,80.195407,Household Evacuation,Low,2026-09-24 12:47:00
I01113,Z05,South-West Chennai,13.035056,80.156948,Household Evacuation,Moderate,2026-09-24 17:11:00
I01114,Z04,Velachery,12.972013,80.255843,Flooded Road,High,2026-09-24 09:06:00
I01115,Z04,Velachery,12.955109,80.190976,Shelter Request,Moderate,2026-09-24 14:24:00
I01116,Z01,North Chennai,13.112387,80.280688,Shelter Request,High,2026-09-24 19:54:00
I01117,Z03,Adyar,12.999024,80.249485,Flooded Road,High,2026-09-24 08:40:00
I01118,Z01,North Chennai,13.110347,80.286961,Water Rescue,Low,2026-09-24 10:02:00
I01119,Z01,North Chennai,13.153967,80.244945,Water Rescue,High,2026-09-24 13:49:00
I01120,Z02,Central Chennai,13.079111,80.293964,Water Rescue,Moderate,2026-09-24 06:42:00
I01121,Z02,Central Chennai,13.086157,80.229379,Shelter Request,Moderate,2026-09-24 10:25:00
I01122,Z05,South-West Chennai,13.024372,80.170324,Medical Emergency,Moderate,2026-09-24 23:40:00
I01123,Z05,South-West Chennai,12.99213,80.199295,Shelter Request,Moderate,2026-09-24 06:44:00
I01124,Z03,Adyar,13.021948,80.27178,Shelter Request,Critical,2026-09-24 15:26:00
I01125,Z01,North Chennai,13.138835,80.274636,Household Evacuation,Critical,2026-09-24 23:02:00
I01126,Z02,Central Chennai,13.080488,80.270331,Flooded Road,Moderate,2026-09-24 13:02:00
I01127,Z05,South-West Chennai,13.043221,80.179821,Medical Emergency,High,2026-09-24 23:36:00
I01128,Z05,South-West Chennai,13.031361,80.176211,Medical Emergency,Moderate,2026-09-24 01:47:00
I01129,Z01,North Chennai,13.133962,80.303497,Water Rescue,Critical,2026-09-24 02:51:00
I01130,Z05,South-West Chennai,12.997338,80.14858,Flooded Road,Critical,2026-09-24 04:17:00
I01131,Z05,South-West Chennai,13.021565,80.177374,Shelter Request,Moderate,2026-09-24 11:09:00
I01132,Z05,South-West Chennai,13.017328,80.183096,Medical Emergency,High,2026-09-24 02:42:00
I01133,Z04,Velachery,12.982325,80.171653,Medical Emergency,Moderate,2026-09-24 06:55:00
I01134,Z03,Adyar,12.990787,80.25341,Flooded Road,Moderate,2026-09-24 04:00:00
I01135,Z01,North Chennai,13.094213,80.301792,Flooded Road,Low,2026-09-24 04:20:00
I01136,Z01,North Chennai,13.129169,80.273177,Medical Emergency,High,2026-09-24 15:04:00
I01137,Z05,South-West Chennai,13.005881,80.220406,Household Evacuation,High,2026-09-24 12:30:00
I01138,Z05,South-West Chennai,13.033815,80.18968,Flooded Road,High,2026-09-24 23:05:00
I01139,Z04,Velachery,12.982061,80.21741,Medical Emergency,High,2026-09-24 00:59:00
I01140,Z04,Velachery,12.973181,80.184152,Household Evacuation,Moderate,2026-09-24 10:53:00
I01141,Z04,Velachery,12.986589,80.202726,Water Rescue,High,2026-09-24 18:43:00
I01142,Z02,Central Chennai,13.087967,80.27138,Flooded Road,Moderate,2026-09-24 02:48:00
I01143,Z05,South-West Chennai,13.00595,80.20565,Household Evacuation,High,2026-09-24 13:42:00
I01144,Z03,Adyar,13.02558,80.25829,Flooded Road,Moderate,2026-09-24 13:23:00
I01145,Z01,North Chennai,13.129924,80.30112,Household Evacuation,High,2026-09-24 02:00:00
I01146,Z01,North Chennai,13.07509,80.273469,Household Evacuation,High,2026-09-24 13:15:00
I01147,Z03,Adyar,13.005291,80.223608,Household Evacuation,Moderate,2026-09-24 05:23:00
I01148,Z02,Central Chennai,13.08511,80.326391,Household Evacuation,High,2026-09-24 20:04:00
I01149,Z02,Central Chennai,13.082005,80.267232,Water Rescue,Low,2026-09-24 02:40:00
I01150,Z03,Adyar,13.049956,80.233366,Flooded Road,Moderate,2026-09-24 04:54:00
I01151,Z02,Central Chennai,13.063349,80.25691,Flooded Road,High,2026-09-24 11:23:00
I01152,Z01,North Chennai,13.129727,80.238738,Water Rescue,Moderate,2026-09-24 08:43:00
I01153,Z05,South-West Chennai,13.001856,80.166381,Flooded Road,Low,2026-09-24 15:00:00
I01154,Z05,South-West Chennai,12.993396,80.15388,Shelter Request,Low,2026-09-24 19:52:00
I01155,Z01,North Chennai,13.128183,80.263368,Medical Emergency,High,2026-09-24 02:31:00
I01156,Z02,Central Chennai,13.078803,80.273069,Flooded Road,Critical,2026-09-24 20:50:00
I01157,Z03,Adyar,13.00694,80.294543,Medical Emergency,High,2026-09-24 09:33:00
I01158,Z05,South-West Chennai,13.028977,80.17682,Flooded Road,Moderate,2026-09-24 01:59:00
I01159,Z05,South-West Chennai,13.008755,80.210052,Water Rescue,Critical,2026-09-24 11:17:00
I01160,Z03,Adyar,13.002012,80.265212,Household Evacuation,Low,2026-09-24 02:29:00
I01161,Z01,North Chennai,13.089424,80.285595,Water Rescue,Moderate,2026-09-24 06:43:00
I01162,Z01,North Chennai,13.11532,80.285175,Household Evacuation,High,2026-09-24 14:38:00
I01163,Z01,North Chennai,13.084037,80.28952,Flooded Road,Low,2026-09-24 05:34:00
I01164,Z01,North Chennai,13.076859,80.286441,Shelter Request,Moderate,2026-09-24 01:49:00
I01165,Z05,South-West Chennai,13.019136,80.1442,Flooded Road,High,2026-09-24 01:58:00
I01166,Z04,Velachery,12.982081,80.177486,Flooded Road,Critical,2026-09-24 13:20:00
I01167,Z04,Velachery,12.991939,80.254591,Shelter Request,High,2026-09-24 05:19:00
I01168,Z03,Adyar,13.006648,80.243831,Household Evacuation,Moderate,2026-09-24 18:37:00
I01169,Z02,Central Chennai,13.072738,80.298846,Household Evacuation,High,2026-09-24 11:10:00
I01170,Z04,Velachery,12.951773,80.226345,Shelter Request,High,2026-09-24 16:42:00
I01171,Z04,Velachery,13.010784,80.186898,Flooded Road,Moderate,2026-09-24 21:08:00
I01172,Z01,North Chennai,13.132921,80.299883,Water Rescue,High,2026-09-24 00:08:00
I01173,Z04,Velachery,13.002852,80.209148,Household Evacuation,High,2026-09-24 01:44:00
I01174,Z01,North Chennai,13.116515,80.288662,Shelter Request,High,2026-09-24 16:32:00
I01175,Z02,Central Chennai,13.091482,80.303589,Medical Emergency,High,2026-09-24 01:14:00
I01176,Z02,Central Chennai,13.094946,80.306464,Flooded Road,Moderate,2026-09-24 07:57:00
I01177,Z02,Central Chennai,13.084854,80.298399,Shelter Request,Low,2026-09-24 01:21:00
I01178,Z04,Velachery,13.001821,80.236029,Shelter Request,Moderate,2026-09-24 00:46:00
I01179,Z02,Central Chennai,13.059009,80.243102,Household Evacuation,Low,2026-09-24 04:56:00
I01180,Z05,South-West Chennai,12.99943,80.150666,Household Evacuation,Critical,2026-09-24 18:55:00
I01181,Z05,South-West Chennai,13.026472,80.163724,Flooded Road,High,2026-09-24 22:54:00
I01182,Z04,Velachery,12.983754,80.176326,Household Evacuation,Low,2026-09-24 19:39:00
I01183,Z03,Adyar,13.013035,80.235658,Shelter Request,Low,2026-09-24 21:56:00
I01184,Z05,South-West Chennai,13.046058,80.2282,Shelter Request,High,2026-09-24 02:59:00
I01185,Z04,Velachery,12.992726,80.264804,Medical Emergency,Moderate,2026-09-24 09:45:00
I01186,Z01,North Chennai,13.119381,80.274089,Flooded Road,Moderate,2026-09-24 06:26:00
I01187,Z01,North Chennai,13.093397,80.313103,Medical Emergency,Moderate,2026-09-24 13:25:00
I01188,Z05,South-West Chennai,13.017703,80.18258,Flooded Road,High,2026-09-24 16:15:00
I01189,Z02,Central Chennai,13.034095,80.29791,Flooded Road,Low,2026-09-24 10:55:00
I01190,Z05,South-West Chennai,13.024724,80.175081,Shelter Request,High,2026-09-24 13:21:00
I01191,Z01,North Chennai,13.081743,80.272433,Shelter Request,Critical,2026-09-24 11:54:00
I01192,Z02,Central Chennai,13.095482,80.245315,Flooded Road,High,2026-09-24 13:01:00
I01193,Z05,South-West Chennai,13.005693,80.195028,Medical Emergency,High,2026-09-24 12:47:00
I01194,Z02,Central Chennai,13.036957,80.264534,Household Evacuation,High,2026-09-24 03:00:00
I01195,Z02,Central Chennai,13.061154,80.259542,Flooded Road,Critical,2026-09-24 10:38:00
I01196,Z02,Central Chennai,13.045686,80.286202,Household Evacuation,High,2026-09-24 19:54:00
I01197,Z01,North Chennai,13.110592,80.290018,Shelter Request,High,2026-09-24 02:13:00
I01198,Z03,Adyar,13.027196,80.276441,Shelter Request,Low,2026-09-24 23:52:00
I01199,Z03,Adyar,13.031722,80.290689,Flooded Road,High,2026-09-24 21:16:00
I01200,Z05,South-West Chennai,12.997449,80.185678,Water Rescue,High,2026-09-24 21:37:00
I01201,Z01,North Chennai,13.124526,80.292085,Household Evacuation,High,2026-09-24 03:09:00
I01202,Z04,Velachery,12.974821,80.212088,Shelter Request,Moderate,2026-09-24 21:25:00
I01203,Z02,Central Chennai,13.067498,80.273259,Household Evacuation,Moderate,2026-09-24 11:14:00
I01204,Z02,Central Chennai,13.070843,80.268697,Flooded Road,High,2026-09-24 18:29:00
I01205,Z01,North Chennai,13.118409,80.302691,Flooded Road,Moderate,2026-09-24 14:46:00
I01206,Z02,Central Chennai,13.049994,80.247893,Household Evacuation,Moderate,2026-09-24 16:42:00
I01207,Z05,South-West Chennai,13.014977,80.141511,Household Evacuation,Low,2026-09-24 13:48:00
I01208,Z01,North Chennai,13.110411,80.298383,Household Evacuation,Moderate,2026-09-24 05:52:00
I01209,Z01,North Chennai,13.107003,80.317618,Shelter Request,Moderate,2026-09-24 15:13:00
I01210,Z01,North Chennai,13.123483,80.257727,Household Evacuation,High,2026-09-24 17:00:00
I01211,Z02,Central Chennai,13.072883,80.274442,Shelter Request,Moderate,2026-09-24 19:24:00
I01212,Z05,South-West Chennai,13.046105,80.172279,Flooded Road,Moderate,2026-09-24 07:08:00
I01213,Z03,Adyar,12.98078,80.224231,Water Rescue,High,2026-09-24 10:05:00
I01214,Z01,North Chennai,13.116092,80.285378,Household Evacuation,High,2026-09-24 12:34:00
I01215,Z01,North Chennai,13.129939,80.290673,Household Evacuation,Low,2026-09-24 02:30:00
I01216,Z05,South-West Chennai,13.011236,80.184814,Medical Emergency,Critical,2026-09-24 20:08:00
I01217,Z03,Adyar,13.029426,80.231849,Flooded Road,Moderate,2026-09-24 13:41:00
I01218,Z01,North Chennai,13.151892,80.303964,Shelter Request,Moderate,2026-09-24 11:08:00
I01219,Z02,Central Chennai,13.09,80.237291,Flooded Road,Moderate,2026-09-24 12:20:00
I01220,Z04,Velachery,12.990652,80.242315,Flooded Road,Low,2026-09-24 09:30:00
I01221,Z02,Central Chennai,13.094772,80.280806,Medical Emergency,Critical,2026-09-24 18:29:00
I01222,Z01,North Chennai,13.103032,80.298994,Flooded Road,Low,2026-09-24 06:40:00
I01223,Z03,Adyar,12.998206,80.257976,Household Evacuation,Moderate,2026-09-24 15:41:00
I01224,Z05,South-West Chennai,13.040798,80.203151,Medical Emergency,Critical,2026-09-24 16:34:00
I01225,Z02,Central Chennai,13.068812,80.275238,Medical Emergency,Moderate,2026-09-24 04:22:00
I01226,Z05,South-West Chennai,13.014099,80.167366,Medical Emergency,High,2026-09-24 04:56:00
I01227,Z03,Adyar,13.027152,80.244714,Household Evacuation,Moderate,2026-09-24 05:42:00
I01228,Z01,North Chennai,13.067743,80.291305,Household Evacuation,Critical,2026-09-24 04:24:00
I01229,Z03,Adyar,13.042797,80.271145,Household Evacuation,Moderate,2026-09-24 17:55:00
I01230,Z05,South-West Chennai,13.006554,80.169592,Medical Emergency,High,2026-09-24 16:27:00
I01231,Z03,Adyar,13.006627,80.277155,Medical Emergency,Moderate,2026-09-24 10:40:00
I01232,Z04,Velachery,12.970804,80.223565,Household Evacuation,Moderate,2026-09-24 18:52:00
I01233,Z04,Velachery,12.998286,80.217196,Household Evacuation,Critical,2026-09-24 03:11:00
I01234,Z04,Velachery,12.993447,80.187962,Medical Emergency,Low,2026-09-24 04:26:00
I01235,Z04,Velachery,12.995987,80.192116,Medical Emergency,Low,2026-09-24 09:17:00
I01236,Z05,South-West Chennai,13.016289,80.149927,Household Evacuation,Moderate,2026-09-24 06:25:00
I01237,Z03,Adyar,13.029712,80.250726,Household Evacuation,Critical,2026-09-24 05:07:00
I01238,Z05,South-West Chennai,13.031271,80.18546,Household Evacuation,High,2026-09-24 12:27:00
I01239,Z03,Adyar,13.036362,80.243492,Flooded Road,High,2026-09-24 15:28:00
I01240,Z01,North Chennai,13.132598,80.292883,Shelter Request,Moderate,2026-09-24 12:34:00
I01241,Z04,Velachery,12.956644,80.220254,Flooded Road,High,2026-09-24 19:48:00
I01242,Z03,Adyar,13.069332,80.252989,Flooded Road,High,2026-09-24 11:02:00
I01243,Z01,North Chennai,13.109374,80.3128,Flooded Road,Low,2026-09-24 02:54:00
I01244,Z03,Adyar,13.056172,80.258332,Flooded Road,Moderate,2026-09-24 10:27:00
I01245,Z03,Adyar,12.981828,80.237334,Shelter Request,High,2026-09-24 13:35:00
I01246,Z02,Central Chennai,13.07833,80.295483,Water Rescue,High,2026-09-24 10:29:00
I01247,Z03,Adyar,13.023106,80.23767,Flooded Road,High,2026-09-24 22:40:00
I01248,Z01,North Chennai,13.094912,80.305809,Household Evacuation,Moderate,2026-09-24 05:21:00
I01249,Z02,Central Chennai,13.073034,80.291644,Medical Emergency,Moderate,2026-09-24 17:03:00
I01250,Z04,Velachery,12.988904,80.204081,Medical Emergency,High,2026-09-24 08:57:00
I01251,Z02,Central Chennai,13.090256,80.230722,Medical Emergency,Critical,2026-09-24 02:26:00
I01252,Z05,South-West Chennai,13.018817,80.152853,Household Evacuation,Critical,2026-09-24 19:51:00
I01253,Z01,North Chennai,13.122035,80.290075,Household Evacuation,Low,2026-09-24 13:57:00
I01254,Z03,Adyar,12.982647,80.261776,Medical Emergency,Moderate,2026-09-24 11:49:00
I01255,Z02,Central Chennai,13.073643,80.297268,Shelter Request,High,2026-09-24 09:27:00
I01256,Z04,Velachery,13.006097,80.233221,Medical Emergency,Moderate,2026-09-24 08:05:00
I01257,Z03,Adyar,13.013138,80.242194,Household Evacuation,Critical,2026-09-24 17:24:00
I01258,Z04,Velachery,12.970424,80.233695,Medical Emergency,High,2026-09-24 18:37:00
I01259,Z02,Central Chennai,13.090033,80.311369,Medical Emergency,High,2026-09-24 21:01:00
I01260,Z02,Central Chennai,13.075037,80.267808,Household Evacuation,High,2026-09-24 02:03:00
I01261,Z04,Velachery,12.98382,80.221873,Shelter Request,Low,2026-09-24 00:50:00
I01262,Z03,Adyar,13.011035,80.252121,Household Evacuation,Critical,2026-09-24 10:37:00
I01263,Z03,Adyar,12.974891,80.228647,Shelter Request,Critical,2026-09-24 13:43:00
I01264,Z01,North Chennai,13.110476,80.269381,Flooded Road,Moderate,2026-09-24 16:20:00
I01265,Z04,Velachery,12.995612,80.211773,Shelter Request,Moderate,2026-09-24 07:49:00
I01266,Z03,Adyar,13.02112,80.282771,Household Evacuation,High,2026-09-24 14:05:00
I01267,Z03,Adyar,13.03031,80.248987,Household Evacuation,High,2026-09-24 02:14:00
I01268,Z03,Adyar,13.01104,80.258755,Flooded Road,High,2026-09-24 13:25:00
I01269,Z05,South-West Chennai,13.017484,80.169941,Household Evacuation,Critical,2026-09-24 14:06:00
I01270,Z02,Central Chennai,13.067888,80.277901,Medical Emergency,High,2026-09-24 09:27:00
I01271,Z05,South-West Chennai,12.98753,80.213727,Water Rescue,High,2026-09-24 03:49:00
I01272,Z02,Central Chennai,13.090957,80.27534,Flooded Road,High,2026-09-24 19:06:00
I01273,Z05,South-West Chennai,12.983099,80.174073,Shelter Request,Moderate,2026-09-24 04:31:00
I01274,Z03,Adyar,13.00263,80.23043,Medical Emergency,Critical,2026-09-24 07:55:00
I01275,Z05,South-West Chennai,13.014602,80.181496,Household Evacuation,Low,2026-09-24 20:55:00
I01276,Z04,Velachery,12.985844,80.24282,Flooded Road,High,2026-09-24 13:01:00
I01277,Z05,South-West Chennai,13.02207,80.176658,Flooded Road,High,2026-09-24 14:05:00
I01278,Z05,South-West Chennai,13.032448,80.175704,Flooded Road,Moderate,2026-09-24 20:43:00
I01279,Z05,South-West Chennai,12.991387,80.153404,Flooded Road,Low,2026-09-24 06:53:00
I01280,Z01,North Chennai,13.117135,80.29508,Flooded Road,High,2026-09-24 17:44:00
I01281,Z01,North Chennai,13.121883,80.282715,Shelter Request,Moderate,2026-09-24 02:07:00
I01282,Z03,Adyar,13.00542,80.272516,Household Evacuation,Moderate,2026-09-24 16:21:00
I01283,Z04,Velachery,12.979197,80.209329,Household Evacuation,Low,2026-09-24 20:18:00
I01284,Z02,Central Chennai,13.062447,80.27689,Water Rescue,Moderate,2026-09-24 16:35:00
I01285,Z01,North Chennai,13.131822,80.280236,Flooded Road,Moderate,2026-09-24 10:54:00
I01286,Z03,Adyar,13.019188,80.249839,Flooded Road,Moderate,2026-09-24 16:47:00
I01287,Z01,North Chennai,13.108005,80.302172,Shelter Request,Critical,2026-09-24 16:46:00
I01288,Z02,Central Chennai,13.045948,80.258256,Medical Emergency,Moderate,2026-09-24 12:14:00
I01289,Z03,Adyar,12.986539,80.268561,Household Evacuation,Critical,2026-09-24 02:32:00
I01290,Z03,Adyar,13.007195,80.270303,Household Evacuation,High,2026-09-24 11:12:00
I01291,Z04,Velachery,12.986522,80.182555,Flooded Road,Critical,2026-09-24 07:19:00
I01292,Z04,Velachery,12.976889,80.253559,Shelter Request,Low,2026-09-24 03:00:00
I01293,Z01,North Chennai,13.090941,80.251648,Household Evacuation,Low,2026-09-24 16:06:00
I01294,Z05,South-West Chennai,13.006828,80.221997,Medical Emergency,High,2026-09-24 16:40:00
I01295,Z03,Adyar,13.006341,80.264802,Shelter Request,High,2026-09-24 08:24:00
I01296,Z01,North Chennai,13.118621,80.262816,Medical Emergency,High,2026-09-24 00:41:00
I01297,Z04,Velachery,13.00063,80.211501,Medical Emergency,High,2026-09-24 09:56:00
I01298,Z04,Velachery,12.952568,80.223424,Household Evacuation,High,2026-09-24 18:06:00
I01299,Z04,Velachery,12.979234,80.254906,Household Evacuation,Moderate,2026-09-24 03:03:00
I01300,Z01,North Chennai,13.107601,80.322215,Household Evacuation,Low,2026-09-24 08:31:00
I01301,Z03,Adyar,13.008342,80.260898,Household Evacuation,High,2026-09-24 05:11:00
I01302,Z02,Central Chennai,13.100446,80.293333,Household Evacuation,Moderate,2026-09-24 10:42:00
I01303,Z02,Central Chennai,13.104186,80.25804,Household Evacuation,Moderate,2026-09-24 08:29:00
I01304,Z04,Velachery,12.982208,80.226738,Shelter Request,Moderate,2026-09-24 06:40:00
I01305,Z02,Central Chennai,13.115454,80.247975,Household Evacuation,High,2026-09-24 20:54:00
I01306,Z04,Velachery,12.98661,80.207439,Water Rescue,Critical,2026-09-24 15:01:00
I01307,Z04,Velachery,12.95094,80.196316,Household Evacuation,Low,2026-09-24 04:52:00
I01308,Z05,South-West Chennai,12.993501,80.171845,Flooded Road,High,2026-09-24 19:01:00
I01309,Z01,North Chennai,13.126997,80.28285,Household Evacuation,Low,2026-09-24 05:07:00
I01310,Z02,Central Chennai,13.087247,80.237109,Household Evacuation,Critical,2026-09-24 06:50:00
I01311,Z02,Central Chennai,13.073403,80.265396,Shelter Request,Moderate,2026-09-24 04:56:00
I01312,Z03,Adyar,12.960024,80.258149,Household Evacuation,Moderate,2026-09-24 15:01:00
I01313,Z01,North Chennai,13.148208,80.246389,Shelter Request,Low,2026-09-24 23:28:00
I01314,Z04,Velachery,13.019915,80.212785,Household Evacuation,High,2026-09-24 21:43:00
I01315,Z02,Central Chennai,13.090465,80.303552,Shelter Request,Critical,2026-09-24 10:47:00
I01316,Z02,Central Chennai,13.100667,80.266652,Water Rescue,Low,2026-09-24 22:04:00
I01317,Z01,North Chennai,13.101528,80.284147,Shelter Request,Critical,2026-09-24 11:23:00
I01318,Z04,Velachery,13.005519,80.172738,Medical Emergency,Moderate,2026-09-24 09:31:00
I01319,Z04,Velachery,12.96175,80.205596,Water Rescue,Critical,2026-09-24 12:24:00
I01320,Z04,Velachery,12.966168,80.19143,Shelter Request,Low,2026-09-24 12:18:00
I01321,Z05,South-West Chennai,13.020651,80.185541,Flooded Road,High,2026-09-24 09:11:00
I01322,Z05,South-West Chennai,13.04254,80.167497,Household Evacuation,Moderate,2026-09-24 18:25:00
I01323,Z01,North Chennai,13.075788,80.257141,Medical Emergency,Moderate,2026-09-24 03:22:00
I01324,Z02,Central Chennai,13.089827,80.227823,Flooded Road,Low,2026-09-24 01:40:00
I01325,Z01,North Chennai,13.083472,80.290562,Household Evacuation,High,2026-09-24 12:54:00
I01326,Z03,Adyar,12.987516,80.277739,Medical Emergency,Moderate,2026-09-24 02:00:00
I01327,Z02,Central Chennai,13.090632,80.270357,Water Rescue,Moderate,2026-09-24 06:13:00
I01328,Z04,Velachery,12.989825,80.230112,Household Evacuation,Critical,2026-09-24 15:00:00
I01329,Z02,Central Chennai,13.062719,80.275967,Flooded Road,Low,2026-09-24 21:14:00
I01330,Z04,Velachery,13.01743,80.208457,Household Evacuation,High,2026-09-24 12:17:00
I01331,Z03,Adyar,13.033628,80.228744,Flooded Road,High,2026-09-24 16:12:00
I01332,Z05,South-West Chennai,13.006768,80.158458,Household Evacuation,Moderate,2026-09-24 18:38:00
I01333,Z02,Central Chennai,13.077935,80.29561,Household Evacuation,High,2026-09-24 18:34:00
I01334,Z04,Velachery,13.001838,80.183049,Flooded Road,Low,2026-09-24 08:53:00
I01335,Z05,South-West Chennai,12.999163,80.141887,Water Rescue,High,2026-09-24 05:56:00
I01336,Z05,South-West Chennai,12.994015,80.158726,Medical Emergency,Low,2026-09-24 16:12:00
I01337,Z03,Adyar,13.010407,80.246665,Flooded Road,Low,2026-09-24 08:44:00
I01338,Z04,Velachery,12.989497,80.167945,Medical Emergency,High,2026-09-24 11:04:00
I01339,Z01,North Chennai,13.109991,80.312106,Medical Emergency,Critical,2026-09-24 11:35:00
I01340,Z04,Velachery,12.977258,80.19295,Medical Emergency,High,2026-09-24 10:10:00
I01341,Z02,Central Chennai,13.055446,80.279604,Flooded Road,Critical,2026-09-24 00:59:00
I01342,Z01,North Chennai,13.093063,80.282339,Shelter Request,Moderate,2026-09-24 14:04:00
I01343,Z05,South-West Chennai,13.007418,80.185462,Household Evacuation,Critical,2026-09-24 22:44:00
I01344,Z03,Adyar,13.020138,80.299402,Medical Emergency,Low,2026-09-24 03:52:00
I01345,Z05,South-West Chennai,13.012861,80.168582,Flooded Road,High,2026-09-24 12:25:00
I01346,Z05,South-West Chennai,13.047799,80.184642,Shelter Request,Moderate,2026-09-24 05:02:00
I01347,Z01,North Chennai,13.101367,80.311862,Shelter Request,High,2026-09-24 13:11:00
I01348,Z05,South-West Chennai,13.012137,80.214383,Flooded Road,Moderate,2026-09-24 05:54:00
I01349,Z03,Adyar,12.972597,80.242444,Flooded Road,High,2026-09-24 02:44:00
I01350,Z04,Velachery,12.945928,80.270396,Household Evacuation,Critical,2026-09-24 07:50:00
I01351,Z05,South-West Chennai,13.018881,80.150282,Medical Emergency,Low,2026-09-24 01:38:00
I01352,Z03,Adyar,13.013161,80.24333,Household Evacuation,High,2026-09-24 23:28:00
I01353,Z05,South-West Chennai,13.007402,80.180287,Shelter Request,Critical,2026-09-24 22:15:00
I01354,Z03,Adyar,13.00791,80.244859,Household Evacuation,Low,2026-09-24 05:36:00
I01355,Z04,Velachery,12.94429,80.218905,Household Evacuation,Moderate,2026-09-24 06:08:00
I01356,Z05,South-West Chennai,13.014255,80.181599,Household Evacuation,High,2026-09-24 19:09:00
I01357,Z03,Adyar,13.021357,80.258531,Flooded Road,Moderate,2026-09-24 02:07:00
I01358,Z01,North Chennai,13.128515,80.302504,Flooded Road,Low,2026-09-24 17:54:00
I01359,Z04,Velachery,12.964803,80.197761,Shelter Request,High,2026-09-24 02:13:00
I01360,Z04,Velachery,12.982674,80.172403,Flooded Road,Low,2026-09-24 18:51:00
I01361,Z05,South-West Chennai,13.011329,80.174378,Household Evacuation,Low,2026-09-24 12:46:00
I01362,Z04,Velachery,13.017928,80.195655,Medical Emergency,Critical,2026-09-24 07:21:00
I01363,Z04,Velachery,12.97141,80.23395,Shelter Request,Moderate,2026-09-24 01:38:00
I01364,Z01,North Chennai,13.152766,80.31426,Household Evacuation,Low,2026-09-24 09:16:00
I01365,Z03,Adyar,13.010049,80.28024,Flooded Road,Moderate,2026-09-24 21:08:00
I01366,Z03,Adyar,13.034094,80.279917,Household Evacuation,Critical,2026-09-24 20:04:00
I01367,Z01,North Chennai,13.114751,80.294607,Shelter Request,Moderate,2026-09-24 07:30:00
I01368,Z05,South-West Chennai,12.997926,80.180486,Shelter Request,High,2026-09-24 03:21:00
I01369,Z03,Adyar,13.055438,80.260522,Shelter Request,High,2026-09-24 23:41:00
I01370,Z03,Adyar,12.995582,80.289311,Household Evacuation,High,2026-09-24 12:58:00
I01371,Z04,Velachery,12.979657,80.249048,Shelter Request,High,2026-09-24 01:10:00
I01372,Z01,North Chennai,13.118914,80.272203,Flooded Road,Moderate,2026-09-24 05:59:00
I01373,Z03,Adyar,13.03277,80.244204,Household Evacuation,Moderate,2026-09-24 22:05:00
I01374,Z04,Velachery,12.984333,80.200585,Household Evacuation,Critical,2026-09-24 02:51:00
I01375,Z04,Velachery,12.981064,80.211035,Flooded Road,Critical,2026-09-24 18:07:00
I01376,Z04,Velachery,12.963417,80.232605,Household Evacuation,Critical,2026-09-24 00:13:00
I01377,Z03,Adyar,13.003153,80.278688,Flooded Road,Low,2026-09-24 10:23:00
I01378,Z05,South-West Chennai,12.999019,80.18092,Flooded Road,High,2026-09-24 02:14:00
I01379,Z02,Central Chennai,13.061619,80.245142,Flooded Road,Critical,2026-09-24 04:57:00
I01380,Z02,Central Chennai,13.0775,80.278582,Household Evacuation,Low,2026-09-24 10:41:00
I01381,Z05,South-West Chennai,13.04885,80.15911,Water Rescue,Low,2026-09-24 14:24:00
I01382,Z01,North Chennai,13.113603,80.276759,Flooded Road,Moderate,2026-09-24 11:51:00
I01383,Z01,North Chennai,13.12692,80.291488,Medical Emergency,Moderate,2026-09-24 18:39:00
I01384,Z03,Adyar,13.035171,80.243356,Shelter Request,Low,2026-09-24 21:05:00
I01385,Z01,North Chennai,13.123942,80.292625,Household Evacuation,High,2026-09-24 10:31:00
I01386,Z02,Central Chennai,13.098491,80.271853,Household Evacuation,High,2026-09-24 06:40:00
I01387,Z05,South-West Chennai,13.008477,80.175175,Flooded Road,High,2026-09-24 15:35:00
I01388,Z03,Adyar,12.986161,80.268403,Medical Emergency,High,2026-09-24 19:09:00
I01389,Z04,Velachery,12.978179,80.199538,Water Rescue,Critical,2026-09-24 10:19:00
I01390,Z02,Central Chennai,13.055876,80.277604,Household Evacuation,Critical,2026-09-24 20:16:00
I01391,Z05,South-West Chennai,13.038438,80.229211,Medical Emergency,Moderate,2026-09-24 08:20:00
I01392,Z02,Central Chennai,13.069099,80.297391,Flooded Road,High,2026-09-24 07:29:00
I01393,Z01,North Chennai,13.125663,80.252501,Flooded Road,Critical,2026-09-24 23:52:00
I01394,Z03,Adyar,13.004729,80.233354,Household Evacuation,Critical,2026-09-24 18:37:00
I01395,Z02,Central Chennai,13.065456,80.266632,Water Rescue,Critical,2026-09-24 06:35:00
I01396,Z04,Velachery,12.964033,80.191061,Household Evacuation,High,2026-09-24 22:53:00
I01397,Z05,South-West Chennai,13.029658,80.152571,Medical Emergency,Moderate,2026-09-24 16:30:00
I01398,Z03,Adyar,13.018798,80.251785,Flooded Road,Critical,2026-09-24 12:56:00
I01399,Z02,Central Chennai,13.116592,80.267331,Household Evacuation,High,2026-09-24 09:12:00
I01400,Z01,North Chennai,13.097565,80.271208,Household Evacuation,High,2026-09-24 06:23:00
I01401,Z03,Adyar,12.995392,80.288976,Household Evacuation,High,2026-09-24 10:53:00
I01402,Z05,South-West Chennai,13.012605,80.19083,Household Evacuation,Moderate,2026-09-24 14:17:00
I01403,Z01,North Chennai,13.108974,80.29579,Flooded Road,Moderate,2026-09-24 21:35:00
I01404,Z01,North Chennai,13.079988,80.267142,Medical Emergency,Low,2026-09-24 08:38:00
I01405,Z03,Adyar,13.03292,80.247276,Household Evacuation,High,2026-09-24 17:14:00
I01406,Z04,Velachery,12.997129,80.192247,Medical Emergency,Low,2026-09-24 22:18:00
I01407,Z05,South-West Chennai,13.03855,80.160142,Flooded Road,Moderate,2026-09-24 01:42:00
I01408,Z04,Velachery,12.982949,80.231083,Medical Emergency,Moderate,2026-09-24 05:36:00
I01409,Z03,Adyar,13.01121,80.235198,Medical Emergency,Critical,2026-09-24 06:24:00
I01410,Z05,South-West Chennai,12.997143,80.166445,Flooded Road,High,2026-09-24 06:29:00
I01411,Z03,Adyar,13.014299,80.250833,Flooded Road,Moderate,2026-09-24 17:36:00
I01412,Z05,South-West Chennai,12.99643,80.186081,Household Evacuation,High,2026-09-24 19:02:00
I01413,Z03,Adyar,13.039892,80.26609,Water Rescue,Critical,2026-09-24 02:25:00
I01414,Z01,North Chennai,13.136383,80.285681,Medical Emergency,Critical,2026-09-24 11:40:00
I01415,Z01,North Chennai,13.104863,80.290803,Flooded Road,Critical,2026-09-24 01:34:00
I01416,Z05,South-West Chennai,13.006739,80.203275,Flooded Road,Critical,2026-09-24 15:00:00
I01417,Z02,Central Chennai,13.08336,80.243933,Shelter Request,Moderate,2026-09-24 03:30:00
I01418,Z02,Central Chennai,13.104051,80.273489,Household Evacuation,High,2026-09-24 00:05:00
I01419,Z02,Central Chennai,13.085583,80.251842,Medical Emergency,Low,2026-09-24 21:44:00
I01420,Z05,South-West Chennai,13.034617,80.182898,Flooded Road,Low,2026-09-24 05:19:00
I01421,Z02,Central Chennai,13.068088,80.297853,Flooded Road,Critical,2026-09-24 02:02:00
I01422,Z02,Central Chennai,13.053828,80.236203,Water Rescue,High,2026-09-24 11:28:00
I01423,Z02,Central Chennai,13.054798,80.270481,Flooded Road,High,2026-09-24 16:46:00
I01424,Z04,Velachery,12.973093,80.188967,Water Rescue,Critical,2026-09-24 15:36:00
I01425,Z05,South-West Chennai,12.984929,80.207496,Household Evacuation,High,2026-09-24 02:46:00
I01426,Z05,South-West Chennai,13.044952,80.165382,Household Evacuation,High,2026-09-24 00:49:00
I01427,Z01,North Chennai,13.126435,80.275148,Flooded Road,Critical,2026-09-24 20:46:00
I01428,Z02,Central Chennai,13.065961,80.286493,Water Rescue,High,2026-09-24 01:23:00
I01429,Z05,South-West Chennai,13.023364,80.180911,Water Rescue,High,2026-09-24 15:48:00
I01430,Z04,Velachery,12.946907,80.272818,Medical Emergency,Critical,2026-09-24 10:17:00
I01431,Z03,Adyar,13.032171,80.236671,Shelter Request,Critical,2026-09-24 09:32:00
I01432,Z01,North Chennai,13.144894,80.289532,Flooded Road,Critical,2026-09-24 00:36:00
I01433,Z02,Central Chennai,13.096573,80.271262,Household Evacuation,Low,2026-09-24 03:38:00
I01434,Z02,Central Chennai,13.060839,80.303445,Medical Emergency,Critical,2026-09-24 10:44:00
I01435,Z02,Central Chennai,13.071062,80.296484,Flooded Road,High,2026-09-24 17:40:00
I01436,Z02,Central Chennai,13.105803,80.252589,Household Evacuation,Low,2026-09-24 03:27:00
I01437,Z05,South-West Chennai,13.014576,80.182521,Flooded Road,Moderate,2026-09-24 14:44:00
I01438,Z04,Velachery,12.983186,80.194183,Household Evacuation,Critical,2026-09-24 00:07:00
I01439,Z05,South-West Chennai,13.025724,80.197315,Flooded Road,Critical,2026-09-24 04:03:00
I01440,Z01,North Chennai,13.134687,80.285486,Flooded Road,Critical,2026-09-24 05:19:00
I01441,Z04,Velachery,13.003535,80.173061,Flooded Road,High,2026-09-24 22:45:00
I01442,Z03,Adyar,12.964471,80.260647,Medical Emergency,Low,2026-09-24 01:49:00
I01443,Z04,Velachery,13.004127,80.209516,Household Evacuation,Critical,2026-09-24 23:05:00
I01444,Z05,South-West Chennai,13.001419,80.149968,Water Rescue,High,2026-09-24 00:37:00
I01445,Z04,Velachery,12.977518,80.190375,Shelter Request,High,2026-09-24 11:04:00
I01446,Z03,Adyar,12.992162,80.288894,Medical Emergency,Moderate,2026-09-24 01:37:00
I01447,Z02,Central Chennai,13.036933,80.256216,Household Evacuation,Low,2026-09-24 19:34:00
I01448,Z01,North Chennai,13.120127,80.265929,Flooded Road,Moderate,2026-09-24 09:47:00
I01449,Z01,North Chennai,13.12752,80.277251,Medical Emergency,Critical,2026-09-24 16:46:00
I01450,Z04,Velachery,12.975615,80.220969,Flooded Road,Critical,2026-09-24 14:34:00
I01451,Z04,Velachery,12.975724,80.210515,Flooded Road,High,2026-09-24 22:34:00
I01452,Z02,Central Chennai,13.075883,80.28064,Flooded Road,Low,2026-09-24 19:18:00
I01453,Z05,South-West Chennai,13.035652,80.167357,Household Evacuation,Critical,2026-09-24 17:29:00
I01454,Z03,Adyar,13.036123,80.274418,Household Evacuation,High,2026-09-24 05:08:00
I01455,Z03,Adyar,12.994036,80.278885,Flooded Road,Moderate,2026-09-24 21:46:00
I01456,Z03,Adyar,13.048299,80.235248,Medical Emergency,Moderate,2026-09-24 21:54:00
I01457,Z02,Central Chennai,13.051853,80.252332,Water Rescue,High,2026-09-24 19:07:00
I01458,Z02,Central Chennai,13.074864,80.295611,Flooded Road,Moderate,2026-09-24 15:54:00
I01459,Z03,Adyar,13.00211,80.290271,Shelter Request,Moderate,2026-09-24 16:33:00
I01460,Z02,Central Chennai,13.050127,80.265948,Household Evacuation,Critical,2026-09-24 09:10:00
I01461,Z01,North Chennai,13.107355,80.289967,Household Evacuation,Moderate,2026-09-24 19:11:00
I01462,Z05,South-West Chennai,13.038052,80.206188,Medical Emergency,High,2026-09-24 14:52:00
I01463,Z05,South-West Chennai,13.036595,80.177248,Shelter Request,Moderate,2026-09-24 23:43:00
I01464,Z01,North Chennai,13.121327,80.313902,Medical Emergency,Critical,2026-09-24 23:11:00
I01465,Z03,Adyar,13.026798,80.255796,Water Rescue,Moderate,2026-09-24 04:28:00
I01466,Z04,Velachery,12.969616,80.221182,Household Evacuation,Moderate,2026-09-24 10:32:00
I01467,Z05,South-West Chennai,13.027779,80.153766,Medical Emergency,High,2026-09-24 21:26:00
I01468,Z05,South-West Chennai,13.009418,80.190767,Flooded Road,Critical,2026-09-24 11:03:00
I01469,Z02,Central Chennai,13.042834,80.258548,Flooded Road,Moderate,2026-09-24 09:12:00
I01470,Z02,Central Chennai,13.076938,80.263915,Medical Emergency,High,2026-09-24 08:03:00
I01471,Z05,South-West Chennai,13.044792,80.170459,Medical Emergency,Low,2026-09-24 15:43:00
I01472,Z04,Velachery,13.000258,80.191737,Medical Emergency,High,2026-09-24 21:25:00
I01473,Z05,South-West Chennai,13.017321,80.162681,Household Evacuation,Moderate,2026-09-24 23:47:00
I01474,Z01,North Chennai,13.111829,80.321511,Household Evacuation,High,2026-09-24 23:56:00
I01475,Z01,North Chennai,13.067804,80.291179,Household Evacuation,Moderate,2026-09-24 04:10:00
I01476,Z01,North Chennai,13.126954,80.289466,Flooded Road,Critical,2026-09-24 20:24:00
I01477,Z03,Adyar,13.02544,80.240528,Medical Emergency,High,2026-09-24 07:09:00
I01478,Z02,Central Chennai,13.081651,80.276859,Flooded Road,High,2026-09-24 18:26:00
I01479,Z04,Velachery,13.01918,80.216447,Medical Emergency,High,2026-09-24 16:21:00
I01480,Z02,Central Chennai,13.063085,80.258442,Flooded Road,High,2026-09-24 17:54:00
I01481,Z01,North Chennai,13.152309,80.259046,Medical Emergency,High,2026-09-24 11:56:00
I01482,Z01,North Chennai,13.12065,80.265486,Medical Emergency,High,2026-09-24 23:49:00
I01483,Z03,Adyar,13.037243,80.282592,Flooded Road,Moderate,2026-09-24 17:01:00
I01484,Z01,North Chennai,13.115404,80.263923,Flooded Road,High,2026-09-24 07:35:00
I01485,Z05,South-West Chennai,13.038713,80.179345,Shelter Request,Moderate,2026-09-24 07:27:00
I01486,Z05,South-West Chennai,12.988801,80.197867,Water Rescue,High,2026-09-24 22:01:00
I01487,Z05,South-West Chennai,12.998681,80.196249,Household Evacuation,Critical,2026-09-24 05:13:00
I01488,Z02,Central Chennai,13.111915,80.273289,Household Evacuation,High,2026-09-24 09:35:00
I01489,Z03,Adyar,13.004492,80.234062,Household Evacuation,Moderate,2026-09-24 06:56:00
I01490,Z05,South-West Chennai,13.02016,80.194318,Water Rescue,Moderate,2026-09-24 12:23:00
I01491,Z05,South-West Chennai,13.042587,80.161021,Flooded Road,Moderate,2026-09-24 08:15:00
I01492,Z04,Velachery,12.995581,80.224955,Household Evacuation,High,2026-09-24 21:08:00
I01493,Z03,Adyar,13.028396,80.227811,Medical Emergency,High,2026-09-24 11:57:00
I01494,Z04,Velachery,12.957741,80.237252,Household Evacuation,Low,2026-09-24 13:34:00
I01495,Z03,Adyar,12.990575,80.250681,Flooded Road,Low,2026-09-24 21:20:00
I01496,Z05,South-West Chennai,13.034609,80.175515,Shelter Request,Critical,2026-09-24 18:42:00
I01497,Z03,Adyar,12.964884,80.265536,Medical Emergency,High,2026-09-24 13:50:00
I01498,Z02,Central Chennai,13.043251,80.245999,Flooded Road,Moderate,2026-09-24 10:47:00
I01499,Z05,South-West Chennai,12.998464,80.170694,Household Evacuation,Critical,2026-09-24 01:47:00
I01500,Z05,South-West Chennai,12.996642,80.199,Household Evacuation,Critical,2026-09-24 21:39:00
I01501,Z01,North Chennai,13.11725,80.263261,Medical Emergency,Critical,2026-09-24 18:35:00
I01502,Z03,Adyar,13.025943,80.243927,Flooded Road,High,2026-09-24 16:17:00
I01503,Z03,Adyar,13.000386,80.266705,Household Evacuation,Critical,2026-09-24 23:34:00
I01504,Z04,Velachery,12.972346,80.192694,Shelter Request,Low,2026-09-24 00:17:00
I01505,Z03,Adyar,13.018306,80.253273,Shelter Request,High,2026-09-24 18:23:00
I01506,Z01,North Chennai,13.111137,80.295574,Household Evacuation,High,2026-09-24 18:45:00
I01507,Z04,Velachery,12.961976,80.247962,Household Evacuation,Moderate,2026-09-24 09:25:00
I01508,Z03,Adyar,12.992899,80.251217,Flooded Road,High,2026-09-24 10:41:00
I01509,Z01,North Chennai,13.123606,80.290729,Household Evacuation,High,2026-09-24 21:01:00
I01510,Z02,Central Chennai,13.098841,80.231495,Flooded Road,Moderate,2026-09-24 12:28:00
I01511,Z03,Adyar,13.035992,80.240769,Flooded Road,High,2026-09-24 06:06:00
I01512,Z04,Velachery,12.964224,80.231746,Water Rescue,High,2026-09-24 14:45:00
I01513,Z05,South-West Chennai,13.01684,80.200662,Household Evacuation,High,2026-09-24 02:59:00
I01514,Z02,Central Chennai,13.079826,80.257815,Medical Emergency,Moderate,2026-09-24 02:56:00
I01515,Z02,Central Chennai,13.066545,80.249481,Flooded Road,Critical,2026-09-24 18:56:00
I01516,Z03,Adyar,13.00623,80.274314,Household Evacuation,Moderate,2026-09-24 10:45:00
I01517,Z03,Adyar,13.040112,80.244929,Water Rescue,High,2026-09-24 18:01:00
I01518,Z02,Central Chennai,13.048826,80.274594,Household Evacuation,High,2026-09-24 17:47:00
I01519,Z05,South-West Chennai,13.064359,80.186521,Flooded Road,Critical,2026-09-24 11:56:00
I01520,Z01,North Chennai,13.122676,80.262829,Medical Emergency,High,2026-09-24 18:39:00
I01521,Z03,Adyar,13.037922,80.258031,Household Evacuation,Critical,2026-09-24 15:14:00
I01522,Z01,North Chennai,13.115757,80.295492,Household Evacuation,Moderate,2026-09-24 01:08:00
I01523,Z02,Central Chennai,13.074429,80.258983,Water Rescue,Moderate,2026-09-24 02:57:00
I01524,Z02,Central Chennai,13.089656,80.2785,Flooded Road,Moderate,2026-09-24 08:54:00
I01525,Z02,Central Chennai,13.085183,80.322585,Household Evacuation,High,2026-09-24 13:35:00
I01526,Z02,Central Chennai,13.084883,80.271209,Medical Emergency,Moderate,2026-09-24 09:15:00
I01527,Z03,Adyar,13.026536,80.229012,Flooded Road,High,2026-09-24 17:10:00
I01528,Z01,North Chennai,13.087897,80.274502,Household Evacuation,High,2026-09-24 22:47:00
I01529,Z04,Velachery,13.028559,80.210304,Flooded Road,Critical,2026-09-24 10:35:00
I01530,Z05,South-West Chennai,13.023384,80.173406,Flooded Road,Critical,2026-09-24 13:51:00
I01531,Z02,Central Chennai,13.091372,80.325732,Flooded Road,Moderate,2026-09-24 09:06:00
I01532,Z01,North Chennai,13.12967,80.274219,Household Evacuation,High,2026-09-24 08:00:00
I01533,Z04,Velachery,13.008412,80.203794,Household Evacuation,Moderate,2026-09-24 03:44:00
I01534,Z03,Adyar,12.982572,80.264273,Household Evacuation,High,2026-09-24 10:04:00
I01535,Z03,Adyar,12.997146,80.261038,Household Evacuation,Low,2026-09-24 19:31:00
I01536,Z04,Velachery,13.005299,80.239522,Household Evacuation,High,2026-09-24 07:06:00
I01537,Z01,North Chennai,13.126057,80.2773,Household Evacuation,High,2026-09-24 23:36:00
I01538,Z03,Adyar,12.990246,80.25311,Household Evacuation,High,2026-09-24 20:05:00
I01539,Z01,North Chennai,13.097328,80.283961,Flooded Road,High,2026-09-24 12:21:00
I01540,Z02,Central Chennai,13.076123,80.247865,Flooded Road,High,2026-09-24 11:21:00
I01541,Z02,Central Chennai,13.070922,80.293161,Medical Emergency,High,2026-09-24 06:15:00
I01542,Z02,Central Chennai,13.08245,80.279144,Household Evacuation,Moderate,2026-09-24 20:06:00
I01543,Z02,Central Chennai,13.104096,80.249583,Shelter Request,Moderate,2026-09-24 23:19:00
I01544,Z02,Central Chennai,13.063326,80.27879,Water Rescue,Moderate,2026-09-24 02:47:00
I01545,Z03,Adyar,13.003474,80.266282,Household Evacuation,Moderate,2026-09-24 10:11:00
I01546,Z02,Central Chennai,13.082421,80.241295,Medical Emergency,High,2026-09-24 15:49:00
I01547,Z03,Adyar,13.00622,80.256972,Household Evacuation,High,2026-09-24 21:46:00
I01548,Z04,Velachery,12.980652,80.190918,Flooded Road,Moderate,2026-09-24 09:16:00
I01549,Z04,Velachery,12.958905,80.203394,Medical Emergency,Low,2026-09-24 02:07:00
I01550,Z02,Central Chennai,13.095363,80.231672,Shelter Request,High,2026-09-24 12:34:00
I01551,Z03,Adyar,13.019726,80.251684,Water Rescue,Low,2026-09-24 23:46:00
I01552,Z03,Adyar,13.04428,80.260985,Shelter Request,High,2026-09-24 23:42:00
I01553,Z02,Central Chennai,13.074721,80.263181,Water Rescue,Moderate,2026-09-24 13:12:00
I01554,Z03,Adyar,13.031034,80.250098,Household Evacuation,Moderate,2026-09-24 16:13:00
I01555,Z04,Velachery,12.975211,80.213862,Household Evacuation,Critical,2026-09-24 18:30:00
I01556,Z01,North Chennai,13.087545,80.268649,Medical Emergency,Moderate,2026-09-24 13:34:00
I01557,Z03,Adyar,13.000518,80.259469,Flooded Road,Low,2026-09-24 21:40:00
I01558,Z02,Central Chennai,13.079577,80.264228,Flooded Road,High,2026-09-24 08:42:00
I01559,Z01,North Chennai,13.122482,80.290404,Household Evacuation,Low,2026-09-24 04:49:00
I01560,Z05,South-West Chennai,13.002391,80.188924,Flooded Road,High,2026-09-24 12:12:00
I01561,Z01,North Chennai,13.117364,80.276134,Household Evacuation,High,2026-09-24 12:04:00
I01562,Z02,Central Chennai,13.086097,80.293749,Household Evacuation,Critical,2026-09-24 17:30:00
I01563,Z03,Adyar,13.016107,80.283838,Water Rescue,High,2026-09-24 21:50:00
I01564,Z04,Velachery,12.975354,80.223339,Medical Emergency,Moderate,2026-09-24 10:47:00
I01565,Z05,South-West Chennai,13.008704,80.152753,Medical Emergency,High,2026-09-24 17:17:00
I01566,Z05,South-West Chennai,12.986232,80.153029,Medical Emergency,High,2026-09-24 20:49:00
I01567,Z05,South-West Chennai,13.039094,80.165561,Shelter Request,Critical,2026-09-24 01:12:00
I01568,Z04,Velachery,12.968625,80.237812,Medical Emergency,Moderate,2026-09-24 10:24:00
I01569,Z01,North Chennai,13.116059,80.296189,Household Evacuation,Low,2026-09-24 17:02:00
I01570,Z02,Central Chennai,13.073193,80.270315,Household Evacuation,High,2026-09-24 18:11:00
I01571,Z02,Central Chennai,13.096141,80.263511,Water Rescue,Moderate,2026-09-24 09:32:00
I01572,Z02,Central Chennai,13.034376,80.27312,Flooded Road,Critical,2026-09-24 18:11:00
I01573,Z03,Adyar,13.027263,80.233601,Shelter Request,Critical,2026-09-24 13:33:00
I01574,Z03,Adyar,13.021301,80.257557,Household Evacuation,High,2026-09-24 20:57:00
I01575,Z03,Adyar,12.998939,80.257154,Flooded Road,Critical,2026-09-24 10:35:00
I01576,Z01,North Chennai,13.117752,80.290799,Flooded Road,High,2026-09-24 07:14:00
I01577,Z02,Central Chennai,13.072278,80.252282,Flooded Road,High,2026-09-24 16:28:00
I01578,Z05,South-West Chennai,13.049788,80.159221,Flooded Road,High,2026-09-24 21:48:00
I01579,Z01,North Chennai,13.138547,80.277237,Shelter Request,High,2026-09-24 14:17:00
I01580,Z01,North Chennai,13.121929,80.277405,Medical Emergency,High,2026-09-24 05:07:00
I01581,Z02,Central Chennai,13.073808,80.263732,Shelter Request,Critical,2026-09-24 21:49:00
I01582,Z01,North Chennai,13.084286,80.250411,Household Evacuation,Low,2026-09-24 01:01:00
I01583,Z03,Adyar,13.035593,80.285619,Flooded Road,Moderate,2026-09-24 16:32:00
I01584,Z05,South-West Chennai,13.012604,80.179427,Water Rescue,Critical,2026-09-24 04:18:00
I01585,Z05,South-West Chennai,13.033441,80.152276,Household Evacuation,High,2026-09-24 07:18:00
I01586,Z04,Velachery,12.989755,80.203445,Flooded Road,High,2026-09-24 04:49:00
I01587,Z01,North Chennai,13.135494,80.295237,Medical Emergency,High,2026-09-24 07:07:00
I01588,Z05,South-West Chennai,12.981491,80.204576,Shelter Request,Low,2026-09-24 06:10:00
I01589,Z01,North Chennai,13.095816,80.31141,Water Rescue,High,2026-09-24 06:22:00
I01590,Z02,Central Chennai,13.072348,80.269131,Shelter Request,Critical,2026-09-24 14:46:00
I01591,Z03,Adyar,13.01189,80.233461,Household Evacuation,High,2026-09-24 14:25:00
I01592,Z03,Adyar,13.026659,80.236153,Household Evacuation,Moderate,2026-09-24 11:05:00
I01593,Z02,Central Chennai,13.090164,80.236628,Medical Emergency,High,2026-09-24 15:40:00
I01594,Z04,Velachery,12.997017,80.190276,Household Evacuation,Moderate,2026-09-24 01:54:00
I01595,Z04,Velachery,13.001435,80.188102,Water Rescue,High,2026-09-24 04:33:00
I01596,Z02,Central Chennai,13.091715,80.224141,Flooded Road,Moderate,2026-09-24 11:07:00
I01597,Z02,Central Chennai,13.077085,80.298644,Flooded Road,Critical,2026-09-24 20:07:00
I01598,Z03,Adyar,13.011102,80.248248,Shelter Request,Critical,2026-09-24 06:36:00
I01599,Z03,Adyar,13.012705,80.270597,Water Rescue,High,2026-09-24 03:26:00
I01600,Z04,Velachery,13.035089,80.211337,Household Evacuation,Low,2026-09-24 00:01:00
I01601,Z03,Adyar,13.005757,80.254372,Medical Emergency,Moderate,2026-09-24 02:10:00
I01602,Z03,Adyar,13.000028,80.252992,Shelter Request,Critical,2026-09-24 04:44:00
I01603,Z02,Central Chennai,13.109519,80.248862,Household Evacuation,Critical,2026-09-24 00:59:00
I01604,Z04,Velachery,12.977093,80.21121,Flooded Road,Critical,2026-09-24 03:57:00
I01605,Z03,Adyar,12.996261,80.287253,Shelter Request,High,2026-09-24 12:14:00
I01606,Z04,Velachery,12.995139,80.2114,Flooded Road,Critical,2026-09-24 16:47:00
I01607,Z02,Central Chennai,13.072294,80.297077,Flooded Road,Moderate,2026-09-24 15:01:00
I01608,Z02,Central Chennai,13.10095,80.24883,Flooded Road,Low,2026-09-24 19:07:00
I01609,Z03,Adyar,13.025113,80.231453,Water Rescue,Critical,2026-09-24 11:14:00
I01610,Z05,South-West Chennai,12.997298,80.193828,Flooded Road,Moderate,2026-09-24 06:26:00
I01611,Z05,South-West Chennai,13.010745,80.182222,Medical Emergency,Critical,2026-09-24 10:13:00
I01612,Z01,North Chennai,13.107302,80.325178,Household Evacuation,High,2026-09-24 21:08:00
I01613,Z05,South-West Chennai,13.013212,80.182014,Flooded Road,High,2026-09-24 20:47:00
I01614,Z05,South-West Chennai,13.04133,80.205426,Flooded Road,High,2026-09-24 17:10:00
I01615,Z03,Adyar,13.029269,80.243404,Water Rescue,Low,2026-09-24 01:58:00
I01616,Z01,North Chennai,13.107855,80.281778,Water Rescue,Low,2026-09-24 19:05:00
I01617,Z01,North Chennai,13.119316,80.25827,Household Evacuation,High,2026-09-24 20:59:00
I01618,Z03,Adyar,13.008422,80.293314,Flooded Road,High,2026-09-24 04:42:00
I01619,Z01,North Chennai,13.107235,80.302965,Household Evacuation,High,2026-09-24 23:12:00
I01620,Z04,Velachery,12.967455,80.218238,Shelter Request,Critical,2026-09-24 10:46:00
I01621,Z05,South-West Chennai,12.985097,80.172503,Household Evacuation,Low,2026-09-24 10:20:00
I01622,Z03,Adyar,13.00707,80.252011,Water Rescue,Critical,2026-09-24 20:24:00
I01623,Z05,South-West Chennai,13.032691,80.222524,Household Evacuation,Moderate,2026-09-24 01:07:00
I01624,Z04,Velachery,13.015878,80.192644,Flooded Road,Low,2026-09-24 03:24:00
I01625,Z04,Velachery,12.98199,80.165701,Shelter Request,High,2026-09-24 01:06:00
I01626,Z04,Velachery,12.967903,80.194753,Medical Emergency,Moderate,2026-09-24 15:33:00
I01627,Z04,Velachery,12.989699,80.24298,Water Rescue,High,2026-09-24 03:36:00
I01628,Z01,North Chennai,13.128374,80.233955,Water Rescue,Critical,2026-09-24 04:37:00
I01629,Z04,Velachery,12.979223,80.176676,Household Evacuation,Moderate,2026-09-24 23:46:00
I01630,Z02,Central Chennai,13.079707,80.286269,Flooded Road,High,2026-09-24 04:15:00
I01631,Z01,North Chennai,13.136441,80.334249,Household Evacuation,Critical,2026-09-24 17:07:00
I01632,Z02,Central Chennai,13.076592,80.314056,Flooded Road,Critical,2026-09-24 07:56:00
I01633,Z05,South-West Chennai,13.043995,80.153764,Medical Emergency,Moderate,2026-09-24 10:36:00
I01634,Z01,North Chennai,13.129966,80.281996,Household Evacuation,High,2026-09-24 21:56:00
I01635,Z04,Velachery,12.996605,80.18946,Medical Emergency,High,2026-09-24 21:37:00
I01636,Z02,Central Chennai,13.036864,80.295702,Household Evacuation,Critical,2026-09-24 09:16:00
I01637,Z04,Velachery,13.019463,80.216255,Flooded Road,High,2026-09-24 14:16:00
I01638,Z04,Velachery,12.998806,80.167845,Household Evacuation,High,2026-09-24 17:00:00
I01639,Z02,Central Chennai,13.076606,80.272531,Household Evacuation,Moderate,2026-09-24 17:59:00
I01640,Z01,North Chennai,13.111144,80.315598,Household Evacuation,High,2026-09-24 14:50:00
I01641,Z01,North Chennai,13.101849,80.300835,Medical Emergency,Moderate,2026-09-24 21:48:00
I01642,Z04,Velachery,12.972234,80.257476,Household Evacuation,High,2026-09-24 13:44:00
I01643,Z05,South-West Chennai,13.011065,80.183412,Household Evacuation,High,2026-09-24 02:34:00
I01644,Z03,Adyar,12.995315,80.26716,Household Evacuation,Critical,2026-09-24 01:57:00
I01645,Z02,Central Chennai,13.096822,80.240134,Flooded Road,High,2026-09-24 08:29:00
I01646,Z02,Central Chennai,13.061236,80.2652,Household Evacuation,High,2026-09-24 09:17:00
I01647,Z03,Adyar,13.013571,80.249647,Shelter Request,High,2026-09-24 20:27:00
I01648,Z04,Velachery,13.001029,80.182062,Medical Emergency,Critical,2026-09-24 01:51:00
I01649,Z05,South-West Chennai,13.027309,80.174063,Medical Emergency,Moderate,2026-09-24 04:02:00
I01650,Z04,Velachery,12.955323,80.244987,Household Evacuation,High,2026-09-24 02:00:00
I01651,Z01,North Chennai,13.119285,80.281693,Medical Emergency,Moderate,2026-09-24 00:55:00
I01652,Z05,South-West Chennai,12.987478,80.18276,Flooded Road,Moderate,2026-09-24 17:13:00
I01653,Z03,Adyar,13.008257,80.248996,Household Evacuation,Critical,2026-09-24 12:34:00
I01654,Z02,Central Chennai,13.074472,80.248931,Household Evacuation,High,2026-09-24 03:21:00
I01655,Z02,Central Chennai,13.032954,80.284739,Household Evacuation,High,2026-09-24 05:38:00
I01656,Z04,Velachery,12.981253,80.222456,Flooded Road,High,2026-09-24 12:58:00
I01657,Z05,South-West Chennai,13.01728,80.182576,Household Evacuation,Critical,2026-09-24 16:42:00
I01658,Z04,Velachery,12.982393,80.192533,Medical Emergency,Low,2026-09-24 13:00:00
I01659,Z04,Velachery,12.978863,80.190268,Medical Emergency,Low,2026-09-24 19:17:00
I01660,Z05,South-West Chennai,13.033005,80.142602,Water Rescue,Critical,2026-09-24 17:03:00
I01661,Z02,Central Chennai,13.0874,80.270364,Flooded Road,Low,2026-09-24 13:18:00
I01662,Z05,South-West Chennai,12.991827,80.181716,Medical Emergency,Critical,2026-09-24 11:30:00
I01663,Z03,Adyar,13.016387,80.263489,Shelter Request,Moderate,2026-09-24 21:31:00
I01664,Z05,South-West Chennai,13.012156,80.158637,Medical Emergency,High,2026-09-24 03:11:00
I01665,Z03,Adyar,13.043061,80.252018,Flooded Road,Critical,2026-09-24 12:16:00
I01666,Z03,Adyar,13.012601,80.239034,Flooded Road,High,2026-09-24 23:52:00
I01667,Z02,Central Chennai,13.098233,80.265684,Household Evacuation,Moderate,2026-09-24 23:09:00
I01668,Z03,Adyar,13.004692,80.211147,Household Evacuation,Moderate,2026-09-24 16:18:00
I01669,Z01,North Chennai,13.114427,80.277472,Water Rescue,High,2026-09-24 15:47:00
I01670,Z02,Central Chennai,13.094236,80.298905,Medical Emergency,High,2026-09-24 23:13:00
I01671,Z02,Central Chennai,13.063112,80.276673,Medical Emergency,Moderate,2026-09-24 21:59:00
I01672,Z04,Velachery,12.994189,80.227279,Medical Emergency,High,2026-09-24 21:18:00
I01673,Z03,Adyar,12.991903,80.23728,Flooded Road,Critical,2026-09-24 18:08:00
I01674,Z05,South-West Chennai,13.026647,80.176132,Flooded Road,Critical,2026-09-24 08:48:00
I01675,Z03,Adyar,12.996742,80.260741,Flooded Road,High,2026-09-24 09:13:00
I01676,Z05,South-West Chennai,13.021625,80.150516,Medical Emergency,Critical,2026-09-24 09:43:00
I01677,Z01,North Chennai,13.137733,80.267181,Medical Emergency,High,2026-09-24 09:59:00
I01678,Z05,South-West Chennai,13.02936,80.158499,Flooded Road,Moderate,2026-09-24 16:19:00
I01679,Z03,Adyar,13.019881,80.253972,Shelter Request,High,2026-09-24 13:37:00
I01680,Z02,Central Chennai,13.055792,80.26688,Medical Emergency,Low,2026-09-24 13:23:00
I01681,Z04,Velachery,12.970054,80.229025,Flooded Road,High,2026-09-24 12:37:00
I01682,Z01,North Chennai,13.129323,80.291288,Medical Emergency,Critical,2026-09-24 05:45:00
I01683,Z05,South-West Chennai,13.007726,80.191058,Water Rescue,Low,2026-09-24 15:50:00
I01684,Z02,Central Chennai,13.103318,80.258836,Household Evacuation,High,2026-09-24 05:40:00
I01685,Z01,North Chennai,13.129623,80.259963,Medical Emergency,High,2026-09-24 02:17:00
I01686,Z03,Adyar,13.018161,80.244297,Flooded Road,Moderate,2026-09-24 00:24:00
I01687,Z03,Adyar,13.010717,80.288752,Household Evacuation,Moderate,2026-09-24 02:54:00
I01688,Z04,Velachery,12.973204,80.230488,Water Rescue,Critical,2026-09-24 06:32:00
I01689,Z02,Central Chennai,13.072553,80.247815,Water Rescue,Moderate,2026-09-24 17:23:00
I01690,Z05,South-West Chennai,13.010637,80.193095,Medical Emergency,Low,2026-09-24 11:26:00
I01691,Z03,Adyar,12.981131,80.26894,Shelter Request,Critical,2026-09-24 17:54:00
I01692,Z01,North Chennai,13.12991,80.280553,Household Evacuation,Low,2026-09-24 20:23:00
I01693,Z04,Velachery,12.981328,80.222469,Medical Emergency,Critical,2026-09-24 17:03:00
I01694,Z03,Adyar,13.019656,80.239523,Flooded Road,Low,2026-09-24 00:08:00
I01695,Z03,Adyar,13.003881,80.234541,Medical Emergency,Low,2026-09-24 11:38:00
I01696,Z02,Central Chennai,13.122253,80.256687,Household Evacuation,Moderate,2026-09-24 10:48:00
I01697,Z01,North Chennai,13.101336,80.304852,Medical Emergency,Moderate,2026-09-24 18:33:00
I01698,Z01,North Chennai,13.094879,80.238369,Flooded Road,Moderate,2026-09-24 05:38:00
I01699,Z01,North Chennai,13.122272,80.278495,Water Rescue,Low,2026-09-24 13:03:00
I01700,Z02,Central Chennai,13.095177,80.227451,Shelter Request,High,2026-09-24 03:12:00
I01701,Z03,Adyar,12.997611,80.259517,Water Rescue,High,2026-09-24 02:43:00
I01702,Z01,North Chennai,13.15498,80.239898,Flooded Road,High,2026-09-24 17:55:00
I01703,Z03,Adyar,13.031891,80.251017,Medical Emergency,Critical,2026-09-24 09:31:00
I01704,Z03,Adyar,13.028098,80.240654,Household Evacuation,Moderate,2026-09-24 02:55:00
I01705,Z05,South-West Chennai,13.011464,80.202179,Medical Emergency,High,2026-09-24 06:06:00
I01706,Z03,Adyar,12.985188,80.268507,Flooded Road,Critical,2026-09-24 05:50:00
I01707,Z03,Adyar,13.007907,80.26155,Flooded Road,Critical,2026-09-24 20:25:00
I01708,Z04,Velachery,12.969123,80.191742,Medical Emergency,Critical,2026-09-24 10:29:00
I01709,Z04,Velachery,12.974365,80.216389,Flooded Road,High,2026-09-24 02:03:00
I01710,Z02,Central Chennai,13.063554,80.266174,Water Rescue,Moderate,2026-09-24 14:58:00
I01711,Z05,South-West Chennai,13.036891,80.209528,Shelter Request,High,2026-09-24 04:50:00
I01712,Z01,North Chennai,13.120247,80.265252,Shelter Request,Critical,2026-09-24 03:04:00
I01713,Z01,North Chennai,13.098332,80.266052,Shelter Request,High,2026-09-24 00:20:00
I01714,Z02,Central Chennai,13.052379,80.246226,Medical Emergency,Moderate,2026-09-24 12:02:00
I01715,Z04,Velachery,12.983981,80.219285,Flooded Road,Critical,2026-09-24 10:27:00
I01716,Z04,Velachery,13.00867,80.20412,Household Evacuation,High,2026-09-24 03:03:00
I01717,Z02,Central Chennai,13.056546,80.26624,Flooded Road,Moderate,2026-09-24 01:46:00
I01718,Z05,South-West Chennai,12.982249,80.166247,Flooded Road,Moderate,2026-09-24 15:21:00
I01719,Z05,South-West Chennai,13.06743,80.188431,Flooded Road,Low,2026-09-24 17:52:00
I01720,Z03,Adyar,13.047457,80.259222,Medical Emergency,Low,2026-09-24 07:27:00
I01721,Z03,Adyar,13.006448,80.244631,Medical Emergency,Critical,2026-09-24 22:20:00
I01722,Z04,Velachery,12.970215,80.211687,Household Evacuation,High,2026-09-24 01:41:00
I01723,Z01,North Chennai,13.109382,80.297231,Household Evacuation,High,2026-09-24 06:48:00
I01724,Z02,Central Chennai,13.051623,80.255731,Medical Emergency,High,2026-09-24 09:17:00
I01725,Z03,Adyar,12.996579,80.279956,Water Rescue,High,2026-09-24 13:18:00
I01726,Z02,Central Chennai,13.080027,80.291161,Household Evacuation,Moderate,2026-09-24 06:37:00
I01727,Z02,Central Chennai,13.088106,80.289035,Medical Emergency,High,2026-09-24 19:47:00
I01728,Z03,Adyar,12.994968,80.217178,Shelter Request,High,2026-09-24 02:28:00
I01729,Z01,North Chennai,13.100394,80.283385,Flooded Road,Critical,2026-09-24 05:48:00
I01730,Z03,Adyar,12.960315,80.259694,Medical Emergency,Critical,2026-09-24 23:20:00
I01731,Z01,North Chennai,13.145848,80.323115,Water Rescue,High,2026-09-24 08:34:00
I01732,Z04,Velachery,12.988173,80.171098,Household Evacuation,Moderate,2026-09-24 18:12:00
I01733,Z01,North Chennai,13.136995,80.280607,Household Evacuation,Critical,2026-09-24 20:25:00
I01734,Z02,Central Chennai,13.073583,80.248846,Flooded Road,High,2026-09-24 19:08:00
I01735,Z01,North Chennai,13.085058,80.323566,Water Rescue,Moderate,2026-09-24 12:56:00
I01736,Z05,South-West Chennai,13.038405,80.177016,Household Evacuation,Moderate,2026-09-24 23:41:00
I01737,Z03,Adyar,13.01795,80.239806,Household Evacuation,Critical,2026-09-24 03:45:00
I01738,Z01,North Chennai,13.127975,80.317279,Flooded Road,Low,2026-09-24 17:26:00
I01739,Z05,South-West Chennai,13.015131,80.185129,Flooded Road,Moderate,2026-09-24 02:19:00
I01740,Z01,North Chennai,13.136088,80.286831,Flooded Road,Critical,2026-09-24 16:50:00
I01741,Z04,Velachery,12.985413,80.249023,Flooded Road,Moderate,2026-09-24 01:17:00
I01742,Z04,Velachery,12.964017,80.235465,Flooded Road,Critical,2026-09-24 05:01:00
I01743,Z03,Adyar,13.031472,80.280735,Medical Emergency,High,2026-09-24 12:18:00
I01744,Z01,North Chennai,13.111364,80.301144,Medical Emergency,Moderate,2026-09-24 16:27:00
I01745,Z05,South-West Chennai,13.025767,80.180003,Medical Emergency,High,2026-09-24 23:11:00
I01746,Z01,North Chennai,13.096284,80.302371,Household Evacuation,High,2026-09-24 03:15:00
I01747,Z01,North Chennai,13.111043,80.306517,Medical Emergency,High,2026-09-24 22:02:00
I01748,Z03,Adyar,13.003061,80.273583,Household Evacuation,High,2026-09-24 20:21:00
I01749,Z01,North Chennai,13.105746,80.319831,Household Evacuation,Moderate,2026-09-24 11:14:00
I01750,Z04,Velachery,12.993265,80.234906,Medical Emergency,High,2026-09-24 23:48:00
I01751,Z01,North Chennai,13.125683,80.278566,Flooded Road,Moderate,2026-09-24 20:36:00
I01752,Z05,South-West Chennai,13.015852,80.17239,Flooded Road,Moderate,2026-09-24 04:55:00
I01753,Z04,Velachery,12.96876,80.191438,Water Rescue,Critical,2026-09-24 14:55:00
I01754,Z05,South-West Chennai,13.037023,80.143293,Medical Emergency,High,2026-09-24 20:32:00
I01755,Z04,Velachery,12.937128,80.220697,Medical Emergency,Critical,2026-09-24 08:33:00
I01756,Z04,Velachery,12.966148,80.225441,Water Rescue,Low,2026-09-24 05:32:00
I01757,Z03,Adyar,13.025565,80.248469,Water Rescue,High,2026-09-24 05:00:00
I01758,Z05,South-West Chennai,13.028404,80.169638,Shelter Request,Low,2026-09-24 18:49:00
I01759,Z04,Velachery,12.991575,80.25086,Shelter Request,High,2026-09-24 04:02:00
I01760,Z05,South-West Chennai,13.01647,80.171225,Shelter Request,Critical,2026-09-24 04:22:00
I01761,Z03,Adyar,13.001274,80.216744,Water Rescue,High,2026-09-24 06:03:00
I01762,Z05,South-West Chennai,13.030637,80.179736,Water Rescue,High,2026-09-24 09:00:00
I01763,Z04,Velachery,13.034785,80.219365,Household Evacuation,Critical,2026-09-24 03:21:00
I01764,Z02,Central Chennai,13.051873,80.266222,Water Rescue,High,2026-09-24 05:13:00
I01765,Z05,South-West Chennai,13.009761,80.183741,Flooded Road,Moderate,2026-09-24 00:43:00
I01766,Z01,North Chennai,13.09592,80.232496,Flooded Road,Critical,2026-09-24 19:56:00
I01767,Z02,Central Chennai,13.084286,80.30592,Water Rescue,High,2026-09-24 23:41:00
I01768,Z05,South-West Chennai,13.032031,80.180448,Shelter Request,High,2026-09-24 03:06:00
I01769,Z04,Velachery,12.989328,80.208424,Water Rescue,High,2026-09-24 11:34:00
I01770,Z03,Adyar,13.009828,80.279808,Medical Emergency,Moderate,2026-09-24 01:31:00
I01771,Z04,Velachery,12.968237,80.222564,Household Evacuation,High,2026-09-24 22:03:00
I01772,Z04,Velachery,12.995201,80.213425,Household Evacuation,High,2026-09-24 07:05:00
I01773,Z03,Adyar,13.007206,80.256321,Shelter Request,Critical,2026-09-24 10:32:00
I01774,Z02,Central Chennai,13.09129,80.276066,Flooded Road,High,2026-09-24 22:43:00
I01775,Z03,Adyar,13.006977,80.294588,Flooded Road,High,2026-09-24 08:49:00
I01776,Z04,Velachery,13.004844,80.235551,Flooded Road,Critical,2026-09-24 02:51:00
I01777,Z05,South-West Chennai,13.034026,80.182582,Shelter Request,High,2026-09-24 14:10:00
I01778,Z04,Velachery,12.992252,80.248227,Flooded Road,Critical,2026-09-24 14:43:00
I01779,Z05,South-West Chennai,13.000415,80.154546,Flooded Road,Moderate,2026-09-24 01:39:00
I01780,Z05,South-West Chennai,13.002259,80.188164,Flooded Road,Moderate,2026-09-24 05:26:00
I01781,Z02,Central Chennai,13.099229,80.271539,Medical Emergency,High,2026-09-24 07:36:00
I01782,Z04,Velachery,12.958709,80.237611,Flooded Road,High,2026-09-24 10:53:00
I01783,Z01,North Chennai,13.120759,80.281526,Flooded Road,Moderate,2026-09-24 05:43:00
I01784,Z02,Central Chennai,13.088288,80.301171,Medical Emergency,Moderate,2026-09-24 11:19:00
I01785,Z02,Central Chennai,13.095863,80.243659,Medical Emergency,Low,2026-09-24 10:33:00
I01786,Z02,Central Chennai,13.088525,80.243273,Medical Emergency,Moderate,2026-09-24 22:46:00
I01787,Z03,Adyar,12.96909,80.245519,Medical Emergency,Moderate,2026-09-24 05:53:00
I01788,Z01,North Chennai,13.081786,80.320195,Household Evacuation,High,2026-09-24 02:15:00
I01789,Z01,North Chennai,13.128035,80.259712,Household Evacuation,High,2026-09-24 17:25:00
I01790,Z03,Adyar,12.99527,80.259802,Flooded Road,Moderate,2026-09-24 04:56:00
I01791,Z05,South-West Chennai,13.042183,80.162855,Water Rescue,High,2026-09-24 08:40:00
I01792,Z04,Velachery,12.978751,80.199285,Flooded Road,High,2026-09-24 05:47:00
I01793,Z03,Adyar,13.031736,80.235964,Household Evacuation,Moderate,2026-09-24 07:47:00
I01794,Z01,North Chennai,13.117529,80.274634,Household Evacuation,Moderate,2026-09-24 16:36:00
I01795,Z02,Central Chennai,13.099548,80.271659,Medical Emergency,High,2026-09-24 12:10:00
I01796,Z03,Adyar,13.025284,80.243356,Flooded Road,High,2026-09-24 00:50:00
I01797,Z02,Central Chennai,13.071832,80.248073,Water Rescue,Moderate,2026-09-24 01:55:00
I01798,Z01,North Chennai,13.057655,80.293746,Household Evacuation,High,2026-09-24 12:50:00
I01799,Z01,North Chennai,13.11609,80.267229,Household Evacuation,Moderate,2026-09-24 23:29:00
I01800,Z03,Adyar,12.996727,80.220318,Water Rescue,High,2026-09-24 22:24:00
I01801,Z04,Velachery,12.940784,80.23568,Flooded Road,Moderate,2026-09-24 11:24:00
I01802,Z05,South-West Chennai,13.033126,80.174036,Flooded Road,Critical,2026-09-24 17:13:00
I01803,Z02,Central Chennai,13.075532,80.280075,Water Rescue,Moderate,2026-09-24 04:39:00
I01804,Z01,North Chennai,13.110293,80.320483,Shelter Request,High,2026-09-24 23:58:00
I01805,Z05,South-West Chennai,13.02101,80.2016,Household Evacuation,High,2026-09-24 18:38:00
I01806,Z04,Velachery,12.984948,80.237489,Household Evacuation,High,2026-09-24 12:02:00
I01807,Z02,Central Chennai,13.073655,80.294863,Medical Emergency,High,2026-09-24 18:27:00
I01808,Z01,North Chennai,13.144317,80.286511,Water Rescue,High,2026-09-24 02:20:00
I01809,Z01,North Chennai,13.13207,80.286188,Shelter Request,Moderate,2026-09-24 11:49:00
I01810,Z05,South-West Chennai,13.01284,80.194491,Water Rescue,Moderate,2026-09-24 12:41:00
I01811,Z02,Central Chennai,13.098777,80.265257,Flooded Road,Critical,2026-09-24 21:55:00
I01812,Z01,North Chennai,13.132776,80.276989,Medical Emergency,Moderate,2026-09-24 04:57:00
I01813,Z04,Velachery,12.974784,80.222095,Household Evacuation,Critical,2026-09-24 17:08:00
I01814,Z03,Adyar,13.008808,80.257004,Medical Emergency,Moderate,2026-09-24 11:03:00
I01815,Z05,South-West Chennai,13.008886,80.185312,Flooded Road,High,2026-09-24 23:10:00
I01816,Z03,Adyar,13.024486,80.264871,Medical Emergency,High,2026-09-24 11:25:00
I01817,Z03,Adyar,12.996371,80.262459,Flooded Road,Moderate,2026-09-24 05:39:00
I01818,Z03,Adyar,12.985404,80.228846,Flooded Road,High,2026-09-24 10:49:00
I01819,Z03,Adyar,13.033008,80.253481,Medical Emergency,High,2026-09-24 18:36:00
I01820,Z05,South-West Chennai,13.01846,80.171697,Water Rescue,High,2026-09-24 18:43:00
I01821,Z01,North Chennai,13.096213,80.282053,Medical Emergency,Moderate,2026-09-24 15:27:00
I01822,Z03,Adyar,12.991286,80.264186,Household Evacuation,High,2026-09-24 00:17:00
I01823,Z01,North Chennai,13.120783,80.278493,Flooded Road,Critical,2026-09-24 11:24:00
I01824,Z01,North Chennai,13.114679,80.298193,Household Evacuation,High,2026-09-24 17:30:00
I01825,Z05,South-West Chennai,13.009736,80.151964,Household Evacuation,Critical,2026-09-24 06:26:00
I01826,Z04,Velachery,12.966916,80.186834,Household Evacuation,High,2026-09-24 02:42:00
I01827,Z04,Velachery,12.976402,80.182142,Shelter Request,Moderate,2026-09-24 07:55:00
I01828,Z05,South-West Chennai,12.993184,80.143498,Shelter Request,Low,2026-09-24 18:25:00
I01829,Z05,South-West Chennai,13.022045,80.193531,Medical Emergency,Critical,2026-09-24 12:00:00
I01830,Z03,Adyar,13.01756,80.241332,Water Rescue,High,2026-09-24 15:29:00
I01831,Z05,South-West Chennai,13.0354,80.149579,Medical Emergency,Critical,2026-09-24 12:59:00
I01832,Z03,Adyar,13.037705,80.245168,Flooded Road,High,2026-09-24 03:38:00
I01833,Z01,North Chennai,13.151651,80.316124,Flooded Road,High,2026-09-24 23:02:00
I01834,Z05,South-West Chennai,13.043519,80.154835,Household Evacuation,High,2026-09-24 19:31:00
I01835,Z02,Central Chennai,13.060962,80.256172,Medical Emergency,Moderate,2026-09-24 03:02:00
I01836,Z05,South-West Chennai,13.018554,80.170498,Flooded Road,High,2026-09-24 00:50:00
I01837,Z02,Central Chennai,13.073991,80.299772,Water Rescue,High,2026-09-24 05:25:00
I01838,Z01,North Chennai,13.094934,80.277856,Medical Emergency,Critical,2026-09-24 08:28:00
I01839,Z02,Central Chennai,13.076233,80.286921,Household Evacuation,Critical,2026-09-24 08:30:00
I01840,Z05,South-West Chennai,13.000654,80.201812,Shelter Request,Low,2026-09-24 12:31:00
I01841,Z02,Central Chennai,13.099955,80.273347,Water Rescue,Low,2026-09-24 21:35:00
I01842,Z02,Central Chennai,13.064683,80.273199,Medical Emergency,High,2026-09-24 18:58:00
I01843,Z03,Adyar,12.998245,80.23223,Shelter Request,Moderate,2026-09-24 20:54:00
I01844,Z05,South-West Chennai,13.00641,80.185429,Household Evacuation,Critical,2026-09-24 00:01:00
I01845,Z03,Adyar,13.00616,80.288416,Water Rescue,Critical,2026-09-24 07:48:00
I01846,Z01,North Chennai,13.126173,80.289958,Flooded Road,Moderate,2026-09-24 21:03:00
I01847,Z02,Central Chennai,13.05888,80.249916,Water Rescue,Critical,2026-09-24 08:50:00
I01848,Z02,Central Chennai,13.065941,80.258253,Flooded Road,Critical,2026-09-24 15:15:00
I01849,Z04,Velachery,13.011693,80.183303,Medical Emergency,High,2026-09-24 03:58:00
I01850,Z02,Central Chennai,13.039984,80.290128,Flooded Road,High,2026-09-24 16:00:00
I01851,Z05,South-West Chennai,13.001842,80.19725,Medical Emergency,High,2026-09-24 09:03:00
I01852,Z02,Central Chennai,13.101476,80.268619,Medical Emergency,High,2026-09-24 11:38:00
I01853,Z02,Central Chennai,13.092327,80.273652,Water Rescue,Critical,2026-09-24 04:18:00
I01854,Z04,Velachery,12.990958,80.220315,Flooded Road,High,2026-09-24 04:37:00
I01855,Z05,South-West Chennai,13.016205,80.159378,Household Evacuation,Low,2026-09-24 10:38:00
I01856,Z04,Velachery,12.979706,80.212699,Flooded Road,High,2026-09-24 02:09:00
I01857,Z01,North Chennai,13.132027,80.298863,Household Evacuation,Low,2026-09-24 15:47:00
I01858,Z05,South-West Chennai,13.007243,80.158159,Household Evacuation,High,2026-09-24 10:09:00
I01859,Z02,Central Chennai,13.11387,80.251714,Medical Emergency,High,2026-09-24 18:14:00
I01860,Z01,North Chennai,13.122866,80.303274,Household Evacuation,Moderate,2026-09-24 13:22:00
I01861,Z02,Central Chennai,13.062486,80.241929,Household Evacuation,High,2026-09-24 22:04:00
I01862,Z05,South-West Chennai,13.019708,80.143831,Flooded Road,High,2026-09-24 16:13:00
I01863,Z03,Adyar,12.999361,80.223976,Flooded Road,High,2026-09-24 11:55:00
I01864,Z04,Velachery,12.996534,80.269097,Household Evacuation,Moderate,2026-09-24 10:00:00
I01865,Z02,Central Chennai,13.071756,80.307218,Medical Emergency,High,2026-09-24 15:55:00
I01866,Z01,North Chennai,13.120012,80.290538,Water Rescue,High,2026-09-24 08:00:00
I01867,Z05,South-West Chennai,13.041121,80.172052,Flooded Road,Low,2026-09-24 02:38:00
I01868,Z01,North Chennai,13.1123,80.286731,Shelter Request,High,2026-09-24 07:46:00
I01869,Z01,North Chennai,13.10328,80.269654,Flooded Road,Low,2026-09-24 20:16:00
I01870,Z04,Velachery,12.990754,80.238738,Medical Emergency,Moderate,2026-09-24 14:34:00
I01871,Z05,South-West Chennai,13.013552,80.153408,Flooded Road,Moderate,2026-09-24 21:30:00
I01872,Z02,Central Chennai,13.069485,80.227768,Flooded Road,Moderate,2026-09-24 01:36:00
I01873,Z03,Adyar,13.006284,80.248203,Shelter Request,Moderate,2026-09-24 09:34:00
I01874,Z04,Velachery,13.011211,80.241285,Household Evacuation,High,2026-09-24 19:44:00
I01875,Z05,South-West Chennai,13.008751,80.188845,Medical Emergency,High,2026-09-24 00:30:00
I01876,Z02,Central Chennai,13.065204,80.278822,Household Evacuation,Moderate,2026-09-24 09:31:00
I01877,Z05,South-West Chennai,12.997268,80.202957,Medical Emergency,Moderate,2026-09-24 16:45:00
I01878,Z04,Velachery,12.946548,80.238287,Shelter Request,Moderate,2026-09-24 12:06:00
I01879,Z01,North Chennai,13.12948,80.286367,Household Evacuation,Moderate,2026-09-24 23:13:00
I01880,Z04,Velachery,12.971871,80.235539,Flooded Road,Low,2026-09-24 21:01:00
I01881,Z04,Velachery,12.956874,80.232598,Household Evacuation,High,2026-09-24 16:42:00
I01882,Z01,North Chennai,13.100613,80.285325,Flooded Road,High,2026-09-24 18:35:00
I01883,Z05,South-West Chennai,13.039762,80.187264,Flooded Road,Moderate,2026-09-24 20:29:00
I01884,Z02,Central Chennai,13.090205,80.300355,Water Rescue,Low,2026-09-24 22:01:00
I01885,Z02,Central Chennai,13.07017,80.277239,Flooded Road,Low,2026-09-24 19:56:00
I01886,Z03,Adyar,13.032482,80.296314,Flooded Road,Low,2026-09-24 05:01:00
I01887,Z05,South-West Chennai,13.002824,80.199992,Flooded Road,Moderate,2026-09-24 04:22:00
I01888,Z03,Adyar,12.989965,80.256303,Flooded Road,Low,2026-09-24 14:45:00
I01889,Z05,South-West Chennai,13.034191,80.17829,Flooded Road,Low,2026-09-24 04:15:00
I01890,Z02,Central Chennai,13.066705,80.296106,Medical Emergency,Moderate,2026-09-24 07:26:00
I01891,Z03,Adyar,13.01664,80.277398,Household Evacuation,High,2026-09-24 19:35:00
I01892,Z01,North Chennai,13.109537,80.299641,Flooded Road,Critical,2026-09-24 07:45:00
I01893,Z03,Adyar,13.005489,80.27124,Household Evacuation,Critical,2026-09-24 05:59:00
I01894,Z05,South-West Chennai,13.027157,80.161875,Household Evacuation,Critical,2026-09-24 11:35:00
I01895,Z04,Velachery,12.987572,80.188398,Water Rescue,High,2026-09-24 05:01:00
I01896,Z02,Central Chennai,13.081078,80.288834,Household Evacuation,Moderate,2026-09-24 04:10:00
I01897,Z03,Adyar,13.010366,80.242324,Medical Emergency,High,2026-09-24 15:34:00
I01898,Z01,North Chennai,13.105578,80.262587,Household Evacuation,Moderate,2026-09-24 19:52:00
I01899,Z01,North Chennai,13.077167,80.25748,Flooded Road,Critical,2026-09-24 16:01:00
I01900,Z05,South-West Chennai,13.021442,80.182308,Water Rescue,High,2026-09-24 02:15:00
I01901,Z01,North Chennai,13.132336,80.254202,Medical Emergency,Critical,2026-09-24 19:14:00
I01902,Z01,North Chennai,13.119137,80.267172,Medical Emergency,High,2026-09-24 15:49:00
I01903,Z05,South-West Chennai,13.010762,80.176697,Household Evacuation,Critical,2026-09-24 03:49:00
I01904,Z05,South-West Chennai,13.014512,80.187625,Medical Emergency,High,2026-09-24 17:02:00
I01905,Z01,North Chennai,13.106421,80.2871,Household Evacuation,High,2026-09-24 06:53:00
I01906,Z05,South-West Chennai,13.014115,80.166353,Household Evacuation,Low,2026-09-24 18:17:00
I01907,Z02,Central Chennai,13.105361,80.246954,Household Evacuation,Moderate,2026-09-24 02:34:00
I01908,Z04,Velachery,12.963868,80.231122,Flooded Road,High,2026-09-24 14:01:00
I01909,Z01,North Chennai,13.124686,80.275023,Household Evacuation,High,2026-09-24 10:40:00
I01910,Z04,Velachery,12.981491,80.238432,Medical Emergency,High,2026-09-24 22:50:00
I01911,Z03,Adyar,13.048093,80.235339,Household Evacuation,Low,2026-09-24 22:54:00
I01912,Z02,Central Chennai,13.080221,80.328875,Medical Emergency,Moderate,2026-09-24 13:12:00
I01913,Z03,Adyar,12.996623,80.274254,Water Rescue,Low,2026-09-24 00:26:00
I01914,Z04,Velachery,12.965594,80.228132,Household Evacuation,Low,2026-09-24 07:57:00
I01915,Z01,North Chennai,13.121103,80.280372,Medical Emergency,Moderate,2026-09-24 11:03:00
I01916,Z05,South-West Chennai,13.011658,80.154216,Household Evacuation,High,2026-09-24 21:26:00
I01917,Z02,Central Chennai,13.107896,80.274646,Water Rescue,Moderate,2026-09-24 11:21:00
I01918,Z05,South-West Chennai,13.012055,80.188777,Medical Emergency,Critical,2026-09-24 04:23:00
I01919,Z03,Adyar,13.03736,80.266402,Household Evacuation,High,2026-09-24 17:07:00
I01920,Z04,Velachery,12.98415,80.206345,Household Evacuation,Moderate,2026-09-24 15:49:00
I01921,Z05,South-West Chennai,13.014183,80.195257,Medical Emergency,Moderate,2026-09-24 19:21:00
I01922,Z05,South-West Chennai,13.024913,80.174175,Shelter Request,High,2026-09-24 14:35:00
I01923,Z04,Velachery,12.946381,80.220312,Water Rescue,High,2026-09-24 15:11:00
I01924,Z04,Velachery,12.962852,80.24307,Flooded Road,High,2026-09-24 10:54:00
I01925,Z05,South-West Chennai,13.047377,80.18719,Flooded Road,Low,2026-09-24 11:20:00
I01926,Z05,South-West Chennai,13.033402,80.187707,Flooded Road,Moderate,2026-09-24 06:55:00
I01927,Z04,Velachery,12.98514,80.25094,Medical Emergency,High,2026-09-24 07:37:00
I01928,Z02,Central Chennai,13.071363,80.260013,Water Rescue,Low,2026-09-24 16:32:00
I01929,Z04,Velachery,13.001464,80.231889,Shelter Request,Moderate,2026-09-24 13:22:00
I01930,Z02,Central Chennai,13.054349,80.285703,Flooded Road,High,2026-09-24 18:07:00
I01931,Z03,Adyar,13.025779,80.247448,Flooded Road,High,2026-09-24 23:16:00
I01932,Z05,South-West Chennai,13.021262,80.183124,Medical Emergency,High,2026-09-24 12:32:00
I01933,Z03,Adyar,13.021838,80.272411,Shelter Request,High,2026-09-24 00:52:00
I01934,Z03,Adyar,12.998044,80.254986,Household Evacuation,Critical,2026-09-24 07:29:00
I01935,Z01,North Chennai,13.114648,80.262388,Household Evacuation,Low,2026-09-24 21:23:00
I01936,Z03,Adyar,13.043288,80.2409,Medical Emergency,Critical,2026-09-24 09:43:00
I01937,Z04,Velachery,12.999267,80.191444,Medical Emergency,High,2026-09-24 17:45:00
I01938,Z02,Central Chennai,13.069464,80.268176,Flooded Road,High,2026-09-24 00:49:00
I01939,Z01,North Chennai,13.140345,80.329253,Household Evacuation,Moderate,2026-09-24 14:51:00
I01940,Z02,Central Chennai,13.068021,80.282444,Flooded Road,High,2026-09-24 07:55:00
I01941,Z03,Adyar,13.072427,80.248,Medical Emergency,High,2026-09-24 07:17:00
I01942,Z02,Central Chennai,13.106589,80.299269,Water Rescue,High,2026-09-24 22:39:00
I01943,Z04,Velachery,12.960133,80.200978,Medical Emergency,Critical,2026-09-24 22:59:00
I01944,Z01,North Chennai,13.121706,80.282253,Household Evacuation,Critical,2026-09-24 20:32:00
I01945,Z01,North Chennai,13.124638,80.271812,Medical Emergency,Moderate,2026-09-24 15:08:00
I01946,Z02,Central Chennai,13.077764,80.262596,Water Rescue,High,2026-09-24 10:15:00
I01947,Z04,Velachery,12.984929,80.174213,Water Rescue,Moderate,2026-09-24 23:50:00
I01948,Z05,South-West Chennai,13.012397,80.146766,Water Rescue,Moderate,2026-09-24 06:43:00
I01949,Z04,Velachery,12.999002,80.193374,Shelter Request,Critical,2026-09-24 01:46:00
I01950,Z02,Central Chennai,13.046079,80.27291,Flooded Road,High,2026-09-24 05:49:00
I01951,Z02,Central Chennai,13.059502,80.254996,Household Evacuation,High,2026-09-24 16:15:00
I01952,Z05,South-West Chennai,13.001138,80.219243,Household Evacuation,High,2026-09-24 02:59:00
I01953,Z04,Velachery,12.994326,80.212629,Medical Emergency,Low,2026-09-24 09:26:00
I01954,Z05,South-West Chennai,13.006283,80.200765,Flooded Road,High,2026-09-24 08:37:00
I01955,Z04,Velachery,12.980923,80.215954,Flooded Road,Critical,2026-09-24 16:41:00
I01956,Z05,South-West Chennai,13.03518,80.168799,Flooded Road,Moderate,2026-09-24 02:41:00
I01957,Z04,Velachery,12.97879,80.215732,Water Rescue,High,2026-09-24 23:29:00
I01958,Z02,Central Chennai,13.088036,80.282551,Flooded Road,Moderate,2026-09-24 15:29:00
I01959,Z05,South-West Chennai,13.041019,80.175442,Medical Emergency,Critical,2026-09-24 22:11:00
I01960,Z04,Velachery,12.995059,80.220181,Shelter Request,Low,2026-09-24 05:03:00
I01961,Z04,Velachery,12.996724,80.192464,Household Evacuation,Low,2026-09-24 12:18:00
I01962,Z05,South-West Chennai,13.001304,80.197898,Shelter Request,High,2026-09-24 18:02:00
I01963,Z03,Adyar,13.048182,80.243793,Flooded Road,Moderate,2026-09-24 13:12:00
I01964,Z01,North Chennai,13.138807,80.300576,Household Evacuation,High,2026-09-24 15:23:00
I01965,Z04,Velachery,12.957936,80.200924,Household Evacuation,High,2026-09-24 16:49:00
I01966,Z04,Velachery,12.993036,80.266244,Water Rescue,Moderate,2026-09-24 09:42:00
I01967,Z03,Adyar,12.96907,80.262018,Flooded Road,High,2026-09-24 20:04:00
I01968,Z03,Adyar,13.039383,80.280731,Household Evacuation,High,2026-09-24 09:27:00
I01969,Z02,Central Chennai,13.052628,80.284888,Shelter Request,Moderate,2026-09-24 04:22:00
I01970,Z01,North Chennai,13.115399,80.314011,Flooded Road,High,2026-09-24 12:14:00
I01971,Z04,Velachery,12.960712,80.200945,Medical Emergency,Moderate,2026-09-24 11:18:00
I01972,Z01,North Chennai,13.136167,80.296658,Flooded Road,Critical,2026-09-24 23:04:00
I01973,Z01,North Chennai,13.130354,80.297137,Household Evacuation,Moderate,2026-09-24 15:56:00
I01974,Z05,South-West Chennai,13.013308,80.171929,Medical Emergency,High,2026-09-24 02:29:00
I01975,Z01,North Chennai,13.113528,80.297672,Shelter Request,Critical,2026-09-24 17:04:00
I01976,Z04,Velachery,12.974976,80.194995,Shelter Request,Low,2026-09-24 08:22:00
I01977,Z01,North Chennai,13.123411,80.283212,Medical Emergency,Low,2026-09-24 11:19:00
I01978,Z03,Adyar,13.026418,80.283594,Household Evacuation,High,2026-09-24 06:45:00
I01979,Z04,Velachery,12.989586,80.232231,Medical Emergency,Critical,2026-09-24 11:05:00
I01980,Z03,Adyar,13.030124,80.235645,Medical Emergency,Critical,2026-09-24 18:53:00
I01981,Z02,Central Chennai,13.078106,80.278313,Water Rescue,Moderate,2026-09-24 06:14:00
I01982,Z03,Adyar,12.98818,80.274611,Flooded Road,Low,2026-09-24 13:56:00
I01983,Z05,South-West Chennai,12.992736,80.153535,Household Evacuation,Moderate,2026-09-24 22:48:00
I01984,Z03,Adyar,13.030969,80.253035,Flooded Road,Critical,2026-09-24 15:01:00
I01985,Z03,Adyar,13.009588,80.228241,Shelter Request,Critical,2026-09-24 13:53:00
I01986,Z05,South-West Chennai,13.015212,80.185883,Water Rescue,Moderate,2026-09-24 12:05:00
I01987,Z04,Velachery,12.980274,80.20223,Water Rescue,High,2026-09-24 07:34:00
I01988,Z03,Adyar,13.028356,80.263437,Shelter Request,High,2026-09-24 17:13:00
I01989,Z05,South-West Chennai,13.060967,80.16716,Household Evacuation,Low,2026-09-24 07:27:00
I01990,Z01,North Chennai,13.130178,80.267819,Household Evacuation,Critical,2026-09-24 00:46:00
I01991,Z01,North Chennai,13.151135,80.304518,Household Evacuation,Moderate,2026-09-24 22:14:00
I01992,Z02,Central Chennai,13.07621,80.264391,Shelter Request,Moderate,2026-09-24 13:52:00
I01993,Z04,Velachery,13.007893,80.188821,Household Evacuation,High,2026-09-24 18:36:00
I01994,Z02,Central Chennai,13.075715,80.269677,Flooded Road,High,2026-09-24 23:07:00
I01995,Z05,South-West Chennai,13.024386,80.161358,Flooded Road,Moderate,2026-09-24 09:55:00
I01996,Z03,Adyar,13.02234,80.239401,Shelter Request,High,2026-09-24 02:05:00
I01997,Z04,Velachery,12.981326,80.212694,Household Evacuation,High,2026-09-24 01:14:00
I01998,Z05,South-West Chennai,12.998512,80.160308,Medical Emergency,High,2026-09-24 18:40:00
I01999,Z05,South-West Chennai,13.02355,80.187357,Shelter Request,Moderate,2026-09-24 15:01:00
I02000,Z03,Adyar,13.028071,80.292811,Water Rescue,High,2026-09-24 06:46:00
I02001,Z03,Adyar,12.992042,80.267913,Flooded Road,Moderate,2026-09-24 07:20:00
I02002,Z04,Velachery,12.972462,80.211657,Household Evacuation,High,2026-09-24 01:47:00
I02003,Z04,Velachery,12.984761,80.19733,Household Evacuation,Low,2026-09-24 07:02:00
I02004,Z02,Central Chennai,13.071624,80.253129,Household Evacuation,High,2026-09-24 17:36:00
I02005,Z01,North Chennai,13.111687,80.320577,Medical Emergency,Moderate,2026-09-24 09:01:00
I02006,Z02,Central Chennai,13.078434,80.273799,Flooded Road,Moderate,2026-09-24 10:18:00
I02007,Z03,Adyar,13.003595,80.247873,Flooded Road,Critical,2026-09-24 08:53:00
I02008,Z05,South-West Chennai,13.020974,80.152626,Medical Emergency,High,2026-09-24 02:59:00
I02009,Z05,South-West Chennai,13.047499,80.184176,Shelter Request,Critical,2026-09-24 08:48:00
I02010,Z05,South-West Chennai,12.979842,80.163591,Medical Emergency,Moderate,2026-09-24 09:13:00
I02011,Z03,Adyar,12.99633,80.255152,Water Rescue,High,2026-09-24 13:49:00
I02012,Z04,Velachery,12.970979,80.249773,Water Rescue,Critical,2026-09-24 23:25:00
I02013,Z03,Adyar,12.991274,80.272746,Shelter Request,High,2026-09-24 01:02:00
I02014,Z01,North Chennai,13.120578,80.271421,Medical Emergency,High,2026-09-24 17:37:00
I02015,Z04,Velachery,12.977571,80.220835,Flooded Road,Moderate,2026-09-24 19:16:00
I02016,Z04,Velachery,12.983653,80.21595,Household Evacuation,High,2026-09-24 02:51:00
I02017,Z03,Adyar,13.010388,80.271656,Medical Emergency,High,2026-09-24 07:02:00
I02018,Z02,Central Chennai,13.071289,80.276608,Medical Emergency,Low,2026-09-24 06:18:00
I02019,Z04,Velachery,12.972274,80.187756,Water Rescue,High,2026-09-24 05:56:00
I02020,Z05,South-West Chennai,13.022553,80.170329,Household Evacuation,High,2026-09-24 13:04:00
I02021,Z02,Central Chennai,13.09027,80.279087,Medical Emergency,High,2026-09-24 07:25:00
I02022,Z03,Adyar,13.015768,80.243375,Water Rescue,Moderate,2026-09-24 10:00:00
I02023,Z02,Central Chennai,13.11938,80.253226,Medical Emergency,High,2026-09-24 16:04:00
I02024,Z02,Central Chennai,13.072179,80.251487,Shelter Request,High,2026-09-24 03:26:00
I02025,Z04,Velachery,12.969696,80.199183,Shelter Request,Low,2026-09-24 14:58:00
I02026,Z04,Velachery,12.986106,80.210105,Household Evacuation,Critical,2026-09-24 06:15:00
I02027,Z05,South-West Chennai,13.013122,80.139448,Household Evacuation,Moderate,2026-09-24 14:48:00
I02028,Z02,Central Chennai,13.057468,80.28535,Flooded Road,High,2026-09-24 09:10:00
I02029,Z02,Central Chennai,13.076971,80.268787,Household Evacuation,High,2026-09-24 03:38:00
I02030,Z01,North Chennai,13.111784,80.290724,Household Evacuation,Critical,2026-09-24 18:39:00
I02031,Z02,Central Chennai,13.082981,80.270791,Flooded Road,Moderate,2026-09-24 04:49:00
I02032,Z05,South-West Chennai,12.994308,80.190805,Water Rescue,Moderate,2026-09-24 16:13:00
I02033,Z01,North Chennai,13.101911,80.309185,Flooded Road,High,2026-09-24 23:02:00
I02034,Z02,Central Chennai,13.081713,80.259788,Flooded Road,High,2026-09-24 11:52:00
I02035,Z04,Velachery,13.005724,80.190828,Household Evacuation,Critical,2026-09-24 01:25:00
I02036,Z02,Central Chennai,13.094029,80.248916,Shelter Request,Low,2026-09-24 22:13:00
I02037,Z01,North Chennai,13.096013,80.248363,Water Rescue,Critical,2026-09-24 08:40:00
I02038,Z04,Velachery,12.976273,80.217744,Household Evacuation,High,2026-09-24 01:22:00
I02039,Z02,Central Chennai,13.070592,80.281211,Water Rescue,Critical,2026-09-24 19:21:00
I02040,Z02,Central Chennai,13.052227,80.295293,Household Evacuation,Moderate,2026-09-24 07:59:00
I02041,Z02,Central Chennai,13.08251,80.26978,Medical Emergency,Moderate,2026-09-24 20:03:00
I02042,Z02,Central Chennai,13.095938,80.231022,Flooded Road,High,2026-09-24 13:06:00
I02043,Z05,South-West Chennai,12.975912,80.211694,Shelter Request,High,2026-09-24 17:34:00
I02044,Z05,South-West Chennai,13.014043,80.184601,Shelter Request,Critical,2026-09-24 09:33:00
I02045,Z05,South-West Chennai,13.010195,80.187886,Shelter Request,Critical,2026-09-24 08:36:00
I02046,Z01,North Chennai,13.126375,80.293695,Flooded Road,Low,2026-09-24 17:44:00
I02047,Z01,North Chennai,13.097495,80.284091,Water Rescue,Moderate,2026-09-24 20:02:00
I02048,Z01,North Chennai,13.134254,80.284543,Household Evacuation,Moderate,2026-09-24 13:38:00
I02049,Z03,Adyar,12.985848,80.25019,Household Evacuation,High,2026-09-24 00:22:00
I02050,Z03,Adyar,13.026799,80.240277,Flooded Road,Moderate,2026-09-24 15:12:00
I02051,Z01,North Chennai,13.100747,80.281312,Shelter Request,Low,2026-09-24 19:54:00
I02052,Z01,North Chennai,13.104021,80.290305,Medical Emergency,Moderate,2026-09-24 04:02:00
I02053,Z02,Central Chennai,13.085221,80.22941,Flooded Road,Moderate,2026-09-24 12:39:00
I02054,Z01,North Chennai,13.123507,80.279654,Medical Emergency,Moderate,2026-09-24 01:56:00
I02055,Z02,Central Chennai,13.057642,80.283802,Shelter Request,Moderate,2026-09-24 04:09:00
I02056,Z02,Central Chennai,13.09376,80.266928,Household Evacuation,High,2026-09-24 22:24:00
I02057,Z02,Central Chennai,13.084177,80.266369,Medical Emergency,High,2026-09-24 00:44:00
I02058,Z05,South-West Chennai,13.006343,80.199838,Flooded Road,Moderate,2026-09-24 06:02:00
I02059,Z03,Adyar,13.011484,80.271195,Medical Emergency,Critical,2026-09-24 15:13:00
I02060,Z01,North Chennai,13.129394,80.287892,Flooded Road,Moderate,2026-09-24 00:54:00
I02061,Z01,North Chennai,13.086875,80.271473,Shelter Request,Moderate,2026-09-24 04:48:00
I02062,Z01,North Chennai,13.104012,80.293504,Household Evacuation,Low,2026-09-24 10:26:00
I02063,Z02,Central Chennai,13.101883,80.270745,Water Rescue,High,2026-09-24 02:06:00
I02064,Z05,South-West Chennai,13.068033,80.174052,Flooded Road,Critical,2026-09-24 07:58:00
I02065,Z02,Central Chennai,13.089253,80.279899,Flooded Road,High,2026-09-24 07:42:00
I02066,Z05,South-West Chennai,13.003604,80.181772,Household Evacuation,High,2026-09-24 00:54:00
I02067,Z02,Central Chennai,13.037139,80.267144,Flooded Road,High,2026-09-24 01:55:00
I02068,Z03,Adyar,13.003771,80.294118,Household Evacuation,High,2026-09-24 20:02:00
I02069,Z05,South-West Chennai,13.035546,80.186468,Household Evacuation,Low,2026-09-24 18:32:00
I02070,Z01,North Chennai,13.118353,80.26345,Medical Emergency,Moderate,2026-09-24 16:56:00
I02071,Z03,Adyar,13.011911,80.266514,Flooded Road,High,2026-09-24 23:45:00
I02072,Z03,Adyar,13.028396,80.295378,Household Evacuation,Moderate,2026-09-24 23:10:00
I02073,Z02,Central Chennai,13.086067,80.301653,Shelter Request,High,2026-09-24 10:52:00
I02074,Z01,North Chennai,13.124715,80.278752,Medical Emergency,Moderate,2026-09-24 20:55:00
I02075,Z01,North Chennai,13.112662,80.266123,Household Evacuation,Moderate,2026-09-24 14:11:00
I02076,Z05,South-West Chennai,13.030659,80.174592,Medical Emergency,Low,2026-09-24 17:26:00
I02077,Z05,South-West Chennai,13.025011,80.175334,Flooded Road,High,2026-09-24 08:29:00
I02078,Z01,North Chennai,13.129269,80.272966,Shelter Request,High,2026-09-24 02:38:00
I02079,Z05,South-West Chennai,13.005105,80.161364,Flooded Road,Moderate,2026-09-24 22:40:00
I02080,Z05,South-West Chennai,13.002954,80.18919,Flooded Road,Critical,2026-09-24 08:44:00
I02081,Z02,Central Chennai,13.081369,80.262254,Household Evacuation,Moderate,2026-09-24 18:32:00
I02082,Z05,South-West Chennai,13.001076,80.155524,Medical Emergency,Critical,2026-09-24 04:23:00
I02083,Z03,Adyar,12.986939,80.248159,Water Rescue,Critical,2026-09-24 08:52:00
I02084,Z03,Adyar,12.998185,80.24852,Shelter Request,High,2026-09-24 04:48:00
I02085,Z01,North Chennai,13.12478,80.288341,Water Rescue,Moderate,2026-09-24 22:23:00
I02086,Z05,South-West Chennai,13.041838,80.184302,Household Evacuation,High,2026-09-24 17:05:00
I02087,Z01,North Chennai,13.127288,80.304882,Household Evacuation,Moderate,2026-09-24 08:52:00
I02088,Z04,Velachery,12.962071,80.189791,Flooded Road,Moderate,2026-09-24 08:07:00
I02089,Z02,Central Chennai,13.057546,80.244867,Shelter Request,Critical,2026-09-24 23:36:00
I02090,Z03,Adyar,12.984745,80.225289,Flooded Road,High,2026-09-24 18:37:00
I02091,Z05,South-West Chennai,13.017589,80.173733,Household Evacuation,High,2026-09-24 20:38:00
I02092,Z04,Velachery,12.997813,80.207232,Flooded Road,High,2026-09-24 22:49:00
I02093,Z04,Velachery,12.974957,80.218887,Household Evacuation,Low,2026-09-24 20:04:00
I02094,Z01,North Chennai,13.12514,80.294387,Flooded Road,High,2026-09-24 07:43:00
I02095,Z03,Adyar,12.998351,80.266552,Household Evacuation,Moderate,2026-09-24 07:28:00
I02096,Z03,Adyar,12.978248,80.267266,Household Evacuation,High,2026-09-24 05:35:00
I02097,Z02,Central Chennai,13.072321,80.265409,Household Evacuation,Moderate,2026-09-24 11:27:00
I02098,Z05,South-West Chennai,13.029832,80.198157,Flooded Road,Critical,2026-09-24 23:26:00
I02099,Z04,Velachery,12.961964,80.240431,Medical Emergency,Moderate,2026-09-24 03:24:00
I02100,Z02,Central Chennai,13.075425,80.273475,Household Evacuation,High,2026-09-24 05:48:00
I02101,Z04,Velachery,12.973902,80.219094,Flooded Road,Moderate,2026-09-24 20:54:00
I02102,Z05,South-West Chennai,12.996118,80.148896,Household Evacuation,Moderate,2026-09-24 17:39:00
I02103,Z05,South-West Chennai,12.97682,80.168548,Flooded Road,Moderate,2026-09-24 11:59:00
I02104,Z01,North Chennai,13.12336,80.292363,Flooded Road,Moderate,2026-09-24 21:42:00
I02105,Z05,South-West Chennai,13.051942,80.192773,Water Rescue,High,2026-09-24 06:11:00
I02106,Z01,North Chennai,13.121547,80.271223,Flooded Road,High,2026-09-24 16:46:00
I02107,Z05,South-West Chennai,13.031604,80.156389,Medical Emergency,High,2026-09-24 21:51:00
I02108,Z01,North Chennai,13.12535,80.2812,Shelter Request,Critical,2026-09-24 00:48:00
I02109,Z03,Adyar,13.04675,80.264255,Flooded Road,High,2026-09-24 05:17:00
I02110,Z01,North Chennai,13.098099,80.30073,Medical Emergency,High,2026-09-24 14:48:00
I02111,Z04,Velachery,13.01381,80.196758,Medical Emergency,High,2026-09-24 00:13:00
I02112,Z03,Adyar,12.998199,80.215895,Medical Emergency,Moderate,2026-09-24 16:00:00
I02113,Z03,Adyar,13.028779,80.251866,Household Evacuation,High,2026-09-24 10:03:00
I02114,Z04,Velachery,12.996975,80.210314,Medical Emergency,High,2026-09-24 11:05:00
I02115,Z02,Central Chennai,13.090624,80.303433,Household Evacuation,High,2026-09-24 03:40:00
I02116,Z02,Central Chennai,13.055658,80.287293,Household Evacuation,High,2026-09-24 19:18:00
I02117,Z04,Velachery,12.99146,80.203414,Household Evacuation,Moderate,2026-09-24 13:33:00
I02118,Z03,Adyar,13.03506,80.247181,Flooded Road,Critical,2026-09-24 12:27:00
I02119,Z04,Velachery,12.992617,80.239766,Flooded Road,Moderate,2026-09-24 23:19:00
I02120,Z02,Central Chennai,13.062699,80.273911,Medical Emergency,Moderate,2026-09-24 22:16:00
I02121,Z02,Central Chennai,13.075446,80.275388,Water Rescue,Moderate,2026-09-24 21:24:00
I02122,Z04,Velachery,12.984219,80.235268,Household Evacuation,High,2026-09-24 06:44:00
I02123,Z05,South-West Chennai,13.025136,80.166622,Water Rescue,High,2026-09-24 01:30:00
I02124,Z02,Central Chennai,13.064536,80.233465,Flooded Road,Moderate,2026-09-24 03:38:00
I02125,Z05,South-West Chennai,13.004576,80.192183,Water Rescue,Moderate,2026-09-24 04:16:00
I02126,Z03,Adyar,13.007146,80.278922,Medical Emergency,Critical,2026-09-24 01:32:00
I02127,Z04,Velachery,12.981291,80.219785,Household Evacuation,High,2026-09-24 01:11:00
I02128,Z02,Central Chennai,13.065619,80.259444,Household Evacuation,High,2026-09-24 17:23:00
I02129,Z01,North Chennai,13.084615,80.292318,Medical Emergency,High,2026-09-24 16:10:00
I02130,Z01,North Chennai,13.124961,80.259265,Medical Emergency,High,2026-09-24 08:50:00
I02131,Z01,North Chennai,13.107902,80.298058,Flooded Road,Moderate,2026-09-24 14:02:00
I02132,Z03,Adyar,13.005327,80.243077,Household Evacuation,High,2026-09-24 19:27:00
I02133,Z04,Velachery,12.975791,80.186367,Flooded Road,Moderate,2026-09-24 19:18:00
I02134,Z01,North Chennai,13.102041,80.30774,Flooded Road,Critical,2026-09-24 03:32:00
I02135,Z04,Velachery,12.980533,80.225287,Flooded Road,Moderate,2026-09-24 21:58:00
I02136,Z01,North Chennai,13.095445,80.283938,Shelter Request,Low,2026-09-24 01:17:00
I02137,Z05,South-West Chennai,12.993508,80.19942,Shelter Request,Critical,2026-09-24 21:41:00
I02138,Z01,North Chennai,13.095932,80.283194,Medical Emergency,High,2026-09-24 14:58:00
I02139,Z02,Central Chennai,13.063624,80.25738,Shelter Request,Low,2026-09-24 18:11:00
I02140,Z02,Central Chennai,13.051263,80.287652,Water Rescue,High,2026-09-24 09:35:00
I02141,Z01,North Chennai,13.123593,80.265642,Shelter Request,High,2026-09-24 09:43:00
I02142,Z04,Velachery,12.991211,80.201775,Water Rescue,Moderate,2026-09-24 01:41:00
I02143,Z01,North Chennai,13.153517,80.316088,Flooded Road,Moderate,2026-09-24 01:45:00
I02144,Z02,Central Chennai,13.048839,80.250282,Medical Emergency,High,2026-09-24 07:38:00
I02145,Z02,Central Chennai,13.113073,80.263729,Flooded Road,Moderate,2026-09-24 01:37:00
I02146,Z01,North Chennai,13.09637,80.27773,Shelter Request,Critical,2026-09-24 21:23:00
I02147,Z01,North Chennai,13.187691,80.275914,Water Rescue,Critical,2026-09-24 21:39:00
I02148,Z01,North Chennai,13.109964,80.300181,Household Evacuation,High,2026-09-24 07:56:00
I02149,Z02,Central Chennai,13.04133,80.249887,Flooded Road,Moderate,2026-09-24 03:34:00
I02150,Z04,Velachery,12.964789,80.234663,Flooded Road,High,2026-09-24 19:08:00
I02151,Z05,South-West Chennai,12.988792,80.161496,Medical Emergency,High,2026-09-24 22:21:00
I02152,Z03,Adyar,13.045789,80.256956,Shelter Request,Moderate,2026-09-24 10:33:00
I02153,Z04,Velachery,12.984364,80.249061,Flooded Road,Moderate,2026-09-24 10:27:00
I02154,Z01,North Chennai,13.12642,80.274772,Household Evacuation,Critical,2026-09-24 14:12:00
I02155,Z02,Central Chennai,13.084703,80.262154,Medical Emergency,High,2026-09-24 10:05:00
I02156,Z05,South-West Chennai,13.01079,80.181123,Water Rescue,Moderate,2026-09-24 10:04:00
I02157,Z02,Central Chennai,13.092189,80.242752,Medical Emergency,Critical,2026-09-24 17:54:00
I02158,Z02,Central Chennai,13.080191,80.287286,Household Evacuation,High,2026-09-24 01:14:00
I02159,Z01,North Chennai,13.135886,80.337015,Shelter Request,Low,2026-09-24 05:54:00
I02160,Z03,Adyar,12.993304,80.289772,Flooded Road,High,2026-09-24 07:32:00
I02161,Z01,North Chennai,13.144038,80.287723,Shelter Request,High,2026-09-24 02:58:00
I02162,Z01,North Chennai,13.13775,80.271729,Shelter Request,Moderate,2026-09-24 21:52:00
I02163,Z05,South-West Chennai,12.97895,80.172181,Flooded Road,Critical,2026-09-24 23:21:00
I02164,Z05,South-West Chennai,13.02983,80.1656,Flooded Road,Low,2026-09-24 21:09:00
I02165,Z03,Adyar,13.028819,80.221733,Flooded Road,Low,2026-09-24 17:01:00
I02166,Z03,Adyar,13.008477,80.283632,Medical Emergency,High,2026-09-24 10:33:00
I02167,Z02,Central Chennai,13.038443,80.294624,Water Rescue,Low,2026-09-24 17:42:00
I02168,Z03,Adyar,13.036696,80.228715,Medical Emergency,Critical,2026-09-24 07:09:00
I02169,Z02,Central Chennai,13.054032,80.245341,Medical Emergency,High,2026-09-24 17:09:00
I02170,Z01,North Chennai,13.086074,80.315296,Medical Emergency,Moderate,2026-09-24 05:10:00
I02171,Z03,Adyar,13.000124,80.263732,Water Rescue,High,2026-09-24 06:09:00
I02172,Z01,North Chennai,13.114449,80.319631,Flooded Road,Low,2026-09-24 09:12:00
I02173,Z04,Velachery,12.984816,80.218725,Household Evacuation,High,2026-09-24 18:40:00
I02174,Z04,Velachery,12.9836,80.203574,Flooded Road,Moderate,2026-09-24 21:00:00
I02175,Z04,Velachery,12.978923,80.225219,Flooded Road,High,2026-09-24 23:09:00
I02176,Z01,North Chennai,13.06964,80.269278,Medical Emergency,Low,2026-09-24 08:12:00
I02177,Z05,South-West Chennai,13.003936,80.17397,Household Evacuation,High,2026-09-24 09:20:00
I02178,Z04,Velachery,12.983703,80.195118,Flooded Road,Critical,2026-09-24 23:31:00
I02179,Z03,Adyar,13.018137,80.233701,Household Evacuation,Low,2026-09-24 00:14:00
I02180,Z03,Adyar,13.006708,80.292638,Flooded Road,Critical,2026-09-24 12:15:00
I02181,Z04,Velachery,12.98703,80.22059,Flooded Road,Low,2026-09-24 13:38:00
I02182,Z02,Central Chennai,13.041206,80.26302,Medical Emergency,High,2026-09-24 05:05:00
I02183,Z05,South-West Chennai,13.039107,80.209304,Flooded Road,Moderate,2026-09-24 07:01:00
I02184,Z03,Adyar,13.03211,80.272746,Shelter Request,High,2026-09-24 05:56:00
I02185,Z02,Central Chennai,13.061636,80.311477,Medical Emergency,High,2026-09-24 00:43:00
I02186,Z04,Velachery,12.998249,80.186783,Flooded Road,Moderate,2026-09-24 22:14:00
I02187,Z04,Velachery,13.009898,80.192868,Medical Emergency,High,2026-09-24 14:43:00
I02188,Z03,Adyar,13.015861,80.24369,Household Evacuation,Moderate,2026-09-24 00:12:00
I02189,Z02,Central Chennai,13.066215,80.262339,Flooded Road,Critical,2026-09-24 20:14:00
I02190,Z05,South-West Chennai,13.042085,80.205293,Flooded Road,High,2026-09-24 13:03:00
I02191,Z01,North Chennai,13.114206,80.316236,Household Evacuation,High,2026-09-24 02:22:00
I02192,Z05,South-West Chennai,13.011684,80.189307,Flooded Road,High,2026-09-24 22:00:00
I02193,Z01,North Chennai,13.119846,80.280355,Household Evacuation,Critical,2026-09-24 19:51:00
I02194,Z05,South-West Chennai,13.02523,80.178209,Flooded Road,High,2026-09-24 19:15:00
I02195,Z01,North Chennai,13.134969,80.278434,Shelter Request,Low,2026-09-24 03:08:00
I02196,Z01,North Chennai,13.096694,80.304581,Household Evacuation,Moderate,2026-09-24 07:02:00
I02197,Z02,Central Chennai,13.062385,80.235935,Flooded Road,Moderate,2026-09-24 04:45:00
I02198,Z05,South-West Chennai,13.049386,80.216983,Medical Emergency,High,2026-09-24 02:27:00
I02199,Z04,Velachery,12.98602,80.21124,Shelter Request,High,2026-09-24 17:13:00
I02200,Z04,Velachery,12.938035,80.217107,Flooded Road,High,2026-09-24 00:48:00
I02201,Z01,North Chennai,13.09986,80.309827,Flooded Road,Moderate,2026-09-24 06:26:00
I02202,Z03,Adyar,12.9842,80.223569,Shelter Request,Moderate,2026-09-24 10:29:00
I02203,Z01,North Chennai,13.098689,80.299422,Water Rescue,Moderate,2026-09-24 16:47:00
I02204,Z03,Adyar,13.007874,80.297724,Flooded Road,High,2026-09-24 02:59:00
I02205,Z03,Adyar,13.01069,80.238481,Household Evacuation,High,2026-09-24 12:51:00
I02206,Z05,South-West Chennai,12.996324,80.147265,Shelter Request,Critical,2026-09-24 08:06:00
I02207,Z02,Central Chennai,13.091171,80.24867,Shelter Request,Critical,2026-09-24 11:53:00
I02208,Z02,Central Chennai,13.07096,80.263751,Shelter Request,Critical,2026-09-24 03:24:00
I02209,Z04,Velachery,13.01331,80.184004,Household Evacuation,Critical,2026-09-24 21:38:00
I02210,Z05,South-West Chennai,13.018941,80.142259,Medical Emergency,Critical,2026-09-24 05:50:00
I02211,Z05,South-West Chennai,13.045541,80.196744,Shelter Request,High,2026-09-24 12:39:00
I02212,Z03,Adyar,12.982181,80.223634,Flooded Road,High,2026-09-24 13:57:00
I02213,Z01,North Chennai,13.107585,80.311586,Household Evacuation,High,2026-09-24 15:24:00
I02214,Z03,Adyar,12.998732,80.266114,Medical Emergency,High,2026-09-24 05:56:00
I02215,Z02,Central Chennai,13.090768,80.269818,Flooded Road,High,2026-09-24 12:56:00
I02216,Z05,South-West Chennai,13.03934,80.183369,Shelter Request,High,2026-09-24 05:02:00
I02217,Z01,North Chennai,13.105558,80.275559,Household Evacuation,Moderate,2026-09-24 01:21:00
I02218,Z02,Central Chennai,13.091321,80.304819,Medical Emergency,Moderate,2026-09-24 00:41:00
I02219,Z04,Velachery,12.975788,80.213715,Medical Emergency,Critical,2026-09-24 01:59:00
I02220,Z02,Central Chennai,13.101623,80.268236,Flooded Road,High,2026-09-24 05:46:00
I02221,Z01,North Chennai,13.091617,80.281022,Household Evacuation,High,2026-09-24 18:00:00
I02222,Z05,South-West Chennai,13.002657,80.168535,Medical Emergency,High,2026-09-24 23:43:00
I02223,Z05,South-West Chennai,13.007886,80.195519,Household Evacuation,High,2026-09-24 02:01:00
I02224,Z01,North Chennai,13.062393,80.293747,Flooded Road,Moderate,2026-09-24 21:47:00
I02225,Z02,Central Chennai,13.084892,80.279379,Medical Emergency,Moderate,2026-09-24 17:41:00
I02226,Z01,North Chennai,13.094626,80.298729,Water Rescue,Moderate,2026-09-24 05:23:00
I02227,Z01,North Chennai,13.091785,80.320143,Water Rescue,Moderate,2026-09-24 00:55:00
I02228,Z01,North Chennai,13.084743,80.291668,Medical Emergency,Critical,2026-09-24 09:42:00
I02229,Z03,Adyar,13.018364,80.24936,Household Evacuation,High,2026-09-24 18:09:00
I02230,Z04,Velachery,12.969173,80.225504,Household Evacuation,High,2026-09-24 05:08:00
I02231,Z03,Adyar,12.972122,80.262458,Shelter Request,High,2026-09-24 13:09:00
I02232,Z04,Velachery,12.987765,80.219991,Flooded Road,High,2026-09-24 02:56:00
I02233,Z02,Central Chennai,13.067528,80.28132,Flooded Road,Moderate,2026-09-24 05:41:00
I02234,Z03,Adyar,13.015099,80.296555,Household Evacuation,Critical,2026-09-24 23:04:00
I02235,Z01,North Chennai,13.106703,80.319345,Shelter Request,Moderate,2026-09-24 07:52:00
I02236,Z01,North Chennai,13.100202,80.270552,Flooded Road,Low,2026-09-24 01:10:00
I02237,Z03,Adyar,13.041907,80.264778,Shelter Request,Moderate,2026-09-24 06:57:00
I02238,Z04,Velachery,12.97629,80.235262,Flooded Road,Moderate,2026-09-24 03:16:00
I02239,Z03,Adyar,13.030276,80.279207,Household Evacuation,Low,2026-09-24 18:05:00
I02240,Z04,Velachery,12.982214,80.170495,Household Evacuation,Moderate,2026-09-24 04:24:00
I02241,Z01,North Chennai,13.105068,80.308818,Flooded Road,Critical,2026-09-24 10:08:00
I02242,Z01,North Chennai,13.101453,80.290276,Water Rescue,Low,2026-09-24 20:30:00
I02243,Z04,Velachery,12.993576,80.213223,Shelter Request,High,2026-09-24 16:02:00
I02244,Z05,South-West Chennai,13.051972,80.225381,Household Evacuation,High,2026-09-24 16:19:00
I02245,Z04,Velachery,12.966143,80.241318,Shelter Request,High,2026-09-24 11:17:00
I02246,Z01,North Chennai,13.103263,80.286805,Shelter Request,Critical,2026-09-24 20:06:00
I02247,Z03,Adyar,13.001796,80.28083,Flooded Road,Critical,2026-09-24 04:23:00
I02248,Z01,North Chennai,13.11269,80.280853,Shelter Request,High,2026-09-24 19:49:00
I02249,Z02,Central Chennai,13.074317,80.26678,Medical Emergency,Moderate,2026-09-24 14:41:00
I02250,Z05,South-West Chennai,13.042174,80.143418,Medical Emergency,Critical,2026-09-24 00:45:00
I02251,Z04,Velachery,12.936692,80.217235,Shelter Request,High,2026-09-24 05:43:00
I02252,Z01,North Chennai,13.113078,80.270436,Flooded Road,High,2026-09-24 09:16:00
I02253,Z03,Adyar,12.97551,80.255808,Flooded Road,High,2026-09-24 13:05:00
I02254,Z05,South-West Chennai,13.01498,80.191388,Medical Emergency,Critical,2026-09-24 18:41:00
I02255,Z04,Velachery,12.940587,80.241591,Medical Emergency,Moderate,2026-09-24 19:55:00
I02256,Z03,Adyar,13.011269,80.245136,Household Evacuation,Moderate,2026-09-24 14:48:00
I02257,Z05,South-West Chennai,13.018882,80.177063,Water Rescue,High,2026-09-24 15:48:00
I02258,Z01,North Chennai,13.101433,80.28322,Water Rescue,Moderate,2026-09-24 06:18:00
I02259,Z03,Adyar,12.99361,80.26205,Flooded Road,Moderate,2026-09-24 08:00:00
I02260,Z05,South-West Chennai,13.04473,80.190608,Flooded Road,Low,2026-09-24 18:26:00
I02261,Z05,South-West Chennai,13.025153,80.155927,Flooded Road,Moderate,2026-09-24 02:31:00
I02262,Z05,South-West Chennai,13.005229,80.183643,Shelter Request,Low,2026-09-24 22:37:00
I02263,Z02,Central Chennai,13.064128,80.300022,Water Rescue,High,2026-09-24 20:47:00
I02264,Z02,Central Chennai,13.0785,80.298104,Flooded Road,Low,2026-09-24 03:18:00
I02265,Z05,South-West Chennai,13.017793,80.18781,Household Evacuation,Critical,2026-09-24 13:24:00
I02266,Z05,South-West Chennai,13.058203,80.171209,Flooded Road,High,2026-09-24 22:39:00
I02267,Z01,North Chennai,13.141728,80.336173,Flooded Road,Critical,2026-09-24 13:43:00
I02268,Z01,North Chennai,13.122036,80.286801,Shelter Request,High,2026-09-24 09:01:00
I02269,Z02,Central Chennai,13.08332,80.304416,Water Rescue,Moderate,2026-09-24 02:01:00
I02270,Z02,Central Chennai,13.080722,80.259894,Flooded Road,Moderate,2026-09-24 20:51:00
I02271,Z01,North Chennai,13.109317,80.293194,Medical Emergency,Moderate,2026-09-24 21:06:00
I02272,Z05,South-West Chennai,13.013534,80.187518,Household Evacuation,Moderate,2026-09-24 06:59:00
I02273,Z05,South-West Chennai,13.008378,80.155147,Medical Emergency,High,2026-09-24 18:58:00
I02274,Z05,South-West Chennai,13.016415,80.183364,Household Evacuation,High,2026-09-24 09:07:00
I02275,Z05,South-West Chennai,13.032324,80.177201,Household Evacuation,Moderate,2026-09-24 04:31:00
I02276,Z05,South-West Chennai,13.004279,80.170452,Medical Emergency,Moderate,2026-09-24 05:10:00
I02277,Z04,Velachery,12.947245,80.220888,Water Rescue,High,2026-09-24 20:20:00
I02278,Z03,Adyar,13.018727,80.285551,Shelter Request,High,2026-09-24 09:11:00
I02279,Z01,North Chennai,13.13402,80.335355,Flooded Road,Moderate,2026-09-24 13:04:00
I02280,Z05,South-West Chennai,13.009332,80.211044,Shelter Request,High,2026-09-24 09:52:00
I02281,Z02,Central Chennai,13.047274,80.268191,Flooded Road,Moderate,2026-09-24 04:02:00
I02282,Z05,South-West Chennai,12.997111,80.193938,Household Evacuation,High,2026-09-24 09:55:00
I02283,Z01,North Chennai,13.131637,80.292847,Medical Emergency,High,2026-09-24 02:13:00
I02284,Z03,Adyar,13.000415,80.23719,Flooded Road,Moderate,2026-09-24 22:33:00
I02285,Z05,South-West Chennai,13.012314,80.163143,Medical Emergency,Low,2026-09-24 20:17:00
I02286,Z04,Velachery,12.975944,80.19267,Household Evacuation,Moderate,2026-09-24 07:10:00
I02287,Z03,Adyar,12.980803,80.268285,Flooded Road,High,2026-09-24 08:28:00
I02288,Z05,South-West Chennai,13.041011,80.183577,Water Rescue,Low,2026-09-24 14:16:00
I02289,Z03,Adyar,13.030401,80.237169,Medical Emergency,Moderate,2026-09-24 23:34:00
I02290,Z05,South-West Chennai,13.013884,80.211684,Household Evacuation,Moderate,2026-09-24 14:51:00
I02291,Z03,Adyar,12.967149,80.265557,Household Evacuation,High,2026-09-24 03:34:00
I02292,Z05,South-West Chennai,13.012529,80.154542,Water Rescue,Moderate,2026-09-24 12:47:00
I02293,Z05,South-West Chennai,13.032302,80.198791,Household Evacuation,Critical,2026-09-24 05:43:00
I02294,Z04,Velachery,12.985099,80.232197,Flooded Road,High,2026-09-24 16:32:00
I02295,Z05,South-West Chennai,13.022284,80.17122,Household Evacuation,Moderate,2026-09-24 07:02:00
I02296,Z02,Central Chennai,13.070165,80.262751,Water Rescue,Low,2026-09-24 21:58:00
I02297,Z05,South-West Chennai,13.029418,80.188069,Shelter Request,High,2026-09-24 21:32:00
I02298,Z03,Adyar,12.997755,80.268461,Medical Emergency,Low,2026-09-24 00:12:00
I02299,Z04,Velachery,13.041226,80.215056,Shelter Request,Critical,2026-09-24 05:41:00
I02300,Z05,South-West Chennai,13.037704,80.176268,Flooded Road,Low,2026-09-24 18:25:00
I02301,Z04,Velachery,13.000267,80.22229,Flooded Road,High,2026-09-24 07:13:00
I02302,Z01,North Chennai,13.131002,80.282578,Water Rescue,Critical,2026-09-24 07:25:00
I02303,Z02,Central Chennai,13.088795,80.269071,Household Evacuation,Moderate,2026-09-24 03:23:00
I02304,Z01,North Chennai,13.103746,80.277631,Medical Emergency,Low,2026-09-24 00:03:00
I02305,Z05,South-West Chennai,13.004617,80.139492,Medical Emergency,Moderate,2026-09-24 09:28:00
I02306,Z04,Velachery,12.977235,80.254163,Medical Emergency,Low,2026-09-24 18:56:00
I02307,Z01,North Chennai,13.112844,80.270648,Household Evacuation,Low,2026-09-24 08:48:00
I02308,Z02,Central Chennai,13.103336,80.240789,Flooded Road,High,2026-09-24 17:47:00
I02309,Z03,Adyar,12.997159,80.236705,Flooded Road,High,2026-09-24 22:49:00
I02310,Z04,Velachery,12.949622,80.273456,Flooded Road,Moderate,2026-09-24 05:29:00
I02311,Z03,Adyar,12.947056,80.241698,Flooded Road,High,2026-09-24 16:37:00
I02312,Z01,North Chennai,13.085141,80.279654,Shelter Request,Moderate,2026-09-24 04:36:00
I02313,Z02,Central Chennai,13.072897,80.276945,Household Evacuation,Moderate,2026-09-24 19:41:00
I02314,Z04,Velachery,12.984487,80.247185,Water Rescue,High,2026-09-24 09:10:00
I02315,Z03,Adyar,12.981163,80.254541,Household Evacuation,Moderate,2026-09-24 01:13:00
I02316,Z03,Adyar,13.023235,80.243799,Household Evacuation,Moderate,2026-09-24 03:49:00
I02317,Z01,North Chennai,13.135774,80.267438,Household Evacuation,High,2026-09-24 08:42:00
I02318,Z04,Velachery,12.967617,80.216643,Shelter Request,Moderate,2026-09-24 12:24:00
I02319,Z04,Velachery,12.982194,80.199737,Water Rescue,Critical,2026-09-24 20:25:00
I02320,Z05,South-West Chennai,13.020484,80.172211,Household Evacuation,High,2026-09-24 15:03:00
I02321,Z04,Velachery,12.980071,80.235692,Medical Emergency,Critical,2026-09-24 13:32:00
I02322,Z04,Velachery,12.972631,80.236778,Shelter Request,Moderate,2026-09-24 10:36:00
I02323,Z04,Velachery,12.983313,80.207382,Flooded Road,Low,2026-09-24 07:27:00
I02324,Z03,Adyar,13.00672,80.274138,Shelter Request,High,2026-09-24 00:31:00
I02325,Z02,Central Chennai,13.085083,80.297136,Shelter Request,High,2026-09-24 21:29:00
I02326,Z03,Adyar,12.992691,80.232114,Flooded Road,Critical,2026-09-24 05:56:00
I02327,Z05,South-West Chennai,13.022935,80.151306,Water Rescue,Moderate,2026-09-24 06:31:00
I02328,Z03,Adyar,12.9576,80.251867,Medical Emergency,High,2026-09-24 19:41:00
I02329,Z02,Central Chennai,13.095259,80.302949,Medical Emergency,Moderate,2026-09-24 18:37:00
I02330,Z03,Adyar,13.025824,80.237053,Flooded Road,Critical,2026-09-24 11:05:00
I02331,Z05,South-West Chennai,13.028457,80.172929,Medical Emergency,Moderate,2026-09-24 17:41:00
I02332,Z04,Velachery,12.992418,80.19189,Flooded Road,Moderate,2026-09-24 01:39:00
I02333,Z05,South-West Chennai,13.027241,80.172809,Household Evacuation,High,2026-09-24 02:18:00
I02334,Z03,Adyar,13.018494,80.261492,Flooded Road,Critical,2026-09-24 18:17:00
I02335,Z02,Central Chennai,13.049675,80.276763,Medical Emergency,Moderate,2026-09-24 18:10:00
I02336,Z04,Velachery,12.949197,80.226406,Water Rescue,Low,2026-09-24 03:56:00
I02337,Z03,Adyar,13.004632,80.265816,Flooded Road,High,2026-09-24 04:24:00
I02338,Z03,Adyar,13.044005,80.251224,Household Evacuation,Moderate,2026-09-24 22:34:00
I02339,Z03,Adyar,13.032877,80.230306,Flooded Road,High,2026-09-24 01:37:00
I02340,Z02,Central Chennai,13.083531,80.240235,Flooded Road,Critical,2026-09-24 11:40:00
I02341,Z04,Velachery,12.993264,80.247438,Medical Emergency,High,2026-09-24 00:09:00
I02342,Z03,Adyar,13.025862,80.23925,Flooded Road,Critical,2026-09-24 23:00:00
I02343,Z04,Velachery,12.984041,80.204511,Medical Emergency,High,2026-09-24 09:43:00
I02344,Z03,Adyar,13.022612,80.278322,Flooded Road,Moderate,2026-09-24 04:51:00
I02345,Z04,Velachery,12.961477,80.251373,Household Evacuation,High,2026-09-24 20:23:00
I02346,Z05,South-West Chennai,13.041275,80.166543,Flooded Road,Critical,2026-09-24 17:46:00
I02347,Z03,Adyar,12.947047,80.2481,Water Rescue,Moderate,2026-09-24 02:38:00
I02348,Z01,North Chennai,13.107367,80.283971,Medical Emergency,Low,2026-09-24 00:45:00
I02349,Z04,Velachery,12.981959,80.224107,Medical Emergency,Moderate,2026-09-24 21:08:00
I02350,Z01,North Chennai,13.093173,80.227442,Shelter Request,Moderate,2026-09-24 20:44:00
I02351,Z03,Adyar,13.012908,80.225959,Household Evacuation,Low,2026-09-24 03:36:00
I02352,Z01,North Chennai,13.12153,80.280879,Medical Emergency,High,2026-09-24 23:06:00
I02353,Z05,South-West Chennai,13.015851,80.195173,Flooded Road,Critical,2026-09-24 19:45:00
I02354,Z02,Central Chennai,13.081235,80.267263,Medical Emergency,Low,2026-09-24 17:42:00
I02355,Z05,South-West Chennai,12.984265,80.167511,Household Evacuation,Low,2026-09-24 18:33:00
I02356,Z05,South-West Chennai,13.035179,80.200168,Flooded Road,Moderate,2026-09-24 19:33:00
I02357,Z02,Central Chennai,13.065774,80.286466,Flooded Road,High,2026-09-24 04:26:00
I02358,Z02,Central Chennai,13.055709,80.246826,Flooded Road,Moderate,2026-09-24 04:00:00
I02359,Z01,North Chennai,13.117563,80.280205,Flooded Road,Low,2026-09-24 04:24:00
I02360,Z01,North Chennai,13.086493,80.321749,Shelter Request,High,2026-09-24 14:56:00
I02361,Z03,Adyar,13.028117,80.255536,Household Evacuation,High,2026-09-24 10:36:00
I02362,Z02,Central Chennai,13.100556,80.24331,Flooded Road,Moderate,2026-09-24 07:40:00
I02363,Z05,South-West Chennai,13.001625,80.155393,Shelter Request,Moderate,2026-09-24 13:05:00
I02364,Z05,South-West Chennai,13.032817,80.178931,Flooded Road,High,2026-09-24 21:33:00
I02365,Z02,Central Chennai,13.074416,80.289823,Household Evacuation,High,2026-09-24 01:35:00
I02366,Z04,Velachery,12.990497,80.196758,Shelter Request,High,2026-09-24 07:18:00
I02367,Z03,Adyar,13.007269,80.25565,Water Rescue,High,2026-09-24 06:54:00
I02368,Z03,Adyar,13.004048,80.214077,Medical Emergency,Low,2026-09-24 03:15:00
I02369,Z05,South-West Chennai,13.014911,80.178869,Flooded Road,Critical,2026-09-24 11:47:00
I02370,Z05,South-West Chennai,13.026595,80.17033,Flooded Road,High,2026-09-24 13:11:00
I02371,Z04,Velachery,12.998856,80.214004,Household Evacuation,Critical,2026-09-24 05:56:00
I02372,Z05,South-West Chennai,12.998151,80.182897,Household Evacuation,High,2026-09-24 23:27:00
I02373,Z02,Central Chennai,13.044826,80.240712,Household Evacuation,Low,2026-09-24 21:32:00
I02374,Z01,North Chennai,13.129081,80.284018,Flooded Road,High,2026-09-24 10:37:00
I02375,Z03,Adyar,13.018765,80.252642,Flooded Road,High,2026-09-24 01:59:00
I02376,Z04,Velachery,12.958231,80.186311,Shelter Request,High,2026-09-24 03:30:00
I02377,Z03,Adyar,13.013776,80.24155,Medical Emergency,Critical,2026-09-24 16:08:00
I02378,Z02,Central Chennai,13.110965,80.264506,Household Evacuation,High,2026-09-24 01:08:00
I02379,Z05,South-West Chennai,13.011863,80.191836,Medical Emergency,Moderate,2026-09-24 21:41:00
I02380,Z03,Adyar,13.006951,80.259192,Medical Emergency,Moderate,2026-09-24 07:18:00
I02381,Z04,Velachery,12.962592,80.202716,Household Evacuation,Critical,2026-09-24 09:25:00
I02382,Z01,North Chennai,13.117572,80.283013,Shelter Request,Low,2026-09-24 09:17:00
I02383,Z05,South-West Chennai,12.994928,80.202727,Water Rescue,Critical,2026-09-24 04:11:00
I02384,Z02,Central Chennai,13.079891,80.267765,Water Rescue,Critical,2026-09-24 04:30:00
I02385,Z01,North Chennai,13.08015,80.292551,Water Rescue,Critical,2026-09-24 01:46:00
I02386,Z03,Adyar,13.046751,80.272049,Medical Emergency,High,2026-09-24 00:52:00
I02387,Z05,South-West Chennai,13.011206,80.173397,Medical Emergency,Critical,2026-09-24 20:56:00
I02388,Z04,Velachery,12.979662,80.199384,Flooded Road,Moderate,2026-09-24 02:39:00
I02389,Z05,South-West Chennai,13.015034,80.172871,Flooded Road,Critical,2026-09-24 06:25:00
I02390,Z01,North Chennai,13.119615,80.26074,Household Evacuation,High,2026-09-24 20:22:00
I02391,Z01,North Chennai,13.133658,80.288283,Flooded Road,High,2026-09-24 12:51:00
I02392,Z03,Adyar,12.995544,80.257603,Medical Emergency,High,2026-09-24 21:29:00
I02393,Z05,South-West Chennai,12.9857,80.15816,Medical Emergency,High,2026-09-24 17:08:00
I02394,Z04,Velachery,12.990456,80.249378,Water Rescue,Critical,2026-09-24 04:38:00
I02395,Z04,Velachery,12.987422,80.208536,Flooded Road,High,2026-09-24 16:31:00
I02396,Z02,Central Chennai,13.103839,80.270006,Household Evacuation,High,2026-09-24 21:31:00
I02397,Z04,Velachery,12.983149,80.231838,Shelter Request,Low,2026-09-24 19:31:00
I02398,Z04,Velachery,12.969097,80.234886,Medical Emergency,Moderate,2026-09-24 20:38:00
I02399,Z03,Adyar,12.999974,80.265704,Household Evacuation,High,2026-09-24 20:25:00
I02400,Z03,Adyar,12.989158,80.23023,Household Evacuation,Low,2026-09-24 12:02:00
I02401,Z04,Velachery,12.968987,80.216638,Household Evacuation,Low,2026-09-24 23:34:00
I02402,Z03,Adyar,12.967067,80.25178,Household Evacuation,Moderate,2026-09-24 12:58:00
I02403,Z01,North Chennai,13.120258,80.28641,Household Evacuation,Moderate,2026-09-24 06:39:00
I02404,Z05,South-West Chennai,13.046988,80.184679,Household Evacuation,High,2026-09-24 08:09:00
I02405,Z05,South-West Chennai,13.012538,80.141598,Household Evacuation,Critical,2026-09-24 18:13:00
I02406,Z05,South-West Chennai,13.017373,80.180523,Household Evacuation,High,2026-09-24 14:42:00
I02407,Z04,Velachery,12.974076,80.221921,Household Evacuation,High,2026-09-24 02:15:00
I02408,Z01,North Chennai,13.150496,80.317247,Flooded Road,Low,2026-09-24 15:18:00
I02409,Z05,South-West Chennai,13.042693,80.212116,Medical Emergency,High,2026-09-24 07:02:00
I02410,Z01,North Chennai,13.087969,80.294595,Household Evacuation,High,2026-09-24 02:07:00
I02411,Z02,Central Chennai,13.106458,80.248145,Medical Emergency,Moderate,2026-09-24 05:33:00
I02412,Z04,Velachery,13.00891,80.200319,Household Evacuation,Low,2026-09-24 22:36:00
I02413,Z04,Velachery,12.973182,80.209542,Flooded Road,Critical,2026-09-24 05:45:00
I02414,Z04,Velachery,12.972762,80.219386,Shelter Request,High,2026-09-24 18:18:00
I02415,Z03,Adyar,12.960424,80.264639,Household Evacuation,Moderate,2026-09-24 09:51:00
I02416,Z02,Central Chennai,13.100926,80.291869,Household Evacuation,High,2026-09-24 09:35:00
I02417,Z05,South-West Chennai,13.020717,80.183273,Household Evacuation,High,2026-09-24 21:49:00
I02418,Z03,Adyar,12.993859,80.273839,Flooded Road,Moderate,2026-09-24 18:10:00
I02419,Z01,North Chennai,13.122085,80.265369,Flooded Road,High,2026-09-24 11:48:00
I02420,Z03,Adyar,13.009134,80.26315,Medical Emergency,Moderate,2026-09-24 00:06:00
I02421,Z02,Central Chennai,13.110817,80.266556,Flooded Road,High,2026-09-24 13:34:00
I02422,Z04,Velachery,12.973465,80.214419,Household Evacuation,High,2026-09-24 13:00:00
I02423,Z03,Adyar,12.993473,80.260829,Flooded Road,Moderate,2026-09-24 05:05:00
I02424,Z01,North Chennai,13.117711,80.256109,Flooded Road,Critical,2026-09-24 12:38:00
I02425,Z05,South-West Chennai,12.987507,80.207142,Flooded Road,Moderate,2026-09-24 04:59:00
I02426,Z03,Adyar,12.993747,80.256178,Household Evacuation,Moderate,2026-09-24 03:02:00
I02427,Z05,South-West Chennai,13.021552,80.191154,Medical Emergency,High,2026-09-24 22:47:00
I02428,Z04,Velachery,12.981318,80.172514,Shelter Request,Moderate,2026-09-24 00:39:00
I02429,Z02,Central Chennai,13.073439,80.2837,Flooded Road,Moderate,2026-09-24 20:40:00
I02430,Z01,North Chennai,13.082173,80.27141,Flooded Road,High,2026-09-24 17:51:00
I02431,Z02,Central Chennai,13.092821,80.267951,Shelter Request,Critical,2026-09-24 05:12:00
I02432,Z01,North Chennai,13.106141,80.312167,Flooded Road,High,2026-09-24 03:37:00
I02433,Z01,North Chennai,13.124575,80.259299,Flooded Road,High,2026-09-24 17:59:00
I02434,Z03,Adyar,13.000911,80.229344,Flooded Road,Critical,2026-09-24 04:01:00
I02435,Z03,Adyar,13.023151,80.235526,Flooded Road,Moderate,2026-09-24 08:35:00
I02436,Z04,Velachery,12.967818,80.197687,Medical Emergency,Moderate,2026-09-24 10:12:00
I02437,Z02,Central Chennai,13.076583,80.259977,Flooded Road,Moderate,2026-09-24 23:26:00
I02438,Z03,Adyar,13.016211,80.267205,Water Rescue,High,2026-09-24 18:41:00
I02439,Z01,North Chennai,13.128659,80.280218,Medical Emergency,Critical,2026-09-24 02:51:00
I02440,Z01,North Chennai,13.116097,80.297445,Shelter Request,Critical,2026-09-24 08:35:00
I02441,Z01,North Chennai,13.140968,80.313698,Medical Emergency,High,2026-09-24 20:17:00
I02442,Z01,North Chennai,13.136487,80.271723,Flooded Road,Low,2026-09-24 15:22:00
I02443,Z03,Adyar,12.979107,80.227842,Medical Emergency,High,2026-09-24 07:42:00
I02444,Z01,North Chennai,13.118899,80.260043,Water Rescue,Critical,2026-09-24 09:11:00
I02445,Z04,Velachery,12.952944,80.227249,Household Evacuation,Critical,2026-09-24 02:33:00
I02446,Z04,Velachery,12.970449,80.216976,Flooded Road,High,2026-09-24 16:17:00
I02447,Z02,Central Chennai,13.066458,80.262064,Water Rescue,High,2026-09-24 19:13:00
I02448,Z03,Adyar,12.9896,80.255401,Medical Emergency,High,2026-09-24 17:33:00
I02449,Z01,North Chennai,13.119609,80.279879,Flooded Road,Critical,2026-09-24 19:13:00
I02450,Z03,Adyar,13.015495,80.253639,Household Evacuation,High,2026-09-24 08:23:00
I02451,Z04,Velachery,12.970665,80.231365,Medical Emergency,Moderate,2026-09-24 16:38:00
I02452,Z03,Adyar,12.983853,80.234962,Flooded Road,High,2026-09-24 00:41:00
I02453,Z01,North Chennai,13.1376,80.278727,Household Evacuation,Moderate,2026-09-24 16:20:00
I02454,Z01,North Chennai,13.108561,80.276447,Water Rescue,Moderate,2026-09-24 12:22:00
I02455,Z01,North Chennai,13.118108,80.261015,Water Rescue,High,2026-09-24 21:53:00
I02456,Z02,Central Chennai,13.096591,80.265474,Flooded Road,High,2026-09-24 13:09:00
I02457,Z05,South-West Chennai,13.018903,80.190796,Medical Emergency,Moderate,2026-09-24 01:02:00
I02458,Z02,Central Chennai,13.089264,80.290231,Medical Emergency,Moderate,2026-09-24 16:32:00
I02459,Z02,Central Chennai,13.027256,80.272516,Flooded Road,Moderate,2026-09-24 12:20:00
I02460,Z01,North Chennai,13.077058,80.280269,Flooded Road,Low,2026-09-24 21:11:00
I02461,Z05,South-West Chennai,13.040165,80.208989,Flooded Road,Moderate,2026-09-24 19:24:00
I02462,Z01,North Chennai,13.109614,80.269432,Medical Emergency,High,2026-09-24 14:23:00
I02463,Z03,Adyar,13.035136,80.251154,Flooded Road,High,2026-09-24 19:16:00
I02464,Z05,South-West Chennai,12.988867,80.147202,Household Evacuation,Low,2026-09-24 23:31:00
I02465,Z05,South-West Chennai,13.007011,80.21479,Medical Emergency,Moderate,2026-09-24 10:16:00
I02466,Z04,Velachery,12.978477,80.222566,Household Evacuation,Moderate,2026-09-24 11:24:00
I02467,Z04,Velachery,12.990032,80.224092,Household Evacuation,Critical,2026-09-24 12:27:00
I02468,Z05,South-West Chennai,13.007491,80.149138,Water Rescue,High,2026-09-24 05:30:00
I02469,Z03,Adyar,13.025877,80.295971,Medical Emergency,Critical,2026-09-24 07:41:00
I02470,Z02,Central Chennai,13.038718,80.248608,Medical Emergency,Moderate,2026-09-24 14:13:00
I02471,Z02,Central Chennai,13.109323,80.238785,Medical Emergency,Moderate,2026-09-24 19:33:00
I02472,Z01,North Chennai,13.115199,80.272133,Household Evacuation,Moderate,2026-09-24 01:31:00
I02473,Z02,Central Chennai,13.099492,80.25459,Shelter Request,High,2026-09-24 19:40:00
I02474,Z02,Central Chennai,13.082513,80.272978,Medical Emergency,High,2026-09-24 23:49:00
I02475,Z02,Central Chennai,13.078956,80.258789,Household Evacuation,Low,2026-09-24 03:13:00
I02476,Z03,Adyar,13.000255,80.252603,Flooded Road,Moderate,2026-09-24 05:11:00
I02477,Z04,Velachery,13.018348,80.204355,Medical Emergency,High,2026-09-24 14:25:00
I02478,Z04,Velachery,12.975432,80.219448,Flooded Road,Critical,2026-09-24 01:13:00
I02479,Z03,Adyar,12.998135,80.255547,Water Rescue,High,2026-09-24 04:22:00
I02480,Z02,Central Chennai,13.09396,80.254951,Household Evacuation,Critical,2026-09-24 21:11:00
I02481,Z05,South-West Chennai,13.008839,80.166383,Flooded Road,Critical,2026-09-24 00:53:00
I02482,Z05,South-West Chennai,13.007656,80.177311,Water Rescue,Moderate,2026-09-24 10:33:00
I02483,Z04,Velachery,12.979516,80.228295,Flooded Road,High,2026-09-24 04:53:00
I02484,Z01,North Chennai,13.088806,80.280878,Water Rescue,Moderate,2026-09-24 02:18:00
I02485,Z04,Velachery,12.988888,80.189591,Medical Emergency,Moderate,2026-09-24 01:44:00
I02486,Z02,Central Chennai,13.067448,80.281159,Household Evacuation,Low,2026-09-24 08:51:00
I02487,Z03,Adyar,13.020721,80.260117,Flooded Road,Critical,2026-09-24 05:24:00
I02488,Z03,Adyar,13.030468,80.25845,Medical Emergency,High,2026-09-24 21:03:00
I02489,Z02,Central Chennai,13.090247,80.226748,Water Rescue,Moderate,2026-09-24 11:10:00
I02490,Z03,Adyar,13.022109,80.246546,Medical Emergency,Moderate,2026-09-24 08:39:00
I02491,Z01,North Chennai,13.132632,80.281687,Flooded Road,High,2026-09-24 19:06:00
I02492,Z01,North Chennai,13.114104,80.271688,Flooded Road,Critical,2026-09-24 03:15:00
I02493,Z04,Velachery,12.986644,80.217526,Flooded Road,Moderate,2026-09-24 09:29:00
I02494,Z05,South-West Chennai,13.018285,80.197104,Flooded Road,Moderate,2026-09-24 11:16:00
I02495,Z03,Adyar,13.029398,80.25423,Water Rescue,High,2026-09-24 00:23:00
I02496,Z05,South-West Chennai,13.006686,80.184881,Water Rescue,Moderate,2026-09-24 00:11:00
I02497,Z05,South-West Chennai,13.018241,80.188399,Household Evacuation,High,2026-09-24 17:21:00
I02498,Z04,Velachery,12.977003,80.205527,Household Evacuation,Moderate,2026-09-24 03:30:00
I02499,Z04,Velachery,12.962569,80.217502,Household Evacuation,High,2026-09-24 00:21:00
I02500,Z01,North Chennai,13.121881,80.276974,Household Evacuation,High,2026-09-24 02:03:00
I02501,Z03,Adyar,13.038156,80.232048,Flooded Road,High,2026-09-24 19:36:00
I02502,Z03,Adyar,12.996726,80.293844,Water Rescue,Critical,2026-09-24 19:11:00
I02503,Z04,Velachery,12.964153,80.225445,Medical Emergency,Moderate,2026-09-24 23:26:00
I02504,Z02,Central Chennai,13.07951,80.260195,Household Evacuation,High,2026-09-24 22:12:00
I02505,Z04,Velachery,13.034181,80.213333,Shelter Request,Critical,2026-09-24 04:42:00
I02506,Z01,North Chennai,13.081016,80.293935,Medical Emergency,Critical,2026-09-24 08:40:00
I02507,Z03,Adyar,13.021603,80.253943,Household Evacuation,High,2026-09-24 14:34:00
I02508,Z04,Velachery,12.949014,80.241726,Flooded Road,Low,2026-09-24 18:09:00
I02509,Z01,North Chennai,13.078172,80.285527,Household Evacuation,High,2026-09-24 08:34:00
I02510,Z05,South-West Chennai,13.01652,80.17967,Medical Emergency,Moderate,2026-09-24 04:07:00
I02511,Z02,Central Chennai,13.051331,80.249363,Medical Emergency,Critical,2026-09-24 03:19:00
I02512,Z05,South-West Chennai,12.978246,80.166317,Medical Emergency,Critical,2026-09-24 23:55:00
I02513,Z02,Central Chennai,13.08337,80.260182,Water Rescue,Moderate,2026-09-24 08:00:00
I02514,Z05,South-West Chennai,13.017828,80.192681,Medical Emergency,High,2026-09-24 01:47:00
I02515,Z05,South-West Chennai,13.027499,80.180564,Medical Emergency,Critical,2026-09-24 06:23:00
I02516,Z01,North Chennai,13.063403,80.292444,Medical Emergency,Moderate,2026-09-24 20:38:00
I02517,Z05,South-West Chennai,13.034682,80.188655,Medical Emergency,Moderate,2026-09-24 18:44:00
I02518,Z03,Adyar,13.050928,80.25761,Shelter Request,High,2026-09-24 08:37:00
I02519,Z03,Adyar,13.022934,80.29689,Water Rescue,Critical,2026-09-24 16:52:00
I02520,Z04,Velachery,12.965654,80.1931,Shelter Request,High,2026-09-24 07:15:00
I02521,Z05,South-West Chennai,13.032382,80.171281,Flooded Road,High,2026-09-24 04:49:00
I02522,Z03,Adyar,13.025339,80.23868,Household Evacuation,Moderate,2026-09-24 14:24:00
I02523,Z04,Velachery,12.963659,80.22597,Water Rescue,High,2026-09-24 12:54:00
I02524,Z05,South-West Chennai,13.027185,80.178507,Household Evacuation,Low,2026-09-24 14:47:00
I02525,Z04,Velachery,12.962808,80.217944,Medical Emergency,Moderate,2026-09-24 11:27:00
I02526,Z05,South-West Chennai,12.994367,80.170355,Medical Emergency,Critical,2026-09-24 20:48:00
I02527,Z03,Adyar,12.977247,80.238235,Shelter Request,Critical,2026-09-24 02:26:00
I02528,Z01,North Chennai,13.096167,80.271887,Medical Emergency,High,2026-09-24 02:47:00
I02529,Z02,Central Chennai,13.07224,80.263287,Flooded Road,Moderate,2026-09-24 17:27:00
I02530,Z02,Central Chennai,13.071293,80.302229,Water Rescue,High,2026-09-24 14:08:00
I02531,Z01,North Chennai,13.116154,80.304208,Shelter Request,High,2026-09-24 22:44:00
I02532,Z03,Adyar,12.997437,80.218458,Flooded Road,Moderate,2026-09-24 12:16:00
I02533,Z01,North Chennai,13.114991,80.280548,Household Evacuation,Critical,2026-09-24 09:06:00
I02534,Z04,Velachery,12.971683,80.233877,Medical Emergency,Moderate,2026-09-24 15:02:00
I02535,Z05,South-West Chennai,13.028809,80.158723,Flooded Road,High,2026-09-24 02:01:00
I02536,Z02,Central Chennai,13.046579,80.253094,Household Evacuation,High,2026-09-24 00:10:00
I02537,Z05,South-West Chennai,12.990891,80.153971,Water Rescue,Moderate,2026-09-24 08:17:00
I02538,Z05,South-West Chennai,13.039441,80.173562,Flooded Road,High,2026-09-24 19:04:00
I02539,Z03,Adyar,13.007615,80.262232,Flooded Road,High,2026-09-24 12:06:00
I02540,Z02,Central Chennai,13.068123,80.228827,Flooded Road,Low,2026-09-24 12:01:00
I02541,Z02,Central Chennai,13.061662,80.255477,Household Evacuation,Critical,2026-09-24 02:45:00
I02542,Z02,Central Chennai,13.10304,80.277453,Flooded Road,High,2026-09-24 21:33:00
I02543,Z02,Central Chennai,13.093642,80.289075,Flooded Road,Moderate,2026-09-24 11:33:00
I02544,Z04,Velachery,12.973544,80.259827,Shelter Request,Moderate,2026-09-24 01:18:00
I02545,Z03,Adyar,13.002527,80.289164,Household Evacuation,High,2026-09-24 08:19:00
I02546,Z02,Central Chennai,13.086933,80.25606,Household Evacuation,Low,2026-09-24 17:44:00
I02547,Z03,Adyar,13.022481,80.250909,Flooded Road,Moderate,2026-09-24 00:06:00
I02548,Z05,South-West Chennai,13.026373,80.165273,Medical Emergency,Critical,2026-09-24 08:18:00
I02549,Z04,Velachery,12.99273,80.184233,Flooded Road,High,2026-09-24 08:27:00
I02550,Z05,South-West Chennai,13.013038,80.182872,Medical Emergency,Moderate,2026-09-24 19:42:00
I02551,Z03,Adyar,12.979465,80.23041,Water Rescue,Moderate,2026-09-24 17:51:00
I02552,Z05,South-West Chennai,13.016676,80.192835,Medical Emergency,Low,2026-09-24 17:54:00
I02553,Z02,Central Chennai,13.071643,80.292298,Medical Emergency,High,2026-09-24 20:46:00
I02554,Z05,South-West Chennai,13.0745,80.19044,Water Rescue,High,2026-09-24 14:34:00
I02555,Z03,Adyar,13.009133,80.267449,Shelter Request,High,2026-09-24 14:39:00
I02556,Z01,North Chennai,13.126445,80.283856,Household Evacuation,High,2026-09-24 04:01:00
I02557,Z03,Adyar,12.97947,80.242831,Shelter Request,High,2026-09-24 17:53:00
I02558,Z05,South-West Chennai,12.998468,80.185251,Household Evacuation,Critical,2026-09-24 08:25:00
I02559,Z04,Velachery,12.970455,80.21797,Water Rescue,Moderate,2026-09-24 04:56:00
I02560,Z03,Adyar,13.036902,80.280444,Water Rescue,High,2026-09-24 14:09:00
I02561,Z04,Velachery,12.999552,80.183796,Medical Emergency,High,2026-09-24 05:16:00
I02562,Z03,Adyar,12.964095,80.265376,Water Rescue,Moderate,2026-09-24 10:53:00
I02563,Z05,South-West Chennai,13.031725,80.169251,Household Evacuation,Critical,2026-09-24 07:56:00
I02564,Z01,North Chennai,13.129177,80.281322,Water Rescue,Critical,2026-09-24 21:57:00
I02565,Z02,Central Chennai,13.081568,80.257158,Medical Emergency,Moderate,2026-09-24 13:11:00
I02566,Z04,Velachery,13.004991,80.196164,Flooded Road,High,2026-09-24 22:33:00
I02567,Z04,Velachery,13.002603,80.204895,Household Evacuation,Critical,2026-09-24 06:44:00
I02568,Z04,Velachery,12.996479,80.210844,Shelter Request,Critical,2026-09-24 13:12:00
I02569,Z02,Central Chennai,13.048206,80.256798,Shelter Request,Critical,2026-09-24 01:54:00
I02570,Z02,Central Chennai,13.064622,80.270402,Medical Emergency,High,2026-09-24 23:45:00
I02571,Z01,North Chennai,13.125193,80.262797,Household Evacuation,High,2026-09-24 11:12:00
I02572,Z05,South-West Chennai,13.067946,80.188254,Flooded Road,High,2026-09-24 10:55:00
I02573,Z05,South-West Chennai,12.992922,80.174634,Flooded Road,High,2026-09-24 23:11:00
I02574,Z04,Velachery,12.986532,80.201032,Medical Emergency,Moderate,2026-09-24 04:57:00
I02575,Z01,North Chennai,13.074853,80.289135,Shelter Request,High,2026-09-24 03:11:00
I02576,Z05,South-West Chennai,13.028201,80.15828,Medical Emergency,High,2026-09-24 09:12:00
I02577,Z01,North Chennai,13.079308,80.27629,Medical Emergency,Critical,2026-09-24 07:34:00
I02578,Z03,Adyar,13.008647,80.274841,Household Evacuation,High,2026-09-24 00:50:00
I02579,Z05,South-West Chennai,13.049966,80.188372,Medical Emergency,Moderate,2026-09-24 16:05:00
I02580,Z03,Adyar,13.02193,80.247884,Shelter Request,High,2026-09-24 09:50:00
I02581,Z05,South-West Chennai,13.042639,80.184016,Household Evacuation,Critical,2026-09-24 21:39:00
I02582,Z03,Adyar,13.02336,80.244675,Household Evacuation,Moderate,2026-09-24 00:27:00
I02583,Z03,Adyar,12.949113,80.247884,Water Rescue,Low,2026-09-24 18:01:00
I02584,Z05,South-West Chennai,12.996551,80.188743,Medical Emergency,Low,2026-09-24 12:30:00
I02585,Z02,Central Chennai,13.075621,80.28748,Flooded Road,High,2026-09-24 15:33:00
I02586,Z05,South-West Chennai,13.019522,80.182926,Household Evacuation,Critical,2026-09-24 13:00:00
I02587,Z03,Adyar,13.01372,80.247905,Household Evacuation,High,2026-09-24 16:23:00
I02588,Z05,South-West Chennai,13.018871,80.206396,Flooded Road,High,2026-09-24 19:28:00
I02589,Z02,Central Chennai,13.052606,80.258402,Flooded Road,High,2026-09-24 10:39:00
I02590,Z03,Adyar,13.004874,80.259022,Household Evacuation,High,2026-09-24 19:49:00
I02591,Z02,Central Chennai,13.084227,80.323917,Flooded Road,Moderate,2026-09-24 22:36:00
I02592,Z02,Central Chennai,13.081229,80.258371,Medical Emergency,Critical,2026-09-24 01:01:00
I02593,Z01,North Chennai,13.115188,80.320266,Flooded Road,High,2026-09-24 17:14:00
I02594,Z05,South-West Chennai,13.061121,80.223416,Household Evacuation,Critical,2026-09-24 19:40:00
I02595,Z02,Central Chennai,13.096454,80.277162,Flooded Road,Low,2026-09-24 04:29:00
I02596,Z02,Central Chennai,13.079349,80.260467,Household Evacuation,Moderate,2026-09-24 01:48:00
I02597,Z03,Adyar,13.00694,80.266137,Flooded Road,Low,2026-09-24 18:06:00
I02598,Z03,Adyar,12.990297,80.289228,Flooded Road,Low,2026-09-24 14:09:00
I02599,Z02,Central Chennai,13.080442,80.26891,Medical Emergency,High,2026-09-24 01:14:00
I02600,Z05,South-West Chennai,13.001257,80.219361,Household Evacuation,High,2026-09-24 21:17:00
I02601,Z01,North Chennai,13.13235,80.28407,Household Evacuation,High,2026-09-24 20:34:00
I02602,Z04,Velachery,13.010526,80.193968,Water Rescue,Moderate,2026-09-24 06:02:00
I02603,Z04,Velachery,13.001329,80.198104,Medical Emergency,Critical,2026-09-24 17:41:00
I02604,Z01,North Chennai,13.103898,80.261656,Flooded Road,Moderate,2026-09-24 12:47:00
I02605,Z02,Central Chennai,13.061022,80.257056,Water Rescue,High,2026-09-24 23:03:00
I02606,Z04,Velachery,12.983302,80.249704,Shelter Request,High,2026-09-24 16:06:00
I02607,Z05,South-West Chennai,13.005513,80.143913,Household Evacuation,Moderate,2026-09-24 15:31:00
I02608,Z05,South-West Chennai,13.018471,80.14864,Shelter Request,Moderate,2026-09-24 04:19:00
I02609,Z05,South-West Chennai,12.976428,80.17705,Shelter Request,Moderate,2026-09-24 15:02:00
I02610,Z05,South-West Chennai,13.012797,80.19913,Medical Emergency,High,2026-09-24 07:02:00
I02611,Z04,Velachery,12.965217,80.222677,Water Rescue,Moderate,2026-09-24 02:25:00
I02612,Z05,South-West Chennai,13.040367,80.185703,Flooded Road,High,2026-09-24 02:03:00
I02613,Z05,South-West Chennai,13.022754,80.164351,Water Rescue,Moderate,2026-09-24 11:08:00
I02614,Z05,South-West Chennai,12.980114,80.168944,Medical Emergency,Low,2026-09-24 16:49:00
I02615,Z05,South-West Chennai,13.033872,80.174473,Medical Emergency,Moderate,2026-09-24 22:00:00
I02616,Z04,Velachery,12.96056,80.233133,Household Evacuation,Moderate,2026-09-24 08:48:00
I02617,Z03,Adyar,13.004777,80.257148,Household Evacuation,High,2026-09-24 09:11:00
I02618,Z05,South-West Chennai,13.016035,80.180987,Medical Emergency,High,2026-09-24 15:10:00
I02619,Z01,North Chennai,13.096431,80.268157,Household Evacuation,Low,2026-09-24 09:03:00
I02620,Z03,Adyar,12.991441,80.260463,Medical Emergency,High,2026-09-24 08:13:00
I02621,Z03,Adyar,13.012456,80.259038,Household Evacuation,Moderate,2026-09-24 17:11:00
I02622,Z05,South-West Chennai,13.02066,80.188622,Household Evacuation,Low,2026-09-24 12:52:00
I02623,Z05,South-West Chennai,13.020019,80.180903,Medical Emergency,Moderate,2026-09-24 04:46:00
I02624,Z03,Adyar,13.013622,80.281987,Water Rescue,Moderate,2026-09-24 15:02:00
I02625,Z04,Velachery,12.968685,80.187554,Medical Emergency,High,2026-09-24 20:22:00
I02626,Z03,Adyar,13.001844,80.234235,Shelter Request,Moderate,2026-09-24 10:48:00
I02627,Z04,Velachery,12.982029,80.21865,Household Evacuation,Low,2026-09-24 06:24:00
I02628,Z02,Central Chennai,13.095515,80.296688,Medical Emergency,High,2026-09-24 14:12:00
I02629,Z05,South-West Chennai,13.019055,80.19782,Flooded Road,High,2026-09-24 16:12:00
I02630,Z04,Velachery,12.945787,80.239975,Flooded Road,High,2026-09-24 07:38:00
I02631,Z04,Velachery,12.98361,80.174534,Flooded Road,Moderate,2026-09-24 10:20:00
I02632,Z02,Central Chennai,13.107302,80.27196,Medical Emergency,Moderate,2026-09-24 07:11:00
I02633,Z02,Central Chennai,13.088294,80.27496,Household Evacuation,High,2026-09-24 08:06:00
I02634,Z01,North Chennai,13.111956,80.268834,Medical Emergency,High,2026-09-24 03:38:00
I02635,Z04,Velachery,12.96821,80.191342,Shelter Request,Moderate,2026-09-24 13:00:00
I02636,Z05,South-West Chennai,13.040639,80.164673,Household Evacuation,Critical,2026-09-24 05:16:00
I02637,Z03,Adyar,13.009503,80.240865,Flooded Road,Moderate,2026-09-24 19:53:00
I02638,Z01,North Chennai,13.117109,80.280424,Shelter Request,High,2026-09-24 20:23:00
I02639,Z03,Adyar,13.031003,80.234692,Flooded Road,Moderate,2026-09-24 16:45:00
I02640,Z02,Central Chennai,13.07141,80.27784,Household Evacuation,High,2026-09-24 00:00:00
I02641,Z03,Adyar,13.000034,80.246883,Flooded Road,High,2026-09-24 09:44:00
I02642,Z02,Central Chennai,13.07966,80.293824,Shelter Request,High,2026-09-24 01:37:00
I02643,Z01,North Chennai,13.143772,80.271762,Household Evacuation,High,2026-09-24 05:09:00
I02644,Z05,South-West Chennai,12.98193,80.169262,Flooded Road,High,2026-09-24 20:23:00
I02645,Z04,Velachery,12.97234,80.209264,Medical Emergency,Moderate,2026-09-24 07:55:00
I02646,Z02,Central Chennai,13.07657,80.290881,Flooded Road,High,2026-09-24 00:03:00
I02647,Z01,North Chennai,13.135542,80.330668,Household Evacuation,High,2026-09-24 10:51:00
I02648,Z03,Adyar,13.030623,80.296614,Medical Emergency,Low,2026-09-24 17:59:00
I02649,Z04,Velachery,12.980482,80.178807,Flooded Road,High,2026-09-24 00:21:00
I02650,Z03,Adyar,13.037212,80.231652,Flooded Road,Critical,2026-09-24 01:35:00
I02651,Z05,South-West Chennai,13.011293,80.163531,Household Evacuation,High,2026-09-24 19:52:00
I02652,Z02,Central Chennai,13.107452,80.275452,Household Evacuation,Low,2026-09-24 04:44:00
I02653,Z01,North Chennai,13.116428,80.317541,Shelter Request,High,2026-09-24 13:04:00
I02654,Z04,Velachery,12.964723,80.230874,Flooded Road,Critical,2026-09-24 14:52:00
I02655,Z01,North Chennai,13.151248,80.321107,Water Rescue,Critical,2026-09-24 02:02:00
I02656,Z01,North Chennai,13.118171,80.288332,Shelter Request,Critical,2026-09-24 12:57:00
I02657,Z04,Velachery,12.990014,80.20729,Flooded Road,High,2026-09-24 18:39:00
I02658,Z01,North Chennai,13.117523,80.271678,Water Rescue,Critical,2026-09-24 11:20:00
I02659,Z03,Adyar,13.034501,80.256747,Shelter Request,Critical,2026-09-24 07:37:00
I02660,Z02,Central Chennai,13.101006,80.269528,Household Evacuation,Critical,2026-09-24 18:58:00
I02661,Z03,Adyar,13.017527,80.260417,Household Evacuation,Moderate,2026-09-24 21:46:00
I02662,Z01,North Chennai,13.150889,80.314581,Flooded Road,High,2026-09-24 04:04:00
I02663,Z03,Adyar,13.029145,80.253579,Flooded Road,Critical,2026-09-24 08:19:00
I02664,Z05,South-West Chennai,13.032324,80.206031,Household Evacuation,Low,2026-09-24 09:32:00
I02665,Z02,Central Chennai,13.037854,80.262548,Flooded Road,Critical,2026-09-24 08:42:00
I02666,Z04,Velachery,13.0053,80.173266,Flooded Road,Critical,2026-09-24 10:50:00
I02667,Z04,Velachery,12.965944,80.237569,Household Evacuation,High,2026-09-24 18:19:00
I02668,Z01,North Chennai,13.121904,80.270774,Flooded Road,Moderate,2026-09-24 09:50:00
I02669,Z01,North Chennai,13.110404,80.290236,Water Rescue,High,2026-09-24 18:19:00
I02670,Z05,South-West Chennai,13.016037,80.182613,Household Evacuation,Critical,2026-09-24 15:43:00
I02671,Z04,Velachery,12.959037,80.192948,Medical Emergency,Low,2026-09-24 14:07:00
I02672,Z04,Velachery,12.962769,80.227447,Household Evacuation,Moderate,2026-09-24 10:14:00
I02673,Z02,Central Chennai,13.08009,80.291631,Household Evacuation,High,2026-09-24 16:34:00
I02674,Z04,Velachery,13.005999,80.21121,Household Evacuation,Moderate,2026-09-24 20:53:00
I02675,Z02,Central Chennai,13.050599,80.256625,Household Evacuation,Low,2026-09-24 01:34:00
I02676,Z01,North Chennai,13.124465,80.280815,Water Rescue,High,2026-09-24 19:42:00
I02677,Z01,North Chennai,13.125662,80.263138,Medical Emergency,High,2026-09-24 17:05:00
I02678,Z02,Central Chennai,13.075002,80.282344,Flooded Road,Critical,2026-09-24 03:54:00
I02679,Z03,Adyar,12.993285,80.252986,Flooded Road,Critical,2026-09-24 15:27:00
I02680,Z01,North Chennai,13.134299,80.288193,Shelter Request,High,2026-09-24 22:58:00
I02681,Z05,South-West Chennai,13.032473,80.173091,Flooded Road,High,2026-09-24 15:19:00
I02682,Z01,North Chennai,13.104559,80.284456,Medical Emergency,Moderate,2026-09-24 17:33:00
I02683,Z04,Velachery,12.958677,80.236481,Flooded Road,Low,2026-09-24 04:42:00
I02684,Z02,Central Chennai,13.056799,80.249775,Medical Emergency,Low,2026-09-24 00:38:00
I02685,Z05,South-West Chennai,13.02033,80.172244,Household Evacuation,High,2026-09-24 14:22:00
I02686,Z03,Adyar,12.984194,80.235152,Shelter Request,High,2026-09-24 15:48:00
I02687,Z04,Velachery,12.978005,80.203032,Shelter Request,Moderate,2026-09-24 19:07:00
I02688,Z05,South-West Chennai,13.024091,80.191206,Flooded Road,Low,2026-09-24 09:24:00
I02689,Z04,Velachery,12.99209,80.214357,Household Evacuation,High,2026-09-24 14:03:00
I02690,Z01,North Chennai,13.140469,80.274086,Household Evacuation,Critical,2026-09-24 12:34:00
I02691,Z01,North Chennai,13.131075,80.27397,Flooded Road,Moderate,2026-09-24 07:22:00
I02692,Z02,Central Chennai,13.072123,80.254091,Flooded Road,High,2026-09-24 14:19:00
I02693,Z05,South-West Chennai,12.993088,80.15384,Flooded Road,High,2026-09-24 11:20:00
I02694,Z03,Adyar,13.036953,80.228007,Water Rescue,High,2026-09-24 19:36:00
I02695,Z04,Velachery,12.992283,80.257885,Household Evacuation,Critical,2026-09-24 01:00:00
I02696,Z05,South-West Chennai,12.987605,80.173573,Household Evacuation,Moderate,2026-09-24 21:48:00
I02697,Z04,Velachery,12.980366,80.203545,Flooded Road,Critical,2026-09-24 01:17:00
I02698,Z01,North Chennai,13.131468,80.289092,Flooded Road,High,2026-09-24 18:49:00
I02699,Z03,Adyar,12.965488,80.258061,Medical Emergency,Moderate,2026-09-24 12:20:00
I02700,Z04,Velachery,12.973806,80.193357,Flooded Road,High,2026-09-24 11:00:00
I02701,Z02,Central Chennai,13.065976,80.28133,Shelter Request,Moderate,2026-09-24 23:05:00
I02702,Z04,Velachery,12.993083,80.273649,Household Evacuation,High,2026-09-24 04:11:00
I02703,Z03,Adyar,13.023949,80.242875,Household Evacuation,High,2026-09-24 09:47:00
I02704,Z05,South-West Chennai,13.019932,80.167275,Water Rescue,Moderate,2026-09-24 17:05:00
I02705,Z01,North Chennai,13.125815,80.25321,Flooded Road,Moderate,2026-09-24 06:09:00
I02706,Z01,North Chennai,13.129672,80.280766,Flooded Road,Critical,2026-09-24 10:15:00
I02707,Z01,North Chennai,13.154105,80.27474,Shelter Request,High,2026-09-24 01:32:00
I02708,Z05,South-West Chennai,13.041479,80.205002,Shelter Request,Low,2026-09-24 07:24:00
I02709,Z03,Adyar,13.026264,80.280377,Flooded Road,Moderate,2026-09-24 21:39:00
I02710,Z03,Adyar,13.024537,80.236018,Flooded Road,High,2026-09-24 20:03:00
I02711,Z03,Adyar,12.963947,80.258334,Water Rescue,Moderate,2026-09-24 09:22:00
I02712,Z05,South-West Chennai,13.001315,80.182487,Household Evacuation,Moderate,2026-09-24 13:11:00
I02713,Z05,South-West Chennai,12.999659,80.201938,Water Rescue,Moderate,2026-09-24 05:07:00
I02714,Z01,North Chennai,13.088359,80.266602,Household Evacuation,High,2026-09-24 20:32:00
I02715,Z03,Adyar,13.010187,80.266704,Household Evacuation,Critical,2026-09-24 19:05:00
I02716,Z04,Velachery,12.955353,80.195411,Flooded Road,High,2026-09-24 02:01:00
I02717,Z04,Velachery,12.963807,80.217195,Medical Emergency,High,2026-09-24 15:12:00
I02718,Z02,Central Chennai,13.083524,80.27646,Water Rescue,Critical,2026-09-24 00:28:00
I02719,Z05,South-West Chennai,13.034258,80.173983,Household Evacuation,High,2026-09-24 09:31:00
I02720,Z01,North Chennai,13.092326,80.310575,Shelter Request,Moderate,2026-09-24 22:19:00
I02721,Z04,Velachery,12.975476,80.209829,Household Evacuation,High,2026-09-24 16:56:00
I02722,Z01,North Chennai,13.105288,80.315992,Flooded Road,High,2026-09-24 14:10:00
I02723,Z04,Velachery,12.969187,80.198297,Shelter Request,Low,2026-09-24 15:22:00
I02724,Z01,North Chennai,13.091492,80.26709,Flooded Road,Low,2026-09-24 02:59:00
I02725,Z03,Adyar,13.037828,80.258064,Shelter Request,Low,2026-09-24 14:56:00
I02726,Z05,South-West Chennai,12.993577,80.188386,Medical Emergency,Low,2026-09-24 00:13:00
I02727,Z05,South-West Chennai,13.047343,80.171175,Medical Emergency,High,2026-09-24 04:26:00
I02728,Z03,Adyar,13.01202,80.26543,Household Evacuation,High,2026-09-24 22:00:00
I02729,Z01,North Chennai,13.109587,80.292737,Water Rescue,High,2026-09-24 06:24:00
I02730,Z01,North Chennai,13.121338,80.31029,Shelter Request,Moderate,2026-09-24 04:21:00
I02731,Z01,North Chennai,13.111605,80.266208,Household Evacuation,Critical,2026-09-24 22:46:00
I02732,Z03,Adyar,12.992429,80.270377,Flooded Road,Low,2026-09-24 08:52:00
I02733,Z05,South-West Chennai,13.041841,80.166697,Shelter Request,Moderate,2026-09-24 00:10:00
I02734,Z04,Velachery,12.98295,80.192832,Medical Emergency,High,2026-09-24 12:56:00
I02735,Z02,Central Chennai,13.092621,80.261616,Shelter Request,High,2026-09-24 00:43:00
I02736,Z01,North Chennai,13.126755,80.301328,Flooded Road,Critical,2026-09-24 06:22:00
I02737,Z03,Adyar,13.013954,80.23886,Flooded Road,High,2026-09-24 16:56:00
I02738,Z05,South-West Chennai,13.019636,80.164414,Household Evacuation,High,2026-09-24 03:46:00
I02739,Z02,Central Chennai,13.05915,80.269337,Flooded Road,Critical,2026-09-24 05:49:00
I02740,Z01,North Chennai,13.129896,80.30671,Water Rescue,Moderate,2026-09-24 20:07:00
I02741,Z03,Adyar,13.001012,80.224841,Shelter Request,High,2026-09-24 03:05:00
I02742,Z03,Adyar,12.989452,80.267197,Flooded Road,High,2026-09-24 13:02:00
I02743,Z02,Central Chennai,13.095528,80.246923,Medical Emergency,Critical,2026-09-24 14:49:00
I02744,Z04,Velachery,12.972585,80.246913,Flooded Road,Moderate,2026-09-24 12:26:00
I02745,Z03,Adyar,13.020627,80.242971,Household Evacuation,Moderate,2026-09-24 18:45:00
I02746,Z01,North Chennai,13.07631,80.28818,Household Evacuation,Low,2026-09-24 14:03:00
I02747,Z01,North Chennai,13.092066,80.284757,Medical Emergency,Moderate,2026-09-24 13:44:00
I02748,Z02,Central Chennai,13.042135,80.272968,Household Evacuation,Moderate,2026-09-24 00:52:00
I02749,Z05,South-West Chennai,13.040172,80.191168,Flooded Road,Moderate,2026-09-24 10:56:00
I02750,Z03,Adyar,13.004631,80.256239,Household Evacuation,Critical,2026-09-24 20:14:00
I02751,Z03,Adyar,12.990998,80.241859,Water Rescue,Moderate,2026-09-24 21:25:00
I02752,Z04,Velachery,12.971307,80.230257,Household Evacuation,Moderate,2026-09-24 15:56:00
I02753,Z02,Central Chennai,13.065667,80.254691,Flooded Road,Critical,2026-09-24 00:21:00
I02754,Z04,Velachery,12.993804,80.210517,Household Evacuation,Moderate,2026-09-24 13:32:00
I02755,Z04,Velachery,12.977266,80.21756,Household Evacuation,Critical,2026-09-24 09:23:00
I02756,Z02,Central Chennai,13.064577,80.261365,Water Rescue,Low,2026-09-24 05:43:00
I02757,Z02,Central Chennai,13.074933,80.305057,Household Evacuation,High,2026-09-24 00:30:00
I02758,Z02,Central Chennai,13.060598,80.236629,Flooded Road,Moderate,2026-09-24 05:53:00
I02759,Z04,Velachery,12.965334,80.200721,Household Evacuation,Moderate,2026-09-24 19:44:00
I02760,Z02,Central Chennai,13.097441,80.248128,Household Evacuation,High,2026-09-24 04:43:00
I02761,Z01,North Chennai,13.120666,80.282567,Household Evacuation,Critical,2026-09-24 22:25:00
I02762,Z04,Velachery,12.962448,80.241947,Household Evacuation,High,2026-09-24 22:50:00
I02763,Z04,Velachery,12.965343,80.185831,Shelter Request,Critical,2026-09-24 05:54:00
I02764,Z04,Velachery,12.957902,80.23285,Shelter Request,High,2026-09-24 05:01:00
I02765,Z05,South-West Chennai,13.002247,80.190096,Flooded Road,High,2026-09-24 00:38:00
I02766,Z03,Adyar,13.025241,80.303733,Household Evacuation,Critical,2026-09-24 16:08:00
I02767,Z03,Adyar,13.031968,80.277408,Flooded Road,Moderate,2026-09-24 16:04:00
I02768,Z04,Velachery,12.954972,80.223686,Flooded Road,Moderate,2026-09-24 08:38:00
I02769,Z02,Central Chennai,13.079056,80.274335,Medical Emergency,Low,2026-09-24 07:42:00
I02770,Z01,North Chennai,13.135332,80.302853,Water Rescue,Moderate,2026-09-24 09:58:00
I02771,Z04,Velachery,12.996948,80.226092,Flooded Road,High,2026-09-24 21:56:00
I02772,Z02,Central Chennai,13.093803,80.309047,Household Evacuation,Critical,2026-09-24 04:01:00
I02773,Z03,Adyar,13.02327,80.246268,Flooded Road,Critical,2026-09-24 19:59:00
I02774,Z03,Adyar,13.023582,80.258157,Medical Emergency,High,2026-09-24 09:34:00
I02775,Z03,Adyar,13.003414,80.221832,Flooded Road,High,2026-09-24 22:55:00
I02776,Z02,Central Chennai,13.08238,80.266911,Shelter Request,High,2026-09-24 10:28:00
I02777,Z02,Central Chennai,13.060528,80.26038,Water Rescue,High,2026-09-24 13:20:00
I02778,Z04,Velachery,12.998322,80.232185,Water Rescue,Low,2026-09-24 16:58:00
I02779,Z05,South-West Chennai,13.013149,80.17266,Shelter Request,High,2026-09-24 20:35:00
I02780,Z05,South-West Chennai,13.006305,80.206888,Water Rescue,Critical,2026-09-24 13:07:00
I02781,Z03,Adyar,13.001844,80.262818,Medical Emergency,High,2026-09-24 07:09:00
I02782,Z02,Central Chennai,13.081559,80.266872,Shelter Request,High,2026-09-24 10:17:00
I02783,Z05,South-West Chennai,12.994455,80.190157,Water Rescue,High,2026-09-24 19:37:00
I02784,Z03,Adyar,13.008168,80.26892,Flooded Road,Critical,2026-09-24 09:16:00
I02785,Z03,Adyar,13.008766,80.274593,Shelter Request,Moderate,2026-09-24 22:50:00
I02786,Z05,South-West Chennai,13.018948,80.176833,Water Rescue,Low,2026-09-24 17:37:00
I02787,Z05,South-West Chennai,13.040245,80.165893,Flooded Road,High,2026-09-24 11:17:00
I02788,Z02,Central Chennai,13.057489,80.246721,Medical Emergency,Low,2026-09-24 07:26:00
I02789,Z03,Adyar,12.999125,80.285682,Household Evacuation,High,2026-09-24 20:21:00
I02790,Z01,North Chennai,13.106789,80.301306,Medical Emergency,Low,2026-09-24 01:08:00
I02791,Z02,Central Chennai,13.062505,80.27974,Flooded Road,Moderate,2026-09-24 23:30:00
I02792,Z02,Central Chennai,13.041448,80.245869,Household Evacuation,High,2026-09-24 05:18:00
I02793,Z02,Central Chennai,13.112825,80.237527,Flooded Road,Critical,2026-09-24 07:39:00
I02794,Z01,North Chennai,13.090604,80.257034,Household Evacuation,Critical,2026-09-24 06:30:00
I02795,Z05,South-West Chennai,13.045453,80.185569,Household Evacuation,Low,2026-09-24 08:05:00
I02796,Z02,Central Chennai,13.080184,80.288217,Medical Emergency,Critical,2026-09-24 06:40:00
I02797,Z01,North Chennai,13.113601,80.266519,Medical Emergency,Moderate,2026-09-24 20:20:00
I02798,Z05,South-West Chennai,13.011105,80.209897,Household Evacuation,Moderate,2026-09-24 07:03:00
I02799,Z02,Central Chennai,13.068188,80.282868,Shelter Request,Critical,2026-09-24 10:25:00
I02800,Z03,Adyar,12.982701,80.26883,Medical Emergency,Moderate,2026-09-24 09:57:00
I02801,Z03,Adyar,13.023299,80.250124,Shelter Request,Critical,2026-09-24 15:59:00
I02802,Z05,South-West Chennai,13.039369,80.160006,Household Evacuation,Critical,2026-09-24 04:30:00
I02803,Z02,Central Chennai,13.079258,80.246937,Household Evacuation,Critical,2026-09-24 01:41:00
I02804,Z05,South-West Chennai,12.99092,80.147025,Medical Emergency,Low,2026-09-24 03:10:00
I02805,Z04,Velachery,12.981995,80.207182,Household Evacuation,Moderate,2026-09-24 19:17:00
I02806,Z04,Velachery,12.957468,80.227972,Flooded Road,High,2026-09-24 08:17:00
I02807,Z01,North Chennai,13.082718,80.287135,Flooded Road,Moderate,2026-09-24 10:01:00
I02808,Z01,North Chennai,13.121146,80.289271,Flooded Road,High,2026-09-24 19:58:00
I02809,Z01,North Chennai,13.094101,80.321121,Shelter Request,Moderate,2026-09-24 20:21:00
I02810,Z01,North Chennai,13.12011,80.292646,Household Evacuation,High,2026-09-24 16:11:00
I02811,Z01,North Chennai,13.118011,80.294726,Flooded Road,Moderate,2026-09-24 03:42:00
I02812,Z04,Velachery,12.980431,80.197623,Shelter Request,Moderate,2026-09-24 22:59:00
I02813,Z05,South-West Chennai,12.986877,80.209091,Household Evacuation,Moderate,2026-09-24 10:43:00
I02814,Z04,Velachery,13.004955,80.238744,Medical Emergency,High,2026-09-24 09:11:00
I02815,Z01,North Chennai,13.152322,80.317942,Medical Emergency,Moderate,2026-09-24 15:49:00
I02816,Z05,South-West Chennai,13.000302,80.185785,Water Rescue,Moderate,2026-09-24 20:08:00
I02817,Z04,Velachery,12.970122,80.216326,Flooded Road,High,2026-09-24 07:04:00
I02818,Z01,North Chennai,13.112647,80.269015,Shelter Request,High,2026-09-24 17:03:00
I02819,Z05,South-West Chennai,13.045983,80.201657,Medical Emergency,High,2026-09-24 11:11:00
I02820,Z03,Adyar,13.035832,80.273285,Household Evacuation,Moderate,2026-09-24 08:24:00
I02821,Z05,South-West Chennai,13.027962,80.178482,Water Rescue,Critical,2026-09-24 16:33:00
I02822,Z04,Velachery,12.986544,80.259437,Household Evacuation,Critical,2026-09-24 22:04:00
I02823,Z01,North Chennai,13.143891,80.327822,Flooded Road,Low,2026-09-24 20:51:00
I02824,Z02,Central Chennai,13.0794,80.290224,Flooded Road,High,2026-09-24 06:31:00
I02825,Z02,Central Chennai,13.075066,80.26902,Water Rescue,Critical,2026-09-24 16:37:00
I02826,Z04,Velachery,12.958244,80.231695,Household Evacuation,Critical,2026-09-24 05:42:00
I02827,Z02,Central Chennai,13.061295,80.255814,Household Evacuation,Moderate,2026-09-24 20:42:00
I02828,Z05,South-West Chennai,13.021425,80.182722,Flooded Road,High,2026-09-24 19:39:00
I02829,Z02,Central Chennai,13.084216,80.271009,Household Evacuation,Low,2026-09-24 18:37:00
I02830,Z05,South-West Chennai,13.005381,80.173399,Household Evacuation,Moderate,2026-09-24 16:23:00
I02831,Z01,North Chennai,13.115354,80.317437,Flooded Road,High,2026-09-24 20:38:00
I02832,Z05,South-West Chennai,13.010375,80.195009,Shelter Request,High,2026-09-24 13:52:00
I02833,Z01,North Chennai,13.148116,80.262602,Flooded Road,High,2026-09-24 23:40:00
I02834,Z01,North Chennai,13.133367,80.294122,Flooded Road,Low,2026-09-24 20:51:00
I02835,Z01,North Chennai,13.176567,80.284636,Flooded Road,High,2026-09-24 09:11:00
I02836,Z01,North Chennai,13.105626,80.301507,Medical Emergency,Moderate,2026-09-24 23:40:00
I02837,Z02,Central Chennai,13.07472,80.252813,Household Evacuation,High,2026-09-24 20:14:00
I02838,Z01,North Chennai,13.12116,80.272927,Shelter Request,Low,2026-09-24 12:24:00
I02839,Z05,South-West Chennai,13.046019,80.221904,Water Rescue,Critical,2026-09-24 19:55:00
I02840,Z04,Velachery,12.972573,80.218889,Medical Emergency,High,2026-09-24 15:38:00
I02841,Z02,Central Chennai,13.071768,80.270171,Water Rescue,High,2026-09-24 23:13:00
I02842,Z02,Central Chennai,13.042176,80.242775,Shelter Request,Critical,2026-09-24 18:27:00
I02843,Z02,Central Chennai,13.061415,80.248533,Household Evacuation,High,2026-09-24 15:58:00
I02844,Z03,Adyar,12.961731,80.2515,Flooded Road,High,2026-09-24 21:50:00
I02845,Z05,South-West Chennai,13.031512,80.181923,Medical Emergency,High,2026-09-24 06:08:00
I02846,Z04,Velachery,12.982597,80.206605,Flooded Road,High,2026-09-24 00:37:00
I02847,Z04,Velachery,13.00873,80.180251,Shelter Request,Moderate,2026-09-24 04:18:00
I02848,Z05,South-West Chennai,12.999835,80.18155,Flooded Road,Critical,2026-09-24 19:58:00
I02849,Z02,Central Chennai,13.09309,80.271994,Flooded Road,Moderate,2026-09-24 03:46:00
I02850,Z05,South-West Chennai,13.03128,80.169578,Flooded Road,High,2026-09-24 17:12:00
I02851,Z03,Adyar,13.026723,80.245303,Medical Emergency,High,2026-09-24 16:34:00
I02852,Z04,Velachery,12.958198,80.23181,Medical Emergency,Moderate,2026-09-24 14:53:00
I02853,Z01,North Chennai,13.12977,80.286406,Flooded Road,Moderate,2026-09-24 23:49:00
I02854,Z03,Adyar,12.980981,80.263867,Medical Emergency,High,2026-09-24 23:03:00
I02855,Z02,Central Chennai,13.082249,80.247636,Shelter Request,High,2026-09-24 11:48:00
I02856,Z01,North Chennai,13.112122,80.289315,Flooded Road,High,2026-09-24 19:41:00
I02857,Z05,South-West Chennai,13.027356,80.177462,Household Evacuation,Moderate,2026-09-24 14:52:00
I02858,Z02,Central Chennai,13.077296,80.303985,Household Evacuation,Critical,2026-09-24 12:38:00
I02859,Z04,Velachery,13.028766,80.254839,Shelter Request,High,2026-09-24 13:17:00
I02860,Z01,North Chennai,13.137099,80.333974,Household Evacuation,Critical,2026-09-24 05:35:00
I02861,Z05,South-West Chennai,13.011884,80.155967,Flooded Road,Critical,2026-09-24 10:53:00
I02862,Z02,Central Chennai,13.034663,80.296385,Flooded Road,Moderate,2026-09-24 19:12:00
I02863,Z05,South-West Chennai,13.006535,80.19354,Shelter Request,High,2026-09-24 13:33:00
I02864,Z02,Central Chennai,13.049813,80.28056,Household Evacuation,Moderate,2026-09-24 01:33:00
I02865,Z01,North Chennai,13.104719,80.306196,Medical Emergency,Moderate,2026-09-24 21:20:00
I02866,Z04,Velachery,12.972474,80.208167,Water Rescue,Low,2026-09-24 08:35:00
I02867,Z02,Central Chennai,13.068935,80.290204,Shelter Request,Critical,2026-09-24 19:19:00
I02868,Z05,South-West Chennai,13.02233,80.176615,Household Evacuation,High,2026-09-24 19:51:00
I02869,Z03,Adyar,13.020068,80.259633,Shelter Request,High,2026-09-24 00:54:00
I02870,Z02,Central Chennai,13.038827,80.294096,Household Evacuation,Low,2026-09-24 02:08:00
I02871,Z05,South-West Chennai,13.010801,80.203421,Household Evacuation,Low,2026-09-24 19:32:00
I02872,Z03,Adyar,12.981861,80.228575,Medical Emergency,Moderate,2026-09-24 04:19:00
I02873,Z05,South-West Chennai,13.035659,80.175964,Flooded Road,Moderate,2026-09-24 14:07:00
I02874,Z03,Adyar,13.018529,80.272749,Flooded Road,High,2026-09-24 10:49:00
I02875,Z05,South-West Chennai,12.976954,80.163394,Flooded Road,Moderate,2026-09-24 18:25:00
I02876,Z05,South-West Chennai,12.999633,80.149312,Household Evacuation,High,2026-09-24 13:17:00
I02877,Z05,South-West Chennai,13.045596,80.16136,Flooded Road,High,2026-09-24 19:34:00
I02878,Z05,South-West Chennai,13.032028,80.186541,Medical Emergency,Low,2026-09-24 09:56:00
I02879,Z02,Central Chennai,13.07611,80.279775,Flooded Road,Low,2026-09-24 16:30:00
I02880,Z05,South-West Chennai,13.001861,80.167474,Shelter Request,High,2026-09-24 04:24:00
I02881,Z03,Adyar,13.022718,80.235931,Flooded Road,High,2026-09-24 10:04:00
I02882,Z01,North Chennai,13.111434,80.296202,Water Rescue,Moderate,2026-09-24 23:35:00
I02883,Z03,Adyar,13.011499,80.23572,Medical Emergency,Low,2026-09-24 19:18:00
I02884,Z02,Central Chennai,13.07072,80.301933,Household Evacuation,High,2026-09-24 08:14:00
I02885,Z01,North Chennai,13.103591,80.300683,Medical Emergency,High,2026-09-24 08:00:00
I02886,Z02,Central Chennai,13.107001,80.243527,Flooded Road,Moderate,2026-09-24 22:33:00
I02887,Z03,Adyar,13.015224,80.24957,Water Rescue,Moderate,2026-09-24 11:19:00
I02888,Z04,Velachery,12.979091,80.207905,Shelter Request,Low,2026-09-24 12:05:00
I02889,Z05,South-West Chennai,13.033341,80.18386,Flooded Road,High,2026-09-24 04:28:00
I02890,Z03,Adyar,13.010809,80.280459,Medical Emergency,High,2026-09-24 03:36:00
I02891,Z01,North Chennai,13.104491,80.316783,Flooded Road,Moderate,2026-09-24 00:17:00
I02892,Z02,Central Chennai,13.087511,80.221563,Household Evacuation,High,2026-09-24 14:50:00
I02893,Z02,Central Chennai,13.068709,80.237544,Household Evacuation,Critical,2026-09-24 06:25:00
I02894,Z04,Velachery,12.986834,80.163095,Shelter Request,Low,2026-09-24 05:55:00
I02895,Z04,Velachery,12.975937,80.194753,Household Evacuation,Critical,2026-09-24 10:51:00
I02896,Z02,Central Chennai,13.098558,80.277646,Medical Emergency,High,2026-09-24 16:49:00
I02897,Z05,South-West Chennai,13.022536,80.182114,Water Rescue,Critical,2026-09-24 21:50:00
I02898,Z05,South-West Chennai,13.014646,80.169829,Water Rescue,High,2026-09-24 14:22:00
I02899,Z03,Adyar,13.00824,80.250703,Household Evacuation,Moderate,2026-09-24 04:42:00
I02900,Z02,Central Chennai,13.092098,80.230377,Flooded Road,Moderate,2026-09-24 11:56:00
I02901,Z02,Central Chennai,13.108681,80.263591,Water Rescue,Moderate,2026-09-24 13:53:00
I02902,Z01,North Chennai,13.07924,80.270427,Household Evacuation,High,2026-09-24 07:52:00
I02903,Z02,Central Chennai,13.075026,80.314798,Flooded Road,High,2026-09-24 17:53:00
I02904,Z01,North Chennai,13.108182,80.283687,Medical Emergency,High,2026-09-24 20:35:00
I02905,Z03,Adyar,13.02767,80.225632,Shelter Request,High,2026-09-24 15:24:00
I02906,Z05,South-West Chennai,13.041266,80.17294,Flooded Road,Moderate,2026-09-24 07:09:00
I02907,Z05,South-West Chennai,13.005819,80.219509,Household Evacuation,Moderate,2026-09-24 11:19:00
I02908,Z05,South-West Chennai,13.025873,80.154693,Flooded Road,Critical,2026-09-24 14:02:00
I02909,Z04,Velachery,12.985888,80.211729,Flooded Road,Critical,2026-09-24 14:46:00
I02910,Z05,South-West Chennai,13.016943,80.176386,Shelter Request,Moderate,2026-09-24 10:37:00
I02911,Z01,North Chennai,13.126651,80.272976,Water Rescue,Critical,2026-09-24 21:31:00
I02912,Z03,Adyar,13.019629,80.247054,Medical Emergency,Low,2026-09-24 20:37:00
I02913,Z05,South-West Chennai,13.034853,80.17459,Water Rescue,High,2026-09-24 05:27:00
I02914,Z02,Central Chennai,13.086902,80.27749,Water Rescue,High,2026-09-24 20:04:00
I02915,Z05,South-West Chennai,13.046485,80.18684,Household Evacuation,Low,2026-09-24 18:51:00
I02916,Z05,South-West Chennai,13.040549,80.161913,Shelter Request,Moderate,2026-09-24 07:32:00
I02917,Z04,Velachery,12.977345,80.229101,Household Evacuation,Moderate,2026-09-24 04:20:00
I02918,Z02,Central Chennai,13.092853,80.247816,Flooded Road,Moderate,2026-09-24 09:29:00
I02919,Z01,North Chennai,13.098652,80.289219,Shelter Request,Moderate,2026-09-24 18:56:00
I02920,Z01,North Chennai,13.116007,80.275776,Flooded Road,Moderate,2026-09-24 16:54:00
I02921,Z04,Velachery,12.971547,80.201227,Flooded Road,High,2026-09-24 13:20:00
I02922,Z05,South-West Chennai,13.031451,80.166467,Flooded Road,Low,2026-09-24 21:16:00
I02923,Z01,North Chennai,13.124278,80.268857,Medical Emergency,High,2026-09-24 13:11:00
I02924,Z05,South-West Chennai,13.033255,80.169872,Household Evacuation,Moderate,2026-09-24 18:38:00
I02925,Z04,Velachery,12.9895,80.229227,Flooded Road,Moderate,2026-09-24 01:58:00
I02926,Z02,Central Chennai,13.074277,80.291036,Household Evacuation,Moderate,2026-09-24 03:23:00
I02927,Z02,Central Chennai,13.071985,80.248971,Medical Emergency,Low,2026-09-24 23:31:00
I02928,Z03,Adyar,13.033276,80.232815,Flooded Road,Moderate,2026-09-24 17:37:00
I02929,Z05,South-West Chennai,13.072677,80.185943,Flooded Road,Moderate,2026-09-24 02:39:00
I02930,Z01,North Chennai,13.091596,80.273544,Household Evacuation,Low,2026-09-24 06:42:00
I02931,Z04,Velachery,12.977684,80.20699,Shelter Request,Moderate,2026-09-24 14:25:00
I02932,Z02,Central Chennai,13.086618,80.244007,Household Evacuation,Low,2026-09-24 17:51:00
I02933,Z02,Central Chennai,13.038723,80.274897,Flooded Road,High,2026-09-24 15:37:00
I02934,Z01,North Chennai,13.135736,80.279527,Shelter Request,High,2026-09-24 09:19:00
I02935,Z01,North Chennai,13.11478,80.275169,Shelter Request,High,2026-09-24 02:48:00
I02936,Z03,Adyar,13.028803,80.213723,Flooded Road,High,2026-09-24 16:13:00
I02937,Z04,Velachery,12.952876,80.22214,Flooded Road,High,2026-09-24 03:39:00
I02938,Z02,Central Chennai,13.098131,80.268863,Medical Emergency,Critical,2026-09-24 10:09:00
I02939,Z03,Adyar,13.002877,80.221458,Water Rescue,High,2026-09-24 05:29:00
I02940,Z05,South-West Chennai,13.012124,80.180882,Household Evacuation,High,2026-09-24 07:57:00
I02941,Z05,South-West Chennai,13.012496,80.147332,Household Evacuation,High,2026-09-24 23:54:00
I02942,Z01,North Chennai,13.121527,80.24149,Flooded Road,High,2026-09-24 07:54:00
I02943,Z01,North Chennai,13.138322,80.274703,Flooded Road,Moderate,2026-09-24 03:19:00
I02944,Z03,Adyar,12.996803,80.212523,Flooded Road,Moderate,2026-09-24 05:26:00
I02945,Z03,Adyar,13.015306,80.240356,Household Evacuation,Moderate,2026-09-24 09:19:00
I02946,Z05,South-West Chennai,13.04102,80.207916,Household Evacuation,High,2026-09-24 22:51:00
I02947,Z05,South-West Chennai,13.000227,80.182389,Water Rescue,Moderate,2026-09-24 23:01:00
I02948,Z02,Central Chennai,13.066534,80.259295,Flooded Road,High,2026-09-24 09:08:00
I02949,Z01,North Chennai,13.09146,80.299271,Shelter Request,High,2026-09-24 10:13:00
I02950,Z04,Velachery,12.961941,80.190222,Medical Emergency,Critical,2026-09-24 15:49:00
I02951,Z04,Velachery,12.967019,80.245943,Flooded Road,High,2026-09-24 20:49:00
I02952,Z04,Velachery,12.983409,80.201501,Flooded Road,Moderate,2026-09-24 10:46:00
I02953,Z05,South-West Chennai,12.99775,80.154858,Water Rescue,Critical,2026-09-24 19:58:00
I02954,Z02,Central Chennai,13.099906,80.236176,Household Evacuation,Moderate,2026-09-24 02:17:00
I02955,Z05,South-West Chennai,13.021857,80.150832,Flooded Road,High,2026-09-24 04:43:00
I02956,Z01,North Chennai,13.117561,80.281156,Flooded Road,Moderate,2026-09-24 18:40:00
I02957,Z04,Velachery,12.9748,80.202051,Water Rescue,Low,2026-09-24 21:34:00
I02958,Z05,South-West Chennai,13.039931,80.162556,Shelter Request,High,2026-09-24 02:45:00
I02959,Z02,Central Chennai,13.090392,80.29009,Household Evacuation,Moderate,2026-09-24 14:23:00
I02960,Z03,Adyar,12.98066,80.23265,Flooded Road,High,2026-09-24 22:14:00
I02961,Z04,Velachery,12.971785,80.228289,Water Rescue,High,2026-09-24 23:40:00
I02962,Z05,South-West Chennai,13.002269,80.15369,Shelter Request,High,2026-09-24 16:12:00
I02963,Z01,North Chennai,13.126604,80.299747,Shelter Request,High,2026-09-24 11:25:00
I02964,Z04,Velachery,12.98798,80.248743,Shelter Request,Moderate,2026-09-24 01:44:00
I02965,Z05,South-West Chennai,13.036415,80.176838,Medical Emergency,High,2026-09-24 23:45:00
I02966,Z01,North Chennai,13.125715,80.264962,Shelter Request,Critical,2026-09-24 06:28:00
I02967,Z03,Adyar,13.034232,80.229357,Water Rescue,High,2026-09-24 15:48:00
I02968,Z01,North Chennai,13.127632,80.247649,Medical Emergency,Moderate,2026-09-24 07:00:00
I02969,Z05,South-West Chennai,13.010027,80.162951,Household Evacuation,Moderate,2026-09-24 10:31:00
I02970,Z01,North Chennai,13.127131,80.273634,Medical Emergency,Moderate,2026-09-24 23:40:00
I02971,Z02,Central Chennai,13.091226,80.279513,Medical Emergency,High,2026-09-24 23:57:00
I02972,Z01,North Chennai,13.10875,80.269479,Flooded Road,High,2026-09-24 01:07:00
I02973,Z01,North Chennai,13.123293,80.29319,Shelter Request,Low,2026-09-24 04:52:00
I02974,Z02,Central Chennai,13.070874,80.247315,Household Evacuation,Moderate,2026-09-24 15:10:00
I02975,Z05,South-West Chennai,13.034909,80.184374,Shelter Request,Low,2026-09-24 12:36:00
I02976,Z05,South-West Chennai,13.040982,80.178347,Household Evacuation,Moderate,2026-09-24 00:23:00
I02977,Z05,South-West Chennai,13.006656,80.185994,Water Rescue,High,2026-09-24 06:57:00
I02978,Z03,Adyar,13.021574,80.260439,Household Evacuation,High,2026-09-24 11:58:00
I02979,Z03,Adyar,13.014133,80.265524,Flooded Road,High,2026-09-24 12:05:00
I02980,Z03,Adyar,12.96405,80.259443,Flooded Road,High,2026-09-24 17:05:00
I02981,Z01,North Chennai,13.107906,80.321149,Flooded Road,High,2026-09-24 06:09:00
I02982,Z04,Velachery,12.984204,80.198054,Water Rescue,High,2026-09-24 17:53:00
I02983,Z04,Velachery,13.006072,80.18496,Flooded Road,Moderate,2026-09-24 09:06:00
I02984,Z05,South-West Chennai,12.99875,80.150157,Flooded Road,High,2026-09-24 13:36:00
I02985,Z01,North Chennai,13.097051,80.30526,Shelter Request,Moderate,2026-09-24 17:23:00
I02986,Z01,North Chennai,13.124588,80.278241,Medical Emergency,High,2026-09-24 03:39:00
I02987,Z04,Velachery,12.979908,80.221868,Flooded Road,Critical,2026-09-24 07:49:00
I02988,Z05,South-West Chennai,13.013576,80.182421,Household Evacuation,Critical,2026-09-24 00:01:00
I02989,Z03,Adyar,13.006626,80.218485,Flooded Road,Moderate,2026-09-24 07:28:00
I02990,Z05,South-West Chennai,13.017851,80.191529,Flooded Road,High,2026-09-24 21:47:00
I02991,Z01,North Chennai,13.119437,80.272756,Household Evacuation,Critical,2026-09-24 22:27:00
I02992,Z04,Velachery,12.965801,80.198524,Medical Emergency,Critical,2026-09-24 09:06:00
I02993,Z04,Velachery,12.996434,80.207918,Water Rescue,High,2026-09-24 00:52:00
I02994,Z04,Velachery,12.960918,80.198075,Flooded Road,High,2026-09-24 00:54:00
I02995,Z02,Central Chennai,13.107217,80.273543,Medical Emergency,High,2026-09-24 17:59:00
I02996,Z03,Adyar,13.000964,80.225738,Flooded Road,Moderate,2026-09-24 10:10:00
I02997,Z03,Adyar,13.003842,80.281351,Flooded Road,High,2026-09-24 00:45:00
I02998,Z04,Velachery,12.985468,80.213619,Water Rescue,High,2026-09-24 08:00:00
I02999,Z03,Adyar,13.004936,80.256625,Shelter Request,Moderate,2026-09-24 17:25:00
I03000,Z02,Central Chennai,13.07219,80.283753,Shelter Request,Critical,2026-09-24 21:55:00
